# WaveFront *.obj file (generated by Autodesk ATF)

mtllib flipped_3.mtl

g flipped_3

v 0.008711 0.009750 0.038338
v 0.008973 0.009616 0.035666
v 0.008895 0.008838 0.038240
v 0.008895 0.008838 0.038240
v 0.008973 0.009616 0.035666
v 0.009220 0.008431 0.035433
v 0.015875 -0.022266 0.026632
v 0.016289 -0.025535 0.029021
v 0.015708 -0.021801 0.027509
v 0.015708 -0.021801 0.027509
v 0.016289 -0.025535 0.029021
v 0.016031 -0.024753 0.030257
v 0.015708 -0.021801 0.027509
v 0.016031 -0.024753 0.030257
v 0.015522 -0.021190 0.028288
v 0.015522 -0.021190 0.028288
v 0.016031 -0.024753 0.030257
v 0.015749 -0.023793 0.031355
v 0.015522 -0.021190 0.028288
v 0.015749 -0.023793 0.031355
v 0.015324 -0.020455 0.028944
v 0.015324 -0.020455 0.028944
v 0.015749 -0.023793 0.031355
v 0.015453 -0.022679 0.032291
v 0.015324 -0.020455 0.028944
v 0.015453 -0.022679 0.032291
v 0.015117 -0.019615 0.029459
v 0.015117 -0.019615 0.029459
v 0.015453 -0.022679 0.032291
v 0.015149 -0.021434 0.033043
v 0.015117 -0.019615 0.029459
v 0.015149 -0.021434 0.033043
v 0.014910 -0.018699 0.029818
v 0.014910 -0.018699 0.029818
v 0.015149 -0.021434 0.033043
v 0.014843 -0.020089 0.033592
v 0.014910 -0.018699 0.029818
v 0.014843 -0.020089 0.033592
v 0.014708 -0.017732 0.030008
v 0.014708 -0.017732 0.030008
v 0.014843 -0.020089 0.033592
v 0.014542 -0.018673 0.033928
v 0.014708 -0.017732 0.030008
v 0.014542 -0.018673 0.033928
v 0.014518 -0.016744 0.030025
v 0.008148 0.017389 0.028159
v 0.008047 0.017348 0.029387
v 0.007405 0.018682 0.033778
v 0.007405 0.018682 0.033778
v 0.008047 0.017348 0.029387
v 0.007989 0.017099 0.030593
v 0.007405 0.018682 0.033778
v 0.007989 0.017099 0.030593
v 0.007974 0.016647 0.031741
v 0.016017 -0.022573 0.025685
v 0.016568 -0.026134 0.027171
v 0.015875 -0.022266 0.026632
v 0.015875 -0.022266 0.026632
v 0.016568 -0.026134 0.027171
v 0.016442 -0.025915 0.028124
v 0.015875 -0.022266 0.026632
v 0.016442 -0.025915 0.028124
v 0.016289 -0.025535 0.029021
v 0.016711 -0.024768 0.022591
v 0.016752 -0.025350 0.023386
v 0.016213 -0.022679 0.023694
v 0.016213 -0.022679 0.023694
v 0.016752 -0.025350 0.023386
v 0.016757 -0.025788 0.024270
v 0.016213 -0.022679 0.023694
v 0.016757 -0.025788 0.024270
v 0.016131 -0.022712 0.024695
v 0.016131 -0.022712 0.024695
v 0.016757 -0.025788 0.024270
v 0.016728 -0.026070 0.025214
v 0.016131 -0.022712 0.024695
v 0.016728 -0.026070 0.025214
v 0.016017 -0.022573 0.025685
v 0.016017 -0.022573 0.025685
v 0.016728 -0.026070 0.025214
v 0.016664 -0.026186 0.026190
v 0.016017 -0.022573 0.025685
v 0.016664 -0.026186 0.026190
v 0.016568 -0.026134 0.027171
v 0.015458 -0.016370 0.018570
v 0.015364 -0.015152 0.016993
v 0.015649 -0.017358 0.018554
v 0.015649 -0.017358 0.018554
v 0.015364 -0.015152 0.016993
v 0.015776 -0.017427 0.017260
v 0.015649 -0.017358 0.018554
v 0.015776 -0.017427 0.017260
v 0.015822 -0.018336 0.018711
v 0.015822 -0.018336 0.018711
v 0.015776 -0.017427 0.017260
v 0.015968 -0.018508 0.017424
v 0.015822 -0.018336 0.018711
v 0.015968 -0.018508 0.017424
v 0.015973 -0.019275 0.019038
v 0.015973 -0.019275 0.019038
v 0.015968 -0.018508 0.017424
v 0.016139 -0.019552 0.017758
v 0.015973 -0.019275 0.019038
v 0.016139 -0.019552 0.017758
v 0.016096 -0.020147 0.019525
v 0.016096 -0.020147 0.019525
v 0.016139 -0.019552 0.017758
v 0.016283 -0.020536 0.018252
v 0.016096 -0.020147 0.019525
v 0.016283 -0.020536 0.018252
v 0.016190 -0.020925 0.020157
v 0.016190 -0.020925 0.020157
v 0.016283 -0.020536 0.018252
v 0.016398 -0.021433 0.018895
v 0.016190 -0.020925 0.020157
v 0.016398 -0.021433 0.018895
v 0.016250 -0.021585 0.020914
v 0.016250 -0.021585 0.020914
v 0.016398 -0.021433 0.018895
v 0.016481 -0.022223 0.019671
v 0.016250 -0.021585 0.020914
v 0.016481 -0.022223 0.019671
v 0.016274 -0.022107 0.021773
v 0.016274 -0.022107 0.021773
v 0.016481 -0.022223 0.019671
v 0.016711 -0.024768 0.022591
v 0.016274 -0.022107 0.021773
v 0.016711 -0.024768 0.022591
v 0.016262 -0.022476 0.022709
v 0.016262 -0.022476 0.022709
v 0.016711 -0.024768 0.022591
v 0.016213 -0.022679 0.023694
v 0.014644 -0.012911 0.020291
v 0.014458 -0.012301 0.021070
v 0.010523 0.007724 0.022222
v 0.009094 0.018244 0.015606
v 0.008463 0.016841 0.025785
v 0.008289 0.017218 0.026946
v 0.015458 -0.016370 0.018570
v 0.015256 -0.015403 0.018761
v 0.015364 -0.015152 0.016993
v 0.015364 -0.015152 0.016993
v 0.015256 -0.015403 0.018761
v 0.015049 -0.014486 0.019118
v 0.015364 -0.015152 0.016993
v 0.015049 -0.014486 0.019118
v 0.010523 0.007724 0.022222
v 0.010523 0.007724 0.022222
v 0.015049 -0.014486 0.019118
v 0.014843 -0.013647 0.019634
v 0.010523 0.007724 0.022222
v 0.014843 -0.013647 0.019634
v 0.014644 -0.012911 0.020291
v 0.010338 0.008875 0.021821
v 0.010125 0.010074 0.021628
v 0.009094 0.018244 0.015606
v 0.009094 0.018244 0.015606
v 0.010125 0.010074 0.021628
v 0.009892 0.011285 0.021648
v 0.009138 0.014622 0.022952
v 0.008894 0.015523 0.023757
v 0.009094 0.018244 0.015606
v 0.009094 0.018244 0.015606
v 0.008894 0.015523 0.023757
v 0.008667 0.016271 0.024711
v 0.009094 0.018244 0.015606
v 0.008667 0.016271 0.024711
v 0.008463 0.016841 0.025785
v 0.014458 -0.012301 0.021070
v 0.014292 -0.011836 0.021946
v 0.010523 0.007724 0.022222
v 0.010523 0.007724 0.022222
v 0.014292 -0.011836 0.021946
v 0.014149 -0.011529 0.022893
v 0.010523 0.007724 0.022222
v 0.014149 -0.011529 0.022893
v 0.010675 0.006656 0.022819
v 0.010675 0.006656 0.022819
v 0.014149 -0.011529 0.022893
v 0.010789 0.005703 0.023592
v 0.009220 0.008431 0.035433
v 0.009475 0.007307 0.034994
v 0.008895 0.008838 0.038240
v 0.008895 0.008838 0.038240
v 0.009475 0.007307 0.034994
v 0.009727 0.006279 0.034362
v 0.008895 0.008838 0.038240
v 0.009727 0.006279 0.034362
v 0.013977 -0.013177 0.028422
v 0.013977 -0.013177 0.028422
v 0.009727 0.006279 0.034362
v 0.009971 0.005378 0.033557
v 0.013977 -0.013177 0.028422
v 0.009971 0.005378 0.033557
v 0.013917 -0.012517 0.027665
v 0.013977 -0.013177 0.028422
v 0.014069 -0.013954 0.029053
v 0.008895 0.008838 0.038240
v 0.008895 0.008838 0.038240
v 0.014069 -0.013954 0.029053
v 0.014193 -0.014827 0.029540
v 0.008895 0.008838 0.038240
v 0.014193 -0.014827 0.029540
v 0.014542 -0.018673 0.033928
v 0.014542 -0.018673 0.033928
v 0.014193 -0.014827 0.029540
v 0.014344 -0.015766 0.029867
v 0.014542 -0.018673 0.033928
v 0.014344 -0.015766 0.029867
v 0.014518 -0.016744 0.030025
v 0.009892 0.011285 0.021648
v 0.009645 0.012471 0.021882
v 0.009094 0.018244 0.015606
v 0.009094 0.018244 0.015606
v 0.009645 0.012471 0.021882
v 0.009391 0.013593 0.022321
v 0.009094 0.018244 0.015606
v 0.009391 0.013593 0.022321
v 0.009138 0.014622 0.022952
v 0.007974 0.016647 0.031741
v 0.008003 0.016007 0.032794
v 0.007405 0.018682 0.033778
v 0.007405 0.018682 0.033778
v 0.008003 0.016007 0.032794
v 0.008076 0.015198 0.033722
v 0.007405 0.018682 0.033778
v 0.008076 0.015198 0.033722
v 0.007739 0.014965 0.038042
v 0.007739 0.014965 0.038042
v 0.008076 0.015198 0.033722
v 0.008191 0.014246 0.034495
v 0.008191 0.014246 0.034495
v 0.008342 0.013177 0.035092
v 0.007739 0.014965 0.038042
v 0.007739 0.014965 0.038042
v 0.008342 0.013177 0.035092
v 0.008527 0.012026 0.035493
v 0.007739 0.014965 0.038042
v 0.008527 0.012026 0.035493
v 0.008711 0.009750 0.038338
v 0.008711 0.009750 0.038338
v 0.008527 0.012026 0.035493
v 0.008739 0.010827 0.035686
v 0.008711 0.009750 0.038338
v 0.008739 0.010827 0.035686
v 0.008973 0.009616 0.035666
v 0.013917 -0.012517 0.027665
v 0.009971 0.005378 0.033557
v 0.013893 -0.011995 0.026805
v 0.013893 -0.011995 0.026805
v 0.009971 0.005378 0.033557
v 0.010198 0.004631 0.032602
v 0.013893 -0.011995 0.026805
v 0.010198 0.004631 0.032602
v 0.010403 0.004059 0.031529
v 0.010403 0.004059 0.031529
v 0.010577 0.003683 0.030368
v 0.013893 -0.011995 0.026805
v 0.013893 -0.011995 0.026805
v 0.010577 0.003683 0.030368
v 0.010717 0.003513 0.029155
v 0.013893 -0.011995 0.026805
v 0.010717 0.003513 0.029155
v 0.013905 -0.011626 0.025869
v 0.013905 -0.011626 0.025869
v 0.010717 0.003513 0.029155
v 0.010818 0.003553 0.027927
v 0.013905 -0.011626 0.025869
v 0.010818 0.003553 0.027927
v 0.013953 -0.011422 0.024885
v 0.013953 -0.011422 0.024885
v 0.010818 0.003553 0.027927
v 0.010876 0.003802 0.026721
v 0.013953 -0.011422 0.024885
v 0.010876 0.003802 0.026721
v 0.014035 -0.011390 0.023883
v 0.014035 -0.011390 0.023883
v 0.010876 0.003802 0.026721
v 0.010891 0.004254 0.025574
v 0.014035 -0.011390 0.023883
v 0.010891 0.004254 0.025574
v 0.014149 -0.011529 0.022893
v 0.014149 -0.011529 0.022893
v 0.010891 0.004254 0.025574
v 0.010862 0.004894 0.024520
v 0.014149 -0.011529 0.022893
v 0.010862 0.004894 0.024520
v 0.010789 0.005703 0.023592
v 0.014347 0.009032 -0.023891
v 0.014408 0.008604 -0.023653
v 0.009094 0.018244 0.015606
v 0.014538 0.009842 -0.027805
v 0.014456 0.010070 -0.027376
v 0.013476 0.016844 -0.030960
v 0.014759 0.006706 -0.023516
v 0.014861 0.006257 -0.023692
v 0.015030 0.001710 -0.015761
v 0.014929 0.008322 -0.028937
v 0.015058 0.010992 -0.036186
v 0.015028 0.007847 -0.029030
v 0.015028 0.007847 -0.029030
v 0.015058 0.010992 -0.036186
v 0.015121 0.007363 -0.029038
v 0.014267 0.010173 -0.025452
v 0.014261 0.009992 -0.024993
v 0.012544 0.017350 -0.021500
v 0.012544 0.017350 -0.021500
v 0.014261 0.009992 -0.024993
v 0.014272 0.009736 -0.024572
v 0.013462 -0.001760 0.009512
v 0.013585 -0.003131 0.011091
v 0.009094 0.018244 0.015606
v 0.009094 0.018244 0.015606
v 0.013585 -0.003131 0.011091
v 0.013751 -0.004656 0.012503
v 0.009094 0.018244 0.015606
v 0.013751 -0.004656 0.012503
v 0.013967 -0.006362 0.013761
v 0.015030 0.001710 -0.015761
v 0.014861 0.006257 -0.023692
v 0.015441 0.000797 -0.018430
v 0.015441 0.000797 -0.018430
v 0.014861 0.006257 -0.023692
v 0.014962 0.005846 -0.023945
v 0.015441 0.000797 -0.018430
v 0.014962 0.005846 -0.023945
v 0.015657 0.000260 -0.019715
v 0.015657 0.000260 -0.019715
v 0.014962 0.005846 -0.023945
v 0.015060 0.005484 -0.024267
v 0.015657 0.000260 -0.019715
v 0.015060 0.005484 -0.024267
v 0.015150 0.005186 -0.024648
v 0.015398 0.004754 -0.026519
v 0.015422 0.004854 -0.027001
v 0.018295 -0.006497 -0.034931
v 0.014929 0.008322 -0.028937
v 0.014827 0.008771 -0.028761
v 0.015058 0.010992 -0.036186
v 0.015058 0.010992 -0.036186
v 0.014827 0.008771 -0.028761
v 0.014727 0.009183 -0.028508
v 0.015058 0.010992 -0.036186
v 0.014727 0.009183 -0.028508
v 0.013476 0.016844 -0.030960
v 0.013476 0.016844 -0.030960
v 0.014727 0.009183 -0.028508
v 0.014629 0.009543 -0.028186
v 0.013476 0.016844 -0.030960
v 0.014629 0.009543 -0.028186
v 0.014538 0.009842 -0.027805
v 0.015150 0.005186 -0.024648
v 0.015232 0.004957 -0.025078
v 0.015657 0.000260 -0.019715
v 0.015657 0.000260 -0.019715
v 0.015232 0.004957 -0.025078
v 0.015302 0.004807 -0.025542
v 0.015657 0.000260 -0.019715
v 0.015302 0.004807 -0.025542
v 0.018295 -0.006497 -0.034931
v 0.018295 -0.006497 -0.034931
v 0.015302 0.004807 -0.025542
v 0.015358 0.004739 -0.026027
v 0.018295 -0.006497 -0.034931
v 0.015358 0.004739 -0.026027
v 0.015398 0.004754 -0.026519
v 0.015422 0.004854 -0.027001
v 0.015428 0.005035 -0.027460
v 0.018295 -0.006497 -0.034931
v 0.018295 -0.006497 -0.034931
v 0.015428 0.005035 -0.027460
v 0.015416 0.005291 -0.027881
v 0.018295 -0.006497 -0.034931
v 0.015416 0.005291 -0.027881
v 0.015387 0.005615 -0.028253
v 0.015387 0.005615 -0.028253
v 0.015341 0.005996 -0.028561
v 0.018295 -0.006497 -0.034931
v 0.018295 -0.006497 -0.034931
v 0.015341 0.005996 -0.028561
v 0.015280 0.006423 -0.028800
v 0.018295 -0.006497 -0.034931
v 0.015280 0.006423 -0.028800
v 0.015058 0.010992 -0.036186
v 0.015058 0.010992 -0.036186
v 0.015280 0.006423 -0.028800
v 0.015206 0.006884 -0.028960
v 0.015058 0.010992 -0.036186
v 0.015206 0.006884 -0.028960
v 0.015121 0.007363 -0.029038
v 0.015030 0.001710 -0.015761
v 0.014654 0.002400 -0.012998
v 0.014759 0.006706 -0.023516
v 0.014759 0.006706 -0.023516
v 0.014654 0.002400 -0.012998
v 0.014319 0.002857 -0.010202
v 0.014759 0.006706 -0.023516
v 0.014319 0.002857 -0.010202
v 0.014661 0.007180 -0.023423
v 0.014661 0.007180 -0.023423
v 0.014319 0.002857 -0.010202
v 0.014032 0.003080 -0.007426
v 0.014661 0.007180 -0.023423
v 0.014032 0.003080 -0.007426
v 0.013794 0.003073 -0.004717
v 0.014456 0.010070 -0.027376
v 0.014386 0.010221 -0.026911
v 0.013476 0.016844 -0.030960
v 0.013476 0.016844 -0.030960
v 0.014386 0.010221 -0.026911
v 0.014330 0.010289 -0.026426
v 0.013476 0.016844 -0.030960
v 0.014330 0.010289 -0.026426
v 0.012544 0.017350 -0.021500
v 0.012544 0.017350 -0.021500
v 0.014330 0.010289 -0.026426
v 0.014290 0.010273 -0.025934
v 0.012544 0.017350 -0.021500
v 0.014290 0.010273 -0.025934
v 0.014267 0.010173 -0.025452
v 0.014347 0.009032 -0.023891
v 0.009094 0.018244 0.015606
v 0.014302 0.009413 -0.024200
v 0.013362 0.001407 0.003770
v 0.013350 0.000514 0.005852
v 0.009094 0.018244 0.015606
v 0.009094 0.018244 0.015606
v 0.013350 0.000514 0.005852
v 0.013383 -0.000544 0.007766
v 0.009094 0.018244 0.015606
v 0.013383 -0.000544 0.007766
v 0.013462 -0.001760 0.009512
v 0.013967 -0.006362 0.013761
v 0.014226 -0.008210 0.014833
v 0.009094 0.018244 0.015606
v 0.009094 0.018244 0.015606
v 0.014226 -0.008210 0.014833
v 0.014533 -0.010230 0.015729
v 0.009094 0.018244 0.015606
v 0.014533 -0.010230 0.015729
v 0.014892 -0.012433 0.016440
v 0.010523 0.007724 0.022222
v 0.010338 0.008875 0.021821
v 0.015364 -0.015152 0.016993
v 0.015364 -0.015152 0.016993
v 0.010338 0.008875 0.021821
v 0.009094 0.018244 0.015606
v 0.015364 -0.015152 0.016993
v 0.009094 0.018244 0.015606
v 0.015306 -0.014831 0.016956
v 0.015306 -0.014831 0.016956
v 0.009094 0.018244 0.015606
v 0.014892 -0.012433 0.016440
v 0.014408 0.008604 -0.023653
v 0.014482 0.008144 -0.023492
v 0.009094 0.018244 0.015606
v 0.009094 0.018244 0.015606
v 0.014482 0.008144 -0.023492
v 0.014567 0.007664 -0.023415
v 0.009094 0.018244 0.015606
v 0.014567 0.007664 -0.023415
v 0.014661 0.007180 -0.023423
v 0.013794 0.003073 -0.004717
v 0.013607 0.002845 -0.002110
v 0.014661 0.007180 -0.023423
v 0.014661 0.007180 -0.023423
v 0.013607 0.002845 -0.002110
v 0.013472 0.002411 0.000362
v 0.014661 0.007180 -0.023423
v 0.013472 0.002411 0.000362
v 0.009094 0.018244 0.015606
v 0.009094 0.018244 0.015606
v 0.013472 0.002411 0.000362
v 0.013386 0.001775 0.002710
v 0.009094 0.018244 0.015606
v 0.013386 0.001775 0.002710
v 0.013362 0.001407 0.003770
v 0.008618 0.021491 0.013964
v 0.008867 0.020145 0.014062
v 0.009094 0.018244 0.015606
v 0.009094 0.018244 0.015606
v 0.008867 0.020145 0.014062
v 0.009436 0.019835 0.008287
v 0.009031 0.021267 0.009765
v 0.008618 0.021491 0.013964
v 0.007785 0.028001 0.009282
v 0.007785 0.028001 0.009282
v 0.008618 0.021491 0.013964
v 0.006802 0.030451 0.015098
v 0.007785 0.028001 0.009282
v 0.006802 0.030451 0.015098
v 0.007940 0.027917 0.007708
v 0.007940 0.027917 0.007708
v 0.006802 0.030451 0.015098
v 0.008507 0.029527 -0.002192
v 0.007940 0.027917 0.007708
v 0.008507 0.029527 -0.002192
v 0.009436 0.019835 0.008287
v 0.009436 0.019835 0.008287
v 0.008507 0.029527 -0.002192
v 0.010562 0.018425 -0.001396
v 0.009436 0.019835 0.008287
v 0.010562 0.018425 -0.001396
v 0.009094 0.018244 0.015606
v 0.009094 0.018244 0.015606
v 0.010562 0.018425 -0.001396
v 0.012544 0.017350 -0.021500
v 0.009094 0.018244 0.015606
v 0.012544 0.017350 -0.021500
v 0.014302 0.009413 -0.024200
v 0.014302 0.009413 -0.024200
v 0.012544 0.017350 -0.021500
v 0.014272 0.009736 -0.024572
v 0.007722 0.022970 0.020891
v 0.007755 0.022803 0.020890
v 0.008121 0.019750 0.023347
v 0.008077 0.021638 0.019755
v 0.008098 0.021609 0.019580
v 0.008274 0.020910 0.019107
v 0.008274 0.020910 0.019107
v 0.008098 0.021609 0.019580
v 0.008124 0.021555 0.019412
v 0.008274 0.020910 0.019107
v 0.008124 0.021555 0.019412
v 0.008380 0.020756 0.018240
v 0.007923 0.022111 0.020477
v 0.007961 0.021991 0.020305
v 0.007953 0.021949 0.020483
v 0.008355 0.020315 0.019479
v 0.008354 0.020278 0.019565
v 0.008077 0.021638 0.019755
v 0.008342 0.020252 0.019771
v 0.008150 0.020996 0.020330
v 0.008346 0.020252 0.019716
v 0.008346 0.020252 0.019716
v 0.008150 0.020996 0.020330
v 0.008125 0.021131 0.020312
v 0.008346 0.020252 0.019716
v 0.008125 0.021131 0.020312
v 0.008105 0.021248 0.020281
v 0.008289 0.017218 0.026946
v 0.008148 0.017389 0.028159
v 0.009094 0.018244 0.015606
v 0.009094 0.018244 0.015606
v 0.008148 0.017389 0.028159
v 0.007405 0.018682 0.033778
v 0.009094 0.018244 0.015606
v 0.007405 0.018682 0.033778
v 0.008121 0.019750 0.023347
v 0.008121 0.019750 0.023347
v 0.007405 0.018682 0.033778
v 0.007267 0.020214 0.032021
v 0.008105 0.021248 0.020281
v 0.008091 0.021344 0.020239
v 0.008346 0.020252 0.019716
v 0.008346 0.020252 0.019716
v 0.008091 0.021344 0.020239
v 0.008080 0.021423 0.020188
v 0.008346 0.020252 0.019716
v 0.008080 0.021423 0.020188
v 0.008073 0.021486 0.020132
v 0.008380 0.020756 0.018240
v 0.008124 0.021555 0.019412
v 0.007932 0.022700 0.019096
v 0.007932 0.022700 0.019096
v 0.008124 0.021555 0.019412
v 0.007986 0.022256 0.019445
v 0.007932 0.022700 0.019096
v 0.007986 0.022256 0.019445
v 0.007976 0.022265 0.019553
v 0.007941 0.023038 0.018256
v 0.007883 0.023307 0.018338
v 0.006802 0.030451 0.015098
v 0.006802 0.030451 0.015098
v 0.007883 0.023307 0.018338
v 0.007844 0.023471 0.018418
v 0.006802 0.030451 0.015098
v 0.007844 0.023471 0.018418
v 0.007811 0.023602 0.018509
v 0.007617 0.024046 0.019749
v 0.007605 0.024009 0.019965
v 0.006067 0.030850 0.022550
v 0.006067 0.030850 0.022550
v 0.007605 0.024009 0.019965
v 0.007601 0.023947 0.020150
v 0.006067 0.030850 0.022550
v 0.007601 0.023947 0.020150
v 0.007603 0.023860 0.020317
v 0.008274 0.020910 0.019107
v 0.008300 0.020755 0.019145
v 0.008077 0.021638 0.019755
v 0.008077 0.021638 0.019755
v 0.008300 0.020755 0.019145
v 0.008323 0.020611 0.019202
v 0.008077 0.021638 0.019755
v 0.008323 0.020611 0.019202
v 0.008336 0.020513 0.019260
v 0.008073 0.021486 0.020132
v 0.008068 0.021552 0.020054
v 0.008346 0.020252 0.019716
v 0.008346 0.020252 0.019716
v 0.008068 0.021552 0.020054
v 0.008065 0.021591 0.019989
v 0.008346 0.020252 0.019716
v 0.008065 0.021591 0.019989
v 0.008067 0.021616 0.019929
v 0.007834 0.023146 0.019239
v 0.007793 0.023017 0.019988
v 0.007783 0.023084 0.019958
v 0.007793 0.023017 0.019988
v 0.007834 0.023146 0.019239
v 0.007806 0.022938 0.020009
v 0.007806 0.022938 0.020009
v 0.007834 0.023146 0.019239
v 0.007853 0.023072 0.019187
v 0.007806 0.022938 0.020009
v 0.007853 0.023072 0.019187
v 0.007872 0.022991 0.019148
v 0.007811 0.023602 0.018509
v 0.007777 0.023727 0.018632
v 0.006802 0.030451 0.015098
v 0.006802 0.030451 0.015098
v 0.007777 0.023727 0.018632
v 0.007743 0.023834 0.018777
v 0.006802 0.030451 0.015098
v 0.007743 0.023834 0.018777
v 0.007710 0.023927 0.018950
v 0.007755 0.022803 0.020890
v 0.007783 0.022664 0.020864
v 0.007955 0.021811 0.020763
v 0.007955 0.021811 0.020763
v 0.007783 0.022664 0.020864
v 0.007813 0.022529 0.020817
v 0.007955 0.021811 0.020763
v 0.007813 0.022529 0.020817
v 0.007952 0.021885 0.020637
v 0.007952 0.021885 0.020637
v 0.007813 0.022529 0.020817
v 0.007845 0.022396 0.020745
v 0.007952 0.021885 0.020637
v 0.007845 0.022396 0.020745
v 0.007953 0.021949 0.020483
v 0.007953 0.021949 0.020483
v 0.007845 0.022396 0.020745
v 0.007877 0.022273 0.020651
v 0.007953 0.021949 0.020483
v 0.007877 0.022273 0.020651
v 0.007923 0.022111 0.020477
v 0.007955 0.021811 0.020763
v 0.007965 0.021707 0.020886
v 0.007755 0.022803 0.020890
v 0.007755 0.022803 0.020890
v 0.007965 0.021707 0.020886
v 0.007978 0.021589 0.020992
v 0.007755 0.022803 0.020890
v 0.007978 0.021589 0.020992
v 0.008121 0.019750 0.023347
v 0.008121 0.019750 0.023347
v 0.007978 0.021589 0.020992
v 0.007995 0.021461 0.021075
v 0.008121 0.019750 0.023347
v 0.007995 0.021461 0.021075
v 0.008016 0.021316 0.021141
v 0.008016 0.021316 0.021141
v 0.008045 0.021146 0.021189
v 0.008121 0.019750 0.023347
v 0.008121 0.019750 0.023347
v 0.008045 0.021146 0.021189
v 0.008074 0.020986 0.021209
v 0.008121 0.019750 0.023347
v 0.008074 0.020986 0.021209
v 0.008121 0.020737 0.021206
v 0.008336 0.020513 0.019260
v 0.008347 0.020432 0.019326
v 0.008077 0.021638 0.019755
v 0.008077 0.021638 0.019755
v 0.008347 0.020432 0.019326
v 0.008353 0.020362 0.019404
v 0.008077 0.021638 0.019755
v 0.008353 0.020362 0.019404
v 0.008355 0.020315 0.019479
v 0.008303 0.020330 0.020037
v 0.008342 0.020252 0.019771
v 0.008317 0.020291 0.019958
v 0.008317 0.020291 0.019958
v 0.008342 0.020252 0.019771
v 0.008329 0.020266 0.019878
v 0.008342 0.020252 0.019771
v 0.008247 0.020528 0.020234
v 0.008228 0.020614 0.020278
v 0.008354 0.020278 0.019565
v 0.008352 0.020259 0.019637
v 0.008077 0.021638 0.019755
v 0.008077 0.021638 0.019755
v 0.008352 0.020259 0.019637
v 0.008346 0.020252 0.019716
v 0.008077 0.021638 0.019755
v 0.008346 0.020252 0.019716
v 0.008069 0.021631 0.019862
v 0.008069 0.021631 0.019862
v 0.008346 0.020252 0.019716
v 0.008067 0.021616 0.019929
v 0.007976 0.022265 0.019553
v 0.007962 0.022287 0.019659
v 0.007932 0.022700 0.019096
v 0.007932 0.022700 0.019096
v 0.007962 0.022287 0.019659
v 0.007946 0.022322 0.019751
v 0.007932 0.022700 0.019096
v 0.007946 0.022322 0.019751
v 0.007935 0.022357 0.019813
v 0.007935 0.022357 0.019813
v 0.007921 0.022405 0.019871
v 0.007932 0.022700 0.019096
v 0.007932 0.022700 0.019096
v 0.007921 0.022405 0.019871
v 0.007910 0.022441 0.019905
v 0.007932 0.022700 0.019096
v 0.007910 0.022441 0.019905
v 0.007895 0.022502 0.019949
v 0.007872 0.022991 0.019148
v 0.007897 0.022879 0.019116
v 0.007806 0.022938 0.020009
v 0.007806 0.022938 0.020009
v 0.007897 0.022879 0.019116
v 0.007932 0.022700 0.019096
v 0.007806 0.022938 0.020009
v 0.007932 0.022700 0.019096
v 0.007822 0.022847 0.020022
v 0.007822 0.022847 0.020022
v 0.007932 0.022700 0.019096
v 0.007845 0.022730 0.020021
v 0.008618 0.021491 0.013964
v 0.009094 0.018244 0.015606
v 0.006802 0.030451 0.015098
v 0.006802 0.030451 0.015098
v 0.009094 0.018244 0.015606
v 0.007995 0.022783 0.018212
v 0.006802 0.030451 0.015098
v 0.007995 0.022783 0.018212
v 0.007941 0.023038 0.018256
v 0.007710 0.023927 0.018950
v 0.007677 0.024001 0.019164
v 0.006802 0.030451 0.015098
v 0.006802 0.030451 0.015098
v 0.007677 0.024001 0.019164
v 0.007649 0.024042 0.019395
v 0.006802 0.030451 0.015098
v 0.007649 0.024042 0.019395
v 0.006067 0.030850 0.022550
v 0.006067 0.030850 0.022550
v 0.007649 0.024042 0.019395
v 0.007639 0.024050 0.019493
v 0.006067 0.030850 0.022550
v 0.007639 0.024050 0.019493
v 0.007617 0.024046 0.019749
v 0.007603 0.023860 0.020317
v 0.007611 0.023744 0.020476
v 0.006067 0.030850 0.022550
v 0.006067 0.030850 0.022550
v 0.007611 0.023744 0.020476
v 0.007615 0.023700 0.020526
v 0.006067 0.030850 0.022550
v 0.007615 0.023700 0.020526
v 0.007631 0.023549 0.020666
v 0.007631 0.023549 0.020666
v 0.007650 0.023403 0.020762
v 0.006067 0.030850 0.022550
v 0.006067 0.030850 0.022550
v 0.007650 0.023403 0.020762
v 0.007672 0.023258 0.020830
v 0.006067 0.030850 0.022550
v 0.007672 0.023258 0.020830
v 0.008121 0.019750 0.023347
v 0.008121 0.019750 0.023347
v 0.007672 0.023258 0.020830
v 0.007699 0.023101 0.020874
v 0.008121 0.019750 0.023347
v 0.007699 0.023101 0.020874
v 0.007722 0.022970 0.020891
v 0.008303 0.020330 0.020037
v 0.008288 0.020377 0.020104
v 0.008342 0.020252 0.019771
v 0.008342 0.020252 0.019771
v 0.008288 0.020377 0.020104
v 0.008267 0.020453 0.020181
v 0.008342 0.020252 0.019771
v 0.008267 0.020453 0.020181
v 0.008247 0.020528 0.020234
v 0.008228 0.020614 0.020278
v 0.008207 0.020707 0.020310
v 0.008342 0.020252 0.019771
v 0.008342 0.020252 0.019771
v 0.008207 0.020707 0.020310
v 0.008179 0.020841 0.020331
v 0.008342 0.020252 0.019771
v 0.008179 0.020841 0.020331
v 0.008150 0.020996 0.020330
v 0.007786 0.023290 0.019468
v 0.007795 0.023273 0.019414
v 0.007783 0.023084 0.019958
v 0.009094 0.018244 0.015606
v 0.008520 0.019718 0.018911
v 0.008510 0.019852 0.018731
v 0.007932 0.022700 0.019096
v 0.007995 0.022783 0.018212
v 0.008380 0.020756 0.018240
v 0.008380 0.020756 0.018240
v 0.007995 0.022783 0.018212
v 0.009094 0.018244 0.015606
v 0.008380 0.020756 0.018240
v 0.009094 0.018244 0.015606
v 0.008398 0.020652 0.018262
v 0.008398 0.020652 0.018262
v 0.009094 0.018244 0.015606
v 0.008436 0.020423 0.018333
v 0.007895 0.022502 0.019949
v 0.007878 0.022576 0.019985
v 0.007932 0.022700 0.019096
v 0.007932 0.022700 0.019096
v 0.007878 0.022576 0.019985
v 0.007861 0.022650 0.020009
v 0.007932 0.022700 0.019096
v 0.007861 0.022650 0.020009
v 0.007845 0.022730 0.020021
v 0.008504 0.019506 0.019550
v 0.008517 0.019547 0.019307
v 0.009094 0.018244 0.015606
v 0.009094 0.018244 0.015606
v 0.008517 0.019547 0.019307
v 0.008522 0.019613 0.019111
v 0.009094 0.018244 0.015606
v 0.008522 0.019613 0.019111
v 0.008520 0.019718 0.018911
v 0.008510 0.019852 0.018731
v 0.008492 0.020019 0.018570
v 0.009094 0.018244 0.015606
v 0.009094 0.018244 0.015606
v 0.008492 0.020019 0.018570
v 0.008469 0.020205 0.018438
v 0.009094 0.018244 0.015606
v 0.008469 0.020205 0.018438
v 0.008436 0.020423 0.018333
v 0.007769 0.023300 0.019645
v 0.007775 0.023140 0.019922
v 0.007769 0.023193 0.019875
v 0.007769 0.023193 0.019875
v 0.007766 0.023237 0.019819
v 0.007769 0.023300 0.019645
v 0.007769 0.023300 0.019645
v 0.007766 0.023237 0.019819
v 0.007764 0.023267 0.019766
v 0.007769 0.023300 0.019645
v 0.007764 0.023267 0.019766
v 0.007766 0.023289 0.019705
v 0.007775 0.023140 0.019922
v 0.007769 0.023300 0.019645
v 0.007783 0.023084 0.019958
v 0.007783 0.023084 0.019958
v 0.007769 0.023300 0.019645
v 0.007776 0.023302 0.019554
v 0.007783 0.023084 0.019958
v 0.007776 0.023302 0.019554
v 0.007786 0.023290 0.019468
v 0.007795 0.023273 0.019414
v 0.007806 0.023241 0.019348
v 0.007783 0.023084 0.019958
v 0.007783 0.023084 0.019958
v 0.007806 0.023241 0.019348
v 0.007820 0.023197 0.019289
v 0.007783 0.023084 0.019958
v 0.007820 0.023197 0.019289
v 0.007834 0.023146 0.019239
v 0.008121 0.020737 0.021206
v 0.008166 0.020523 0.021167
v 0.008121 0.019750 0.023347
v 0.008121 0.019750 0.023347
v 0.008166 0.020523 0.021167
v 0.008207 0.020341 0.021099
v 0.008121 0.019750 0.023347
v 0.008207 0.020341 0.021099
v 0.008249 0.020167 0.021004
v 0.008375 0.019718 0.020543
v 0.008414 0.019613 0.020331
v 0.008121 0.019750 0.023347
v 0.008121 0.019750 0.023347
v 0.008414 0.019613 0.020331
v 0.008448 0.019544 0.020108
v 0.008121 0.019750 0.023347
v 0.008448 0.019544 0.020108
v 0.009094 0.018244 0.015606
v 0.009094 0.018244 0.015606
v 0.008448 0.019544 0.020108
v 0.008482 0.019502 0.019807
v 0.009094 0.018244 0.015606
v 0.008482 0.019502 0.019807
v 0.008504 0.019506 0.019550
v 0.008249 0.020167 0.021004
v 0.008295 0.019987 0.020866
v 0.008121 0.019750 0.023347
v 0.008121 0.019750 0.023347
v 0.008295 0.019987 0.020866
v 0.008335 0.019849 0.020723
v 0.008121 0.019750 0.023347
v 0.008335 0.019849 0.020723
v 0.008375 0.019718 0.020543
v -0.014375 0.005486 0.020881
v -0.009796 0.003001 -0.025567
v -0.009881 0.003480 -0.025645
v -0.015856 0.024863 -0.004345
v -0.018295 0.026186 0.020397
v -0.013801 0.013762 -0.003548
v -0.013801 0.013762 -0.003548
v -0.018295 0.026186 0.020397
v -0.016241 0.015086 0.021194
v -0.009502 0.001593 -0.025845
v -0.009603 0.002042 -0.025669
v -0.010755 -0.001819 -0.004264
v -0.009976 0.005557 -0.029063
v -0.009906 0.005407 -0.029527
v -0.010886 0.012180 -0.033113
v -0.009535 0.004108 -0.030914
v -0.009433 0.003658 -0.031089
v -0.009304 0.006329 -0.038338
v -0.009304 0.006329 -0.038338
v -0.009433 0.003658 -0.031089
v -0.009334 0.003184 -0.031183
v -0.014963 0.008301 0.021435
v -0.014760 0.007402 0.021085
v -0.013801 0.013762 -0.003548
v -0.013801 0.013762 -0.003548
v -0.014760 0.007402 0.021085
v -0.014562 0.006454 0.020898
v -0.013801 0.013762 -0.003548
v -0.014562 0.006454 0.020898
v -0.014375 0.005486 0.020881
v -0.010060 0.004749 -0.026354
v -0.010090 0.005073 -0.026725
v -0.013801 0.013762 -0.003548
v -0.016038 0.011305 0.027089
v -0.015956 0.011337 0.026107
v -0.016241 0.015086 0.021194
v -0.016241 0.015086 0.021194
v -0.015956 0.011337 0.026107
v -0.015845 0.011201 0.025136
v -0.016241 0.015086 0.021194
v -0.015845 0.011201 0.025136
v -0.015706 0.010900 0.024207
v -0.009021 0.001332 -0.030715
v -0.008976 0.000951 -0.030405
v -0.006067 -0.011161 -0.037083
v -0.010060 0.004749 -0.026354
v -0.013801 0.013762 -0.003548
v -0.010015 0.004368 -0.026044
v -0.009976 0.005557 -0.029063
v -0.010886 0.012180 -0.033113
v -0.010032 0.005625 -0.028578
v -0.009906 0.005407 -0.029527
v -0.009824 0.005179 -0.029957
v -0.010886 0.012180 -0.033113
v -0.010886 0.012180 -0.033113
v -0.009824 0.005179 -0.029957
v -0.009733 0.004880 -0.030339
v -0.010886 0.012180 -0.033113
v -0.009733 0.004880 -0.030339
v -0.009304 0.006329 -0.038338
v -0.009304 0.006329 -0.038338
v -0.009733 0.004880 -0.030339
v -0.009635 0.004518 -0.030661
v -0.009304 0.006329 -0.038338
v -0.009635 0.004518 -0.030661
v -0.009535 0.004108 -0.030914
v -0.009334 0.003184 -0.031183
v -0.009241 0.002700 -0.031191
v -0.009304 0.006329 -0.038338
v -0.009304 0.006329 -0.038338
v -0.009241 0.002700 -0.031191
v -0.009156 0.002220 -0.031114
v -0.009304 0.006329 -0.038338
v -0.009156 0.002220 -0.031114
v -0.006067 -0.011161 -0.037083
v -0.006067 -0.011161 -0.037083
v -0.009156 0.002220 -0.031114
v -0.009082 0.001760 -0.030953
v -0.006067 -0.011161 -0.037083
v -0.009082 0.001760 -0.030953
v -0.009021 0.001332 -0.030715
v -0.008976 0.000951 -0.030405
v -0.008947 0.000628 -0.030033
v -0.006067 -0.011161 -0.037083
v -0.006067 -0.011161 -0.037083
v -0.008947 0.000628 -0.030033
v -0.008935 0.000372 -0.029613
v -0.006067 -0.011161 -0.037083
v -0.008935 0.000372 -0.029613
v -0.008941 0.000191 -0.029154
v -0.008941 0.000191 -0.029154
v -0.008964 0.000091 -0.028671
v -0.006067 -0.011161 -0.037083
v -0.006067 -0.011161 -0.037083
v -0.008964 0.000091 -0.028671
v -0.009004 0.000075 -0.028180
v -0.006067 -0.011161 -0.037083
v -0.009004 0.000075 -0.028180
v -0.008705 -0.004404 -0.021869
v -0.008705 -0.004404 -0.021869
v -0.009004 0.000075 -0.028180
v -0.009061 0.000143 -0.027695
v -0.008705 -0.004404 -0.021869
v -0.009061 0.000143 -0.027695
v -0.009130 0.000294 -0.027230
v -0.009935 -0.019711 0.025219
v -0.009995 -0.019208 0.024811
v -0.015468 0.004175 0.036088
v -0.014375 0.005486 0.020881
v -0.009881 0.003480 -0.025645
v -0.013801 0.013762 -0.003548
v -0.013801 0.013762 -0.003548
v -0.009881 0.003480 -0.025645
v -0.009955 0.003940 -0.025805
v -0.013801 0.013762 -0.003548
v -0.009955 0.003940 -0.025805
v -0.010015 0.004368 -0.026044
v -0.010090 0.005073 -0.026725
v -0.010102 0.005329 -0.027146
v -0.013801 0.013762 -0.003548
v -0.013801 0.013762 -0.003548
v -0.010102 0.005329 -0.027146
v -0.010095 0.005510 -0.027604
v -0.013801 0.013762 -0.003548
v -0.010095 0.005510 -0.027604
v -0.010886 0.012180 -0.033113
v -0.010886 0.012180 -0.033113
v -0.010095 0.005510 -0.027604
v -0.010072 0.005609 -0.028087
v -0.010886 0.012180 -0.033113
v -0.010072 0.005609 -0.028087
v -0.010032 0.005625 -0.028578
v -0.015706 0.010900 0.024207
v -0.015542 0.010443 0.023349
v -0.016241 0.015086 0.021194
v -0.016241 0.015086 0.021194
v -0.015542 0.010443 0.023349
v -0.015360 0.009845 0.022585
v -0.016241 0.015086 0.021194
v -0.015360 0.009845 0.022585
v -0.013801 0.013762 -0.003548
v -0.013801 0.013762 -0.003548
v -0.015360 0.009845 0.022585
v -0.015165 0.009124 0.021941
v -0.013801 0.013762 -0.003548
v -0.015165 0.009124 0.021941
v -0.014963 0.008301 0.021435
v -0.009502 0.001593 -0.025845
v -0.010755 -0.001819 -0.004264
v -0.009400 0.001182 -0.026097
v -0.009400 0.001182 -0.026097
v -0.010755 -0.001819 -0.004264
v -0.010569 -0.001591 -0.006869
v -0.009400 0.001182 -0.026097
v -0.010569 -0.001591 -0.006869
v -0.010331 -0.001584 -0.009578
v -0.009130 0.000294 -0.027230
v -0.009212 0.000521 -0.026801
v -0.008705 -0.004404 -0.021869
v -0.008705 -0.004404 -0.021869
v -0.009212 0.000521 -0.026801
v -0.009303 0.000820 -0.026419
v -0.008705 -0.004404 -0.021869
v -0.009303 0.000820 -0.026419
v -0.008921 -0.003867 -0.020582
v -0.008921 -0.003867 -0.020582
v -0.009303 0.000820 -0.026419
v -0.009400 0.001182 -0.026097
v -0.008921 -0.003867 -0.020582
v -0.009400 0.001182 -0.026097
v -0.009332 -0.002954 -0.017914
v -0.010331 -0.001584 -0.009578
v -0.010042 -0.001806 -0.012354
v -0.009400 0.001182 -0.026097
v -0.009400 0.001182 -0.026097
v -0.010042 -0.001806 -0.012354
v -0.009708 -0.002263 -0.015152
v -0.009400 0.001182 -0.026097
v -0.009708 -0.002263 -0.015152
v -0.009332 -0.002954 -0.017914
v -0.009522 -0.022155 0.025837
v -0.009820 -0.023337 0.031776
v -0.009391 -0.022781 0.025714
v -0.009391 -0.022781 0.025714
v -0.009820 -0.023337 0.031776
v -0.009520 -0.024752 0.031440
v -0.009391 -0.022781 0.025714
v -0.009520 -0.024752 0.031440
v -0.009257 -0.023374 0.025482
v -0.009257 -0.023374 0.025482
v -0.009520 -0.024752 0.031440
v -0.009213 -0.026097 0.030890
v -0.009257 -0.023374 0.025482
v -0.009213 -0.026097 0.030890
v -0.009123 -0.023918 0.025149
v -0.009123 -0.023918 0.025149
v -0.009213 -0.026097 0.030890
v -0.008909 -0.027342 0.030138
v -0.009123 -0.023918 0.025149
v -0.008909 -0.027342 0.030138
v -0.008995 -0.024393 0.024723
v -0.008995 -0.024393 0.024723
v -0.008909 -0.027342 0.030138
v -0.008613 -0.028457 0.029203
v -0.008995 -0.024393 0.024723
v -0.008613 -0.028457 0.029203
v -0.008875 -0.024788 0.024220
v -0.009522 -0.022155 0.025837
v -0.009645 -0.021517 0.025848
v -0.009820 -0.023337 0.031776
v -0.009820 -0.023337 0.031776
v -0.009645 -0.021517 0.025848
v -0.009757 -0.020883 0.025746
v -0.009820 -0.023337 0.031776
v -0.009757 -0.020883 0.025746
v -0.015468 0.004175 0.036088
v -0.015468 0.004175 0.036088
v -0.009757 -0.020883 0.025746
v -0.009855 -0.020275 0.025535
v -0.015468 0.004175 0.036088
v -0.009855 -0.020275 0.025535
v -0.009935 -0.019711 0.025219
v -0.009796 0.003001 -0.025567
v -0.014375 0.005486 0.020881
v -0.009702 0.002517 -0.025575
v -0.009702 0.002517 -0.025575
v -0.014375 0.005486 0.020881
v -0.014205 0.004527 0.021036
v -0.009702 0.002517 -0.025575
v -0.014205 0.004527 0.021036
v -0.014057 0.003606 0.021356
v -0.014057 0.003606 0.021356
v -0.013936 0.002751 0.021834
v -0.009702 0.002517 -0.025575
v -0.009702 0.002517 -0.025575
v -0.013936 0.002751 0.021834
v -0.013845 0.001989 0.022452
v -0.009702 0.002517 -0.025575
v -0.013845 0.001989 0.022452
v -0.013787 0.001342 0.023195
v -0.013787 0.001342 0.023195
v -0.013763 0.000830 0.024038
v -0.009702 0.002517 -0.025575
v -0.009702 0.002517 -0.025575
v -0.013763 0.000830 0.024038
v -0.013775 0.000468 0.024956
v -0.009702 0.002517 -0.025575
v -0.013775 0.000468 0.024956
v -0.013821 0.000269 0.025920
v -0.009056 -0.019494 0.014803
v -0.009036 -0.021274 0.018436
v -0.008586 -0.022091 0.015107
v -0.008586 -0.022091 0.015107
v -0.009036 -0.021274 0.018436
v -0.008913 -0.021913 0.018425
v -0.008586 -0.022091 0.015107
v -0.008913 -0.021913 0.018425
v -0.008394 -0.023171 0.015272
v -0.008394 -0.023171 0.015272
v -0.008913 -0.021913 0.018425
v -0.008801 -0.022546 0.018528
v -0.008394 -0.023171 0.015272
v -0.008801 -0.022546 0.018528
v -0.008223 -0.024216 0.015606
v -0.008223 -0.024216 0.015606
v -0.008801 -0.022546 0.018528
v -0.008703 -0.023155 0.018739
v -0.008223 -0.024216 0.015606
v -0.008703 -0.023155 0.018739
v -0.008079 -0.025199 0.016099
v -0.008079 -0.025199 0.016099
v -0.008703 -0.023155 0.018739
v -0.008623 -0.023718 0.019054
v -0.008079 -0.025199 0.016099
v -0.008623 -0.023718 0.019054
v -0.007963 -0.026097 0.016743
v -0.007963 -0.026097 0.016743
v -0.008623 -0.023718 0.019054
v -0.008563 -0.024221 0.019462
v -0.007963 -0.026097 0.016743
v -0.008563 -0.024221 0.019462
v -0.007881 -0.026886 0.017518
v -0.007881 -0.026886 0.017518
v -0.008563 -0.024221 0.019462
v -0.008525 -0.024648 0.019953
v -0.007881 -0.026886 0.017518
v -0.008525 -0.024648 0.019953
v -0.007652 -0.029432 0.020439
v -0.008525 -0.024648 0.019953
v -0.008508 -0.024986 0.020509
v -0.007652 -0.029432 0.020439
v -0.007652 -0.029432 0.020439
v -0.008508 -0.024986 0.020509
v -0.008517 -0.025224 0.021114
v -0.007652 -0.029432 0.020439
v -0.008517 -0.025224 0.021114
v -0.007610 -0.030014 0.021234
v -0.007610 -0.030014 0.021234
v -0.008517 -0.025224 0.021114
v -0.008548 -0.025357 0.021751
v -0.007610 -0.030014 0.021234
v -0.008548 -0.025357 0.021751
v -0.007605 -0.030452 0.022117
v -0.007605 -0.030452 0.022117
v -0.008548 -0.025357 0.021751
v -0.008601 -0.025378 0.022400
v -0.008613 -0.028457 0.029203
v -0.008331 -0.029417 0.028104
v -0.008875 -0.024788 0.024220
v -0.008875 -0.024788 0.024220
v -0.008331 -0.029417 0.028104
v -0.008072 -0.030199 0.026869
v -0.008875 -0.024788 0.024220
v -0.008072 -0.030199 0.026869
v -0.008767 -0.025089 0.023653
v -0.015468 0.004175 0.036088
v -0.014897 0.003273 0.031573
v -0.015099 0.004171 0.031925
v -0.015803 0.007968 0.031653
v -0.015924 0.008823 0.031175
v -0.016623 0.010301 0.035890
v -0.016623 0.010301 0.035890
v -0.015924 0.008823 0.031175
v -0.016015 0.009585 0.030556
v -0.016623 0.010301 0.035890
v -0.016015 0.009585 0.030556
v -0.017095 0.015550 0.029868
v -0.008072 -0.030199 0.026869
v -0.007921 -0.030579 0.025971
v -0.008767 -0.025089 0.023653
v -0.008767 -0.025089 0.023653
v -0.007921 -0.030579 0.025971
v -0.007795 -0.030799 0.025019
v -0.008767 -0.025089 0.023653
v -0.007795 -0.030799 0.025019
v -0.008675 -0.025287 0.023040
v -0.008675 -0.025287 0.023040
v -0.007795 -0.030799 0.025019
v -0.007699 -0.030850 0.024039
v -0.008675 -0.025287 0.023040
v -0.007699 -0.030850 0.024039
v -0.008601 -0.025378 0.022400
v -0.008601 -0.025378 0.022400
v -0.007699 -0.030850 0.024039
v -0.007634 -0.030734 0.023061
v -0.008601 -0.025378 0.022400
v -0.007634 -0.030734 0.023061
v -0.007605 -0.030452 0.022117
v -0.015468 0.004175 0.036088
v -0.015099 0.004171 0.031925
v -0.015651 0.005087 0.036186
v -0.010778 -0.007795 0.008938
v -0.010900 -0.006424 0.007360
v -0.013821 0.000269 0.025920
v -0.013821 0.000269 0.025920
v -0.010900 -0.006424 0.007360
v -0.010979 -0.005207 0.005614
v -0.016015 0.009585 0.030556
v -0.016073 0.010233 0.029814
v -0.017095 0.015550 0.029868
v -0.017095 0.015550 0.029868
v -0.016073 0.010233 0.029814
v -0.016096 0.010744 0.028972
v -0.017095 0.015550 0.029868
v -0.016096 0.010744 0.028972
v -0.016241 0.015086 0.021194
v -0.016241 0.015086 0.021194
v -0.016096 0.010744 0.028972
v -0.016085 0.011105 0.028054
v -0.016241 0.015086 0.021194
v -0.016085 0.011105 0.028054
v -0.016038 0.011305 0.027089
v -0.010136 -0.012874 0.012680
v -0.009563 -0.019036 0.019550
v -0.009828 -0.014894 0.013576
v -0.009828 -0.014894 0.013576
v -0.009563 -0.019036 0.019550
v -0.009435 -0.019512 0.019125
v -0.009828 -0.014894 0.013576
v -0.009435 -0.019512 0.019125
v -0.009470 -0.017097 0.014288
v -0.009470 -0.017097 0.014288
v -0.009435 -0.019512 0.019125
v -0.009302 -0.020055 0.018791
v -0.009470 -0.017097 0.014288
v -0.009302 -0.020055 0.018791
v -0.009056 -0.019494 0.014803
v -0.009056 -0.019494 0.014803
v -0.009302 -0.020055 0.018791
v -0.009167 -0.020649 0.018559
v -0.009056 -0.019494 0.014803
v -0.009167 -0.020649 0.018559
v -0.009036 -0.021274 0.018436
v -0.015099 0.004171 0.031925
v -0.015298 0.005119 0.032112
v -0.015651 0.005087 0.036186
v -0.015651 0.005087 0.036186
v -0.015298 0.005119 0.032112
v -0.015484 0.006088 0.032128
v -0.015651 0.005087 0.036186
v -0.015484 0.006088 0.032128
v -0.016623 0.010301 0.035890
v -0.016623 0.010301 0.035890
v -0.015484 0.006088 0.032128
v -0.015654 0.007047 0.031973
v -0.016623 0.010301 0.035890
v -0.015654 0.007047 0.031973
v -0.015803 0.007968 0.031653
v -0.010136 -0.012874 0.012680
v -0.010396 -0.011025 0.011609
v -0.009563 -0.019036 0.019550
v -0.009563 -0.019036 0.019550
v -0.010396 -0.011025 0.011609
v -0.010611 -0.009320 0.010350
v -0.009563 -0.019036 0.019550
v -0.010611 -0.009320 0.010350
v -0.009683 -0.018642 0.020053
v -0.009683 -0.018642 0.020053
v -0.010611 -0.009320 0.010350
v -0.010778 -0.007795 0.008938
v -0.009683 -0.018642 0.020053
v -0.010778 -0.007795 0.008938
v -0.009791 -0.018341 0.020621
v -0.009791 -0.018341 0.020621
v -0.010778 -0.007795 0.008938
v -0.013821 0.000269 0.025920
v -0.009791 -0.018341 0.020621
v -0.013821 0.000269 0.025920
v -0.009883 -0.018141 0.021233
v -0.009883 -0.018141 0.021233
v -0.013821 0.000269 0.025920
v -0.009957 -0.018052 0.021874
v -0.010034 -0.018781 0.024321
v -0.010049 -0.018443 0.023765
v -0.013902 0.000237 0.026903
v -0.013902 0.000237 0.026903
v -0.010049 -0.018443 0.023765
v -0.010042 -0.018204 0.023159
v -0.013902 0.000237 0.026903
v -0.010042 -0.018204 0.023159
v -0.013821 0.000269 0.025920
v -0.013821 0.000269 0.025920
v -0.010042 -0.018204 0.023159
v -0.010011 -0.018073 0.022523
v -0.013821 0.000269 0.025920
v -0.010011 -0.018073 0.022523
v -0.009957 -0.018052 0.021874
v -0.010034 -0.018781 0.024321
v -0.013902 0.000237 0.026903
v -0.009995 -0.019208 0.024811
v -0.009995 -0.019208 0.024811
v -0.013902 0.000237 0.026903
v -0.014015 0.000373 0.027873
v -0.009995 -0.019208 0.024811
v -0.014015 0.000373 0.027873
v -0.014154 0.000674 0.028802
v -0.014154 0.000674 0.028802
v -0.014317 0.001130 0.029661
v -0.009995 -0.019208 0.024811
v -0.009995 -0.019208 0.024811
v -0.014317 0.001130 0.029661
v -0.014499 0.001728 0.030425
v -0.009995 -0.019208 0.024811
v -0.014499 0.001728 0.030425
v -0.015468 0.004175 0.036088
v -0.015468 0.004175 0.036088
v -0.014499 0.001728 0.030425
v -0.014694 0.002450 0.031068
v -0.015468 0.004175 0.036088
v -0.014694 0.002450 0.031068
v -0.014897 0.003273 0.031573
v -0.010979 -0.005207 0.005614
v -0.011012 -0.004150 0.003699
v -0.013821 0.000269 0.025920
v -0.013821 0.000269 0.025920
v -0.011012 -0.004150 0.003699
v -0.010999 -0.003257 0.001618
v -0.013821 0.000269 0.025920
v -0.010999 -0.003257 0.001618
v -0.010976 -0.002888 0.000558
v -0.009603 0.002042 -0.025669
v -0.009702 0.002517 -0.025575
v -0.010755 -0.001819 -0.004264
v -0.010755 -0.001819 -0.004264
v -0.009702 0.002517 -0.025575
v -0.013821 0.000269 0.025920
v -0.010755 -0.001819 -0.004264
v -0.013821 0.000269 0.025920
v -0.010891 -0.002253 -0.001790
v -0.010891 -0.002253 -0.001790
v -0.013821 0.000269 0.025920
v -0.010976 -0.002888 0.000558
v 0.008711 0.009750 0.038338
v 0.008895 0.008838 0.038240
v -0.015651 0.005087 0.036186
v -0.015651 0.005087 0.036186
v 0.008895 0.008838 0.038240
v -0.015468 0.004175 0.036088
v -0.002366 0.009591 0.033147
v -0.015484 0.006088 0.032128
v -0.002195 0.008632 0.033302
v -0.002195 0.008632 0.033302
v -0.015484 0.006088 0.032128
v -0.015298 0.005119 0.032112
v -0.002195 0.008632 0.033302
v -0.015298 0.005119 0.032112
v -0.002009 0.007664 0.033286
v -0.002009 0.007664 0.033286
v -0.015298 0.005119 0.032112
v -0.015099 0.004171 0.031925
v -0.002009 0.007664 0.033286
v -0.015099 0.004171 0.031925
v -0.001811 0.006715 0.033099
v -0.001811 0.006715 0.033099
v -0.015099 0.004171 0.031925
v -0.014897 0.003273 0.031573
v -0.001811 0.006715 0.033099
v -0.014897 0.003273 0.031573
v -0.001607 0.005816 0.032747
v -0.001607 0.005816 0.032747
v -0.014897 0.003273 0.031573
v -0.014694 0.002450 0.031068
v -0.001607 0.005816 0.032747
v -0.014694 0.002450 0.031068
v -0.001406 0.004994 0.032242
v -0.001406 0.004994 0.032242
v -0.014694 0.002450 0.031068
v -0.014499 0.001728 0.030425
v -0.001406 0.004994 0.032242
v -0.014499 0.001728 0.030425
v -0.001210 0.004273 0.031599
v -0.001210 0.004273 0.031599
v -0.014499 0.001728 0.030425
v -0.014317 0.001130 0.029661
v -0.001210 0.004273 0.031599
v -0.014317 0.001130 0.029661
v -0.001029 0.003674 0.030835
v -0.001029 0.003674 0.030835
v -0.014317 0.001130 0.029661
v -0.014154 0.000674 0.028802
v -0.001029 0.003674 0.030835
v -0.014154 0.000674 0.028802
v -0.000865 0.003219 0.029977
v -0.000865 0.003219 0.029977
v -0.014154 0.000674 0.028802
v -0.014015 0.000373 0.027873
v -0.000865 0.003219 0.029977
v -0.014015 0.000373 0.027873
v -0.000726 0.002917 0.029047
v -0.000726 0.002917 0.029047
v -0.014015 0.000373 0.027873
v -0.013902 0.000237 0.026903
v -0.000726 0.002917 0.029047
v -0.013902 0.000237 0.026903
v -0.000614 0.002780 0.028077
v -0.000614 0.002780 0.028077
v -0.013902 0.000237 0.026903
v -0.013821 0.000269 0.025920
v -0.000614 0.002780 0.028077
v -0.013821 0.000269 0.025920
v -0.000533 0.002813 0.027094
v -0.000533 0.002813 0.027094
v -0.013821 0.000269 0.025920
v -0.013775 0.000468 0.024956
v -0.000533 0.002813 0.027094
v -0.013775 0.000468 0.024956
v -0.000486 0.003012 0.026130
v -0.000486 0.003012 0.026130
v -0.013775 0.000468 0.024956
v -0.013763 0.000830 0.024038
v -0.000486 0.003012 0.026130
v -0.013763 0.000830 0.024038
v -0.000475 0.003373 0.025212
v -0.000475 0.003373 0.025212
v -0.013763 0.000830 0.024038
v -0.013787 0.001342 0.023195
v -0.000475 0.003373 0.025212
v -0.013787 0.001342 0.023195
v -0.000498 0.003886 0.024369
v -0.000498 0.003886 0.024369
v -0.013787 0.001342 0.023195
v -0.013845 0.001989 0.022452
v -0.000498 0.003886 0.024369
v -0.013845 0.001989 0.022452
v -0.000556 0.004532 0.023627
v -0.000556 0.004532 0.023627
v -0.013845 0.001989 0.022452
v -0.013936 0.002751 0.021834
v -0.000556 0.004532 0.023627
v -0.013936 0.002751 0.021834
v -0.000647 0.005295 0.023008
v -0.000647 0.005295 0.023008
v -0.013936 0.002751 0.021834
v -0.014057 0.003606 0.021356
v -0.000647 0.005295 0.023008
v -0.014057 0.003606 0.021356
v -0.000769 0.006149 0.022531
v -0.000769 0.006149 0.022531
v -0.014057 0.003606 0.021356
v -0.014205 0.004527 0.021036
v -0.000769 0.006149 0.022531
v -0.014205 0.004527 0.021036
v -0.000916 0.007071 0.022210
v -0.000916 0.007071 0.022210
v -0.014205 0.004527 0.021036
v -0.014375 0.005486 0.020881
v -0.000916 0.007071 0.022210
v -0.014375 0.005486 0.020881
v -0.001087 0.008030 0.022056
v -0.001087 0.008030 0.022056
v -0.014375 0.005486 0.020881
v -0.014562 0.006454 0.020898
v -0.001087 0.008030 0.022056
v -0.014562 0.006454 0.020898
v -0.001273 0.008998 0.022072
v -0.001273 0.008998 0.022072
v -0.014562 0.006454 0.020898
v -0.014760 0.007402 0.021085
v -0.001273 0.008998 0.022072
v -0.014760 0.007402 0.021085
v -0.001471 0.009946 0.022258
v -0.001471 0.009946 0.022258
v -0.014760 0.007402 0.021085
v -0.014963 0.008301 0.021435
v -0.001471 0.009946 0.022258
v -0.014963 0.008301 0.021435
v -0.001675 0.010846 0.022610
v -0.001675 0.010846 0.022610
v -0.014963 0.008301 0.021435
v -0.015165 0.009124 0.021941
v -0.001675 0.010846 0.022610
v -0.015165 0.009124 0.021941
v -0.001877 0.011668 0.023115
v -0.001877 0.011668 0.023115
v -0.015165 0.009124 0.021941
v -0.015360 0.009845 0.022585
v -0.001877 0.011668 0.023115
v -0.015360 0.009845 0.022585
v -0.002071 0.012389 0.023759
v -0.002071 0.012389 0.023759
v -0.015360 0.009845 0.022585
v -0.015542 0.010443 0.023349
v -0.002071 0.012389 0.023759
v -0.015542 0.010443 0.023349
v -0.002254 0.012987 0.024522
v -0.002254 0.012987 0.024522
v -0.015542 0.010443 0.023349
v -0.015706 0.010900 0.024207
v -0.002254 0.012987 0.024522
v -0.015706 0.010900 0.024207
v -0.002416 0.013443 0.025381
v -0.002416 0.013443 0.025381
v -0.015706 0.010900 0.024207
v -0.015845 0.011201 0.025136
v -0.002416 0.013443 0.025381
v -0.015845 0.011201 0.025136
v -0.002556 0.013744 0.026310
v -0.002556 0.013744 0.026310
v -0.015845 0.011201 0.025136
v -0.015956 0.011337 0.026107
v -0.002556 0.013744 0.026310
v -0.015956 0.011337 0.026107
v -0.002668 0.013881 0.027280
v -0.002668 0.013881 0.027280
v -0.015956 0.011337 0.026107
v -0.016038 0.011305 0.027089
v -0.002668 0.013881 0.027280
v -0.016038 0.011305 0.027089
v -0.002749 0.013849 0.028263
v -0.002749 0.013849 0.028263
v -0.016038 0.011305 0.027089
v -0.016085 0.011105 0.028054
v -0.002749 0.013849 0.028263
v -0.016085 0.011105 0.028054
v -0.002796 0.013649 0.029228
v -0.002796 0.013649 0.029228
v -0.016085 0.011105 0.028054
v -0.016096 0.010744 0.028972
v -0.002796 0.013649 0.029228
v -0.016096 0.010744 0.028972
v -0.002808 0.013287 0.030145
v -0.002808 0.013287 0.030145
v -0.016096 0.010744 0.028972
v -0.016073 0.010233 0.029814
v -0.002808 0.013287 0.030145
v -0.016073 0.010233 0.029814
v -0.002785 0.012776 0.030988
v -0.002785 0.012776 0.030988
v -0.016073 0.010233 0.029814
v -0.016015 0.009585 0.030556
v -0.002785 0.012776 0.030988
v -0.016015 0.009585 0.030556
v -0.002726 0.012129 0.031730
v -0.002726 0.012129 0.031730
v -0.016015 0.009585 0.030556
v -0.015924 0.008823 0.031175
v -0.002726 0.012129 0.031730
v -0.015924 0.008823 0.031175
v -0.002635 0.011367 0.032349
v -0.002635 0.011367 0.032349
v -0.015924 0.008823 0.031175
v -0.015803 0.007968 0.031653
v -0.002635 0.011367 0.032349
v -0.015803 0.007968 0.031653
v -0.002514 0.010512 0.032826
v -0.002514 0.010512 0.032826
v -0.015803 0.007968 0.031653
v -0.015654 0.007047 0.031973
v -0.002514 0.010512 0.032826
v -0.015654 0.007047 0.031973
v -0.002366 0.009591 0.033147
v -0.002366 0.009591 0.033147
v -0.015654 0.007047 0.031973
v -0.015484 0.006088 0.032128
v 0.000925 0.015533 -0.016855
v 0.001911 0.015699 -0.017081
v 0.010562 0.018425 -0.001396
v -0.003828 0.014527 -0.018610
v -0.013801 0.013762 -0.003548
v -0.004941 0.014232 -0.019843
v -0.004941 0.014232 -0.019843
v -0.013801 0.013762 -0.003548
v -0.005003 0.014216 -0.019911
v -0.003828 0.014527 -0.018610
v -0.002718 0.014795 -0.017733
v -0.013801 0.013762 -0.003548
v -0.013801 0.013762 -0.003548
v -0.002718 0.014795 -0.017733
v -0.002657 0.014809 -0.017700
v -0.013801 0.013762 -0.003548
v -0.002657 0.014809 -0.017700
v -0.001749 0.015011 -0.017216
v 0.001911 0.015699 -0.017081
v 0.002378 0.015771 -0.017279
v 0.010562 0.018425 -0.001396
v 0.010562 0.018425 -0.001396
v 0.002378 0.015771 -0.017279
v 0.003057 0.015876 -0.017566
v 0.010562 0.018425 -0.001396
v 0.003057 0.015876 -0.017566
v 0.004460 0.016071 -0.018477
v -0.007176 0.013554 -0.023533
v -0.007016 0.013605 -0.023232
v -0.013801 0.013762 -0.003548
v -0.013801 0.013762 -0.003548
v -0.007016 0.013605 -0.023232
v -0.006121 0.013891 -0.021555
v -0.013801 0.013762 -0.003548
v -0.006121 0.013891 -0.021555
v -0.005003 0.014216 -0.019911
v 0.004460 0.016071 -0.018477
v 0.005041 0.016141 -0.018994
v 0.010562 0.018425 -0.001396
v 0.010562 0.018425 -0.001396
v 0.005041 0.016141 -0.018994
v 0.005876 0.016242 -0.019737
v 0.010562 0.018425 -0.001396
v 0.005876 0.016242 -0.019737
v 0.012544 0.017350 -0.021500
v 0.012544 0.017350 -0.021500
v 0.005876 0.016242 -0.019737
v 0.007299 0.016390 -0.021340
v -0.009078 0.012849 -0.028455
v -0.008848 0.012938 -0.027798
v -0.013801 0.013762 -0.003548
v -0.013801 0.013762 -0.003548
v -0.008848 0.012938 -0.027798
v -0.008163 0.013206 -0.025836
v -0.013801 0.013762 -0.003548
v -0.008163 0.013206 -0.025836
v -0.007176 0.013554 -0.023533
v -0.001749 0.015011 -0.017216
v -0.000854 0.015198 -0.016929
v -0.013801 0.013762 -0.003548
v -0.013801 0.013762 -0.003548
v -0.000854 0.015198 -0.016929
v -0.000203 0.015324 -0.016843
v -0.013801 0.013762 -0.003548
v -0.000203 0.015324 -0.016843
v 0.010562 0.018425 -0.001396
v 0.010562 0.018425 -0.001396
v -0.000203 0.015324 -0.016843
v 0.000021 0.015368 -0.016813
v 0.010562 0.018425 -0.001396
v 0.000021 0.015368 -0.016813
v 0.000925 0.015533 -0.016855
v 0.007299 0.016390 -0.021340
v 0.007741 0.016429 -0.021942
v 0.012544 0.017350 -0.021500
v 0.012544 0.017350 -0.021500
v 0.007741 0.016429 -0.021942
v 0.008721 0.016514 -0.023278
v 0.012544 0.017350 -0.021500
v 0.008721 0.016514 -0.023278
v 0.010137 0.016614 -0.025543
v -0.010886 0.012180 -0.033113
v -0.010332 0.012286 -0.033064
v -0.013801 0.013762 -0.003548
v -0.013801 0.013762 -0.003548
v -0.010332 0.012286 -0.033064
v -0.009915 0.012484 -0.031376
v -0.013801 0.013762 -0.003548
v -0.009915 0.012484 -0.031376
v -0.009078 0.012849 -0.028455
v 0.012923 0.016738 -0.031009
v 0.013476 0.016844 -0.030960
v 0.011540 0.016689 -0.028124
v 0.011540 0.016689 -0.028124
v 0.013476 0.016844 -0.030960
v 0.012544 0.017350 -0.021500
v 0.011540 0.016689 -0.028124
v 0.012544 0.017350 -0.021500
v 0.010434 0.016631 -0.026090
v 0.010434 0.016631 -0.026090
v 0.012544 0.017350 -0.021500
v 0.010137 0.016614 -0.025543
v 0.009542 0.012209 -0.034691
v 0.008046 0.010968 -0.035656
v 0.015058 0.010992 -0.036186
v 0.009542 0.012209 -0.034691
v 0.015058 0.010992 -0.036186
v 0.009647 0.012323 -0.034600
v 0.008046 0.010968 -0.035656
v 0.007577 0.010677 -0.035873
v 0.015058 0.010992 -0.036186
v 0.015058 0.010992 -0.036186
v 0.007577 0.010677 -0.035873
v 0.006431 0.009968 -0.036401
v 0.015058 0.010992 -0.036186
v 0.006431 0.009968 -0.036401
v 0.005302 0.009473 -0.036744
v -0.009304 0.006329 -0.038338
v 0.001367 0.008521 -0.037264
v 0.000272 0.008512 -0.037186
v 0.005302 0.009473 -0.036744
v 0.004756 0.009234 -0.036909
v 0.015058 0.010992 -0.036186
v 0.015058 0.010992 -0.036186
v 0.004756 0.009234 -0.036909
v 0.003087 0.008765 -0.037187
v 0.015058 0.010992 -0.036186
v 0.003087 0.008765 -0.037187
v -0.009304 0.006329 -0.038338
v -0.009304 0.006329 -0.038338
v 0.003087 0.008765 -0.037187
v 0.002858 0.008732 -0.037197
v -0.009304 0.006329 -0.038338
v 0.002858 0.008732 -0.037197
v 0.001367 0.008521 -0.037264
v 0.000272 0.008512 -0.037186
v -0.000475 0.008506 -0.037133
v -0.009304 0.006329 -0.038338
v -0.009304 0.006329 -0.038338
v -0.000475 0.008506 -0.037133
v -0.002394 0.008744 -0.036775
v -0.009304 0.006329 -0.038338
v -0.002394 0.008744 -0.036775
v -0.002437 0.008749 -0.036768
v 0.013476 0.016844 -0.030960
v 0.012923 0.016738 -0.031009
v 0.015058 0.010992 -0.036186
v 0.015058 0.010992 -0.036186
v 0.012923 0.016738 -0.031009
v 0.012128 0.015373 -0.032136
v 0.012128 0.015373 -0.032136
v 0.011449 0.014434 -0.032902
v 0.015058 0.010992 -0.036186
v 0.015058 0.010992 -0.036186
v 0.011449 0.014434 -0.032902
v 0.010907 0.013683 -0.033514
v 0.015058 0.010992 -0.036186
v 0.010907 0.013683 -0.033514
v 0.009647 0.012323 -0.034600
v -0.002437 0.008749 -0.036768
v -0.004420 0.009254 -0.036171
v -0.009304 0.006329 -0.038338
v -0.009304 0.006329 -0.038338
v -0.004420 0.009254 -0.036171
v -0.005109 0.009519 -0.035887
v -0.009304 0.006329 -0.038338
v -0.005109 0.009519 -0.035887
v -0.006411 0.010017 -0.035350
v -0.010332 0.012286 -0.033064
v -0.010886 0.012180 -0.033113
v -0.008387 0.011031 -0.034311
v -0.008387 0.011031 -0.034311
v -0.010886 0.012180 -0.033113
v -0.009304 0.006329 -0.038338
v -0.008387 0.011031 -0.034311
v -0.009304 0.006329 -0.038338
v -0.007821 0.010740 -0.034608
v -0.007821 0.010740 -0.034608
v -0.009304 0.006329 -0.038338
v -0.006411 0.010017 -0.035350
v -0.017095 0.015550 0.029868
v -0.016241 0.015086 0.021194
v 0.007267 0.020214 0.032021
v 0.007267 0.020214 0.032021
v -0.016241 0.015086 0.021194
v 0.008121 0.019750 0.023347
v 0.009068 -0.017279 0.027409
v 0.007408 -0.018251 0.027355
v 0.009180 -0.017912 0.027511
v 0.009180 -0.017912 0.027511
v 0.007408 -0.018251 0.027355
v 0.007532 -0.018891 0.027344
v 0.009180 -0.017912 0.027511
v 0.007532 -0.018891 0.027344
v 0.009304 -0.018551 0.027501
v 0.009304 -0.018551 0.027501
v 0.007532 -0.018891 0.027344
v 0.007662 -0.019516 0.027221
v 0.009304 -0.018551 0.027501
v 0.007662 -0.019516 0.027221
v 0.009434 -0.019177 0.027377
v 0.009434 -0.019177 0.027377
v 0.007662 -0.019516 0.027221
v 0.007797 -0.020110 0.026989
v 0.009434 -0.019177 0.027377
v 0.007797 -0.020110 0.026989
v 0.009568 -0.019771 0.027146
v 0.009568 -0.019771 0.027146
v 0.007797 -0.020110 0.026989
v 0.007930 -0.020652 0.026656
v 0.009568 -0.019771 0.027146
v 0.007930 -0.020652 0.026656
v 0.009702 -0.020313 0.026812
v 0.009702 -0.020313 0.026812
v 0.007930 -0.020652 0.026656
v 0.008059 -0.021128 0.026230
v 0.009702 -0.020313 0.026812
v 0.008059 -0.021128 0.026230
v 0.009831 -0.020789 0.026386
v 0.009831 -0.020789 0.026386
v 0.008059 -0.021128 0.026230
v 0.008179 -0.021524 0.025727
v 0.009831 -0.020789 0.026386
v 0.008179 -0.021524 0.025727
v 0.009950 -0.021184 0.025883
v 0.009950 -0.021184 0.025883
v 0.008179 -0.021524 0.025727
v 0.008287 -0.021825 0.025160
v 0.009950 -0.021184 0.025883
v 0.008287 -0.021825 0.025160
v 0.010058 -0.021485 0.025316
v 0.010058 -0.021485 0.025316
v 0.008287 -0.021825 0.025160
v 0.008378 -0.022023 0.024547
v 0.010058 -0.021485 0.025316
v 0.008378 -0.022023 0.024547
v 0.010150 -0.021684 0.024704
v 0.010150 -0.021684 0.024704
v 0.008378 -0.022023 0.024547
v 0.008452 -0.022114 0.023906
v 0.010150 -0.021684 0.024704
v 0.008452 -0.022114 0.023906
v 0.010224 -0.021774 0.024063
v 0.010224 -0.021774 0.024063
v 0.008452 -0.022114 0.023906
v 0.008506 -0.022092 0.023257
v 0.010224 -0.021774 0.024063
v 0.008506 -0.022092 0.023257
v 0.010277 -0.021752 0.023414
v 0.010277 -0.021752 0.023414
v 0.008506 -0.022092 0.023257
v 0.008536 -0.021960 0.022621
v 0.010277 -0.021752 0.023414
v 0.008536 -0.021960 0.022621
v 0.010309 -0.021621 0.022777
v 0.010309 -0.021621 0.022777
v 0.008536 -0.021960 0.022621
v 0.008545 -0.021722 0.022015
v 0.010309 -0.021621 0.022777
v 0.008545 -0.021722 0.022015
v 0.010317 -0.021383 0.022172
v 0.010317 -0.021383 0.022172
v 0.008545 -0.021722 0.022015
v 0.008529 -0.021384 0.021459
v 0.010317 -0.021383 0.022172
v 0.008529 -0.021384 0.021459
v 0.010301 -0.021045 0.021616
v 0.010301 -0.021045 0.021616
v 0.008529 -0.021384 0.021459
v 0.008490 -0.020957 0.020969
v 0.010301 -0.021045 0.021616
v 0.008490 -0.020957 0.020969
v 0.010262 -0.020618 0.021126
v 0.010262 -0.020618 0.021126
v 0.008490 -0.020957 0.020969
v 0.008431 -0.020453 0.020560
v 0.010262 -0.020618 0.021126
v 0.008431 -0.020453 0.020560
v 0.010202 -0.020115 0.020717
v 0.010202 -0.020115 0.020717
v 0.008431 -0.020453 0.020560
v 0.008350 -0.019890 0.020246
v 0.010202 -0.020115 0.020717
v 0.008350 -0.019890 0.020246
v 0.010122 -0.019550 0.020402
v 0.010122 -0.019550 0.020402
v 0.008350 -0.019890 0.020246
v 0.008252 -0.019282 0.020034
v 0.010122 -0.019550 0.020402
v 0.008252 -0.019282 0.020034
v 0.010024 -0.018943 0.020191
v 0.010024 -0.018943 0.020191
v 0.008252 -0.019282 0.020034
v 0.008140 -0.018649 0.019932
v 0.010024 -0.018943 0.020191
v 0.008140 -0.018649 0.019932
v 0.009912 -0.018309 0.020089
v 0.009912 -0.018309 0.020089
v 0.008140 -0.018649 0.019932
v 0.008017 -0.018010 0.019943
v 0.009912 -0.018309 0.020089
v 0.008017 -0.018010 0.019943
v 0.009789 -0.017670 0.020099
v 0.009789 -0.017670 0.020099
v 0.008017 -0.018010 0.019943
v 0.007887 -0.017384 0.020066
v 0.009789 -0.017670 0.020099
v 0.007887 -0.017384 0.020066
v 0.009659 -0.017044 0.020222
v 0.009659 -0.017044 0.020222
v 0.007887 -0.017384 0.020066
v 0.007752 -0.016791 0.020298
v 0.009659 -0.017044 0.020222
v 0.007752 -0.016791 0.020298
v 0.009524 -0.016451 0.020454
v 0.009524 -0.016451 0.020454
v 0.007752 -0.016791 0.020298
v 0.007619 -0.016248 0.020631
v 0.009524 -0.016451 0.020454
v 0.007619 -0.016248 0.020631
v 0.009391 -0.015909 0.020788
v 0.009391 -0.015909 0.020788
v 0.007619 -0.016248 0.020631
v 0.007490 -0.015772 0.021056
v 0.009391 -0.015909 0.020788
v 0.007490 -0.015772 0.021056
v 0.009262 -0.015433 0.021213
v 0.009262 -0.015433 0.021213
v 0.007490 -0.015772 0.021056
v 0.007370 -0.015377 0.021560
v 0.009262 -0.015433 0.021213
v 0.007370 -0.015377 0.021560
v 0.009142 -0.015038 0.021717
v 0.009142 -0.015038 0.021717
v 0.007370 -0.015377 0.021560
v 0.007262 -0.015076 0.022127
v 0.009142 -0.015038 0.021717
v 0.007262 -0.015076 0.022127
v 0.009034 -0.014736 0.022284
v 0.009034 -0.014736 0.022284
v 0.007262 -0.015076 0.022127
v 0.007170 -0.014877 0.022740
v 0.009034 -0.014736 0.022284
v 0.007170 -0.014877 0.022740
v 0.008942 -0.014538 0.022897
v 0.008942 -0.014538 0.022897
v 0.007170 -0.014877 0.022740
v 0.007097 -0.014787 0.023381
v 0.008942 -0.014538 0.022897
v 0.007097 -0.014787 0.023381
v 0.008868 -0.014448 0.023537
v 0.008868 -0.014448 0.023537
v 0.007097 -0.014787 0.023381
v 0.007043 -0.014808 0.024029
v 0.008868 -0.014448 0.023537
v 0.007043 -0.014808 0.024029
v 0.008815 -0.014469 0.024186
v 0.008815 -0.014469 0.024186
v 0.007043 -0.014808 0.024029
v 0.007013 -0.014940 0.024666
v 0.008815 -0.014469 0.024186
v 0.007013 -0.014940 0.024666
v 0.008784 -0.014601 0.024822
v 0.008784 -0.014601 0.024822
v 0.007013 -0.014940 0.024666
v 0.007004 -0.015179 0.025271
v 0.008784 -0.014601 0.024822
v 0.007004 -0.015179 0.025271
v 0.008777 -0.014839 0.025428
v 0.008777 -0.014839 0.025428
v 0.007004 -0.015179 0.025271
v 0.007020 -0.015516 0.025827
v 0.008777 -0.014839 0.025428
v 0.007020 -0.015516 0.025827
v 0.008791 -0.015177 0.025985
v 0.008791 -0.015177 0.025985
v 0.007020 -0.015516 0.025827
v 0.007059 -0.015943 0.026317
v 0.008791 -0.015177 0.025985
v 0.007059 -0.015943 0.026317
v 0.008830 -0.015604 0.026474
v 0.008830 -0.015604 0.026474
v 0.007059 -0.015943 0.026317
v 0.007118 -0.016446 0.026726
v 0.008830 -0.015604 0.026474
v 0.007118 -0.016446 0.026726
v 0.008890 -0.016107 0.026883
v 0.008890 -0.016107 0.026883
v 0.007118 -0.016446 0.026726
v 0.007199 -0.017011 0.027041
v 0.008890 -0.016107 0.026883
v 0.007199 -0.017011 0.027041
v 0.008970 -0.016672 0.027198
v 0.008970 -0.016672 0.027198
v 0.007199 -0.017011 0.027041
v 0.007297 -0.017618 0.027253
v 0.008970 -0.016672 0.027198
v 0.007297 -0.017618 0.027253
v 0.009068 -0.017279 0.027409
v 0.009068 -0.017279 0.027409
v 0.007297 -0.017618 0.027253
v 0.007408 -0.018251 0.027355
v 0.015776 -0.017427 0.017260
v 0.008467 -0.018826 0.016614
v 0.008660 -0.019907 0.016779
v 0.015776 -0.017427 0.017260
v 0.008660 -0.019907 0.016779
v 0.015968 -0.018508 0.017424
v 0.015968 -0.018508 0.017424
v 0.008660 -0.019907 0.016779
v 0.008830 -0.020952 0.017112
v 0.015968 -0.018508 0.017424
v 0.008830 -0.020952 0.017112
v 0.016139 -0.019552 0.017758
v 0.016139 -0.019552 0.017758
v 0.008830 -0.020952 0.017112
v 0.008975 -0.021935 0.017606
v 0.016139 -0.019552 0.017758
v 0.008975 -0.021935 0.017606
v 0.016283 -0.020536 0.018252
v 0.016283 -0.020536 0.018252
v 0.008975 -0.021935 0.017606
v 0.009090 -0.022833 0.018249
v 0.016283 -0.020536 0.018252
v 0.009090 -0.022833 0.018249
v 0.016398 -0.021433 0.018895
v 0.016398 -0.021433 0.018895
v 0.009090 -0.022833 0.018249
v 0.009173 -0.023621 0.019025
v 0.016398 -0.021433 0.018895
v 0.009173 -0.023621 0.019025
v 0.016481 -0.022223 0.019671
v 0.003476 -0.002071 -0.020792
v -0.008705 -0.004404 -0.021869
v -0.008921 -0.003867 -0.020582
v -0.002519 -0.013495 0.014222
v -0.002597 -0.012998 0.014025
v -0.010136 -0.012874 0.012680
v 0.003611 -0.010250 0.013898
v 0.003525 -0.010500 0.014002
v 0.007148 -0.011133 0.014886
v 0.003525 -0.010500 0.014002
v 0.003350 -0.010907 0.014155
v 0.007148 -0.011133 0.014886
v 0.007148 -0.011133 0.014886
v 0.003350 -0.010907 0.014155
v 0.003291 -0.011043 0.014206
v 0.007148 -0.011133 0.014886
v 0.003291 -0.011043 0.014206
v 0.003059 -0.011441 0.014336
v 0.003059 -0.011441 0.014336
v 0.003040 -0.011466 0.014343
v 0.007148 -0.011133 0.014886
v 0.007148 -0.011133 0.014886
v 0.003040 -0.011466 0.014343
v 0.002885 -0.011667 0.014399
v 0.007148 -0.011133 0.014886
v 0.002885 -0.011667 0.014399
v 0.002715 -0.011832 0.014437
v 0.002715 -0.011832 0.014437
v 0.002678 -0.011859 0.014441
v 0.007148 -0.011133 0.014886
v 0.007148 -0.011133 0.014886
v 0.002678 -0.011859 0.014441
v 0.002568 -0.011937 0.014454
v 0.007148 -0.011133 0.014886
v 0.002568 -0.011937 0.014454
v 0.002441 -0.012002 0.014458
v 0.002441 -0.012002 0.014458
v 0.002402 -0.012016 0.014458
v 0.007148 -0.011133 0.014886
v 0.007148 -0.011133 0.014886
v 0.002402 -0.012016 0.014458
v 0.002282 -0.012051 0.014451
v 0.007148 -0.011133 0.014886
v 0.002282 -0.012051 0.014451
v -0.002597 -0.012998 0.014025
v 0.002282 -0.012051 0.014451
v 0.002273 -0.012051 0.014450
v -0.002597 -0.012998 0.014025
v -0.002597 -0.012998 0.014025
v 0.002273 -0.012051 0.014450
v 0.002158 -0.012066 0.014437
v -0.002597 -0.012998 0.014025
v 0.002158 -0.012066 0.014437
v -0.010136 -0.012874 0.012680
v -0.010136 -0.012874 0.012680
v 0.002158 -0.012066 0.014437
v 0.002015 -0.012061 0.014412
v 0.002015 -0.012061 0.014412
v 0.001876 -0.012035 0.014379
v -0.010136 -0.012874 0.012680
v -0.010136 -0.012874 0.012680
v 0.001876 -0.012035 0.014379
v 0.001833 -0.012020 0.014366
v -0.010136 -0.012874 0.012680
v 0.001833 -0.012020 0.014366
v 0.001683 -0.011966 0.014321
v 0.001683 -0.011966 0.014321
v 0.001486 -0.011862 0.014246
v -0.010136 -0.012874 0.012680
v -0.010136 -0.012874 0.012680
v 0.001486 -0.011862 0.014246
v 0.001413 -0.011813 0.014213
v -0.010136 -0.012874 0.012680
v 0.001413 -0.011813 0.014213
v 0.001374 -0.011783 0.014195
v 0.001374 -0.011783 0.014195
v 0.001099 -0.011560 0.014055
v -0.010136 -0.012874 0.012680
v -0.010136 -0.012874 0.012680
v 0.001099 -0.011560 0.014055
v 0.000918 -0.011374 0.013941
v -0.010136 -0.012874 0.012680
v 0.000918 -0.011374 0.013941
v 0.000801 -0.011253 0.013868
v 0.000801 -0.011253 0.013868
v 0.000630 -0.011047 0.013744
v -0.010136 -0.012874 0.012680
v -0.010136 -0.012874 0.012680
v 0.000630 -0.011047 0.013744
v 0.000484 -0.010844 0.013618
v -0.010136 -0.012874 0.012680
v 0.000484 -0.010844 0.013618
v 0.000483 -0.010842 0.013617
v 0.014533 -0.010230 0.015729
v 0.014226 -0.008210 0.014833
v 0.007148 -0.011133 0.014886
v 0.007148 -0.011133 0.014886
v 0.014226 -0.008210 0.014833
v 0.003614 -0.010241 0.013895
v 0.007148 -0.011133 0.014886
v 0.003614 -0.010241 0.013895
v 0.003611 -0.010250 0.013898
v -0.010136 -0.012874 0.012680
v -0.009828 -0.014894 0.013576
v -0.002519 -0.013495 0.014222
v -0.002519 -0.013495 0.014222
v -0.009828 -0.014894 0.013576
v -0.009470 -0.017097 0.014288
v -0.002519 -0.013495 0.014222
v -0.009470 -0.017097 0.014288
v -0.002161 -0.015698 0.014933
v -0.002161 -0.015698 0.014933
v -0.009470 -0.017097 0.014288
v -0.009056 -0.019494 0.014803
v -0.002161 -0.015698 0.014933
v -0.009056 -0.019494 0.014803
v -0.001748 -0.018095 0.015449
v -0.001748 -0.018095 0.015449
v -0.009056 -0.019494 0.014803
v -0.008586 -0.022091 0.015107
v -0.001748 -0.018095 0.015449
v -0.008586 -0.022091 0.015107
v -0.001277 -0.020691 0.015754
v 0.015776 -0.017427 0.017260
v 0.015364 -0.015152 0.016993
v 0.008467 -0.018826 0.016614
v 0.008467 -0.018826 0.016614
v 0.015364 -0.015152 0.016993
v 0.007997 -0.016230 0.016310
v 0.007148 -0.011133 0.014886
v 0.007225 -0.011629 0.015084
v 0.014533 -0.010230 0.015729
v 0.014533 -0.010230 0.015729
v 0.007225 -0.011629 0.015084
v 0.007584 -0.013833 0.015795
v 0.014533 -0.010230 0.015729
v 0.007584 -0.013833 0.015795
v 0.014892 -0.012433 0.016440
v 0.014892 -0.012433 0.016440
v 0.007584 -0.013833 0.015795
v 0.007997 -0.016230 0.016310
v 0.014892 -0.012433 0.016440
v 0.007997 -0.016230 0.016310
v 0.015306 -0.014831 0.016956
v 0.015306 -0.014831 0.016956
v 0.007997 -0.016230 0.016310
v 0.015364 -0.015152 0.016993
v 0.004057 -0.006987 0.012013
v 0.013967 -0.006362 0.013761
v 0.004036 -0.006760 0.011836
v 0.004036 -0.006760 0.011836
v 0.013967 -0.006362 0.013761
v 0.013751 -0.004656 0.012503
v 0.004057 -0.006987 0.012013
v 0.004068 -0.007392 0.012307
v 0.013967 -0.006362 0.013761
v 0.013967 -0.006362 0.013761
v 0.004068 -0.007392 0.012307
v 0.004075 -0.007588 0.012449
v 0.013967 -0.006362 0.013761
v 0.004075 -0.007588 0.012449
v 0.004051 -0.008065 0.012762
v 0.013585 -0.003131 0.011091
v 0.003531 -0.005301 0.010445
v 0.003538 -0.005312 0.010457
v 0.003538 -0.005312 0.010457
v 0.003655 -0.005496 0.010664
v 0.013585 -0.003131 0.011091
v 0.013585 -0.003131 0.011091
v 0.003655 -0.005496 0.010664
v 0.003760 -0.005724 0.010899
v 0.013585 -0.003131 0.011091
v 0.003760 -0.005724 0.010899
v 0.003830 -0.005875 0.011054
v 0.003830 -0.005875 0.011054
v 0.003928 -0.006205 0.011361
v 0.013585 -0.003131 0.011091
v 0.013585 -0.003131 0.011091
v 0.003928 -0.006205 0.011361
v 0.003956 -0.006297 0.011446
v 0.013585 -0.003131 0.011091
v 0.003956 -0.006297 0.011446
v 0.013751 -0.004656 0.012503
v 0.013751 -0.004656 0.012503
v 0.003956 -0.006297 0.011446
v 0.003995 -0.006525 0.011638
v 0.013751 -0.004656 0.012503
v 0.003995 -0.006525 0.011638
v 0.004036 -0.006760 0.011836
v -0.010778 -0.007795 0.008938
v -0.000543 -0.005837 0.009842
v -0.010900 -0.006424 0.007360
v -0.010900 -0.006424 0.007360
v -0.000543 -0.005837 0.009842
v -0.000472 -0.005701 0.009725
v -0.000472 -0.005701 0.009725
v -0.000456 -0.005668 0.009697
v -0.010900 -0.006424 0.007360
v -0.010900 -0.006424 0.007360
v -0.000456 -0.005668 0.009697
v -0.000213 -0.005347 0.009431
v -0.010900 -0.006424 0.007360
v -0.000213 -0.005347 0.009431
v -0.000203 -0.005338 0.009423
v -0.000203 -0.005338 0.009423
v 0.000069 -0.005077 0.009219
v -0.010900 -0.006424 0.007360
v -0.010900 -0.006424 0.007360
v 0.000069 -0.005077 0.009219
v 0.000124 -0.005036 0.009190
v -0.010900 -0.006424 0.007360
v 0.000124 -0.005036 0.009190
v 0.000280 -0.004920 0.009107
v 0.000280 -0.004920 0.009107
v 0.000494 -0.004796 0.009031
v -0.010900 -0.006424 0.007360
v -0.010900 -0.006424 0.007360
v 0.000494 -0.004796 0.009031
v 0.000566 -0.004753 0.009005
v -0.010900 -0.006424 0.007360
v 0.000566 -0.004753 0.009005
v 0.000848 -0.004630 0.008949
v 0.000848 -0.004630 0.008949
v 0.000894 -0.004615 0.008946
v -0.010900 -0.006424 0.007360
v -0.010900 -0.006424 0.007360
v 0.000894 -0.004615 0.008946
v 0.001133 -0.004539 0.008932
v -0.010900 -0.006424 0.007360
v 0.001133 -0.004539 0.008932
v 0.001228 -0.004516 0.008935
v 0.001314 -0.004502 0.008945
v 0.001506 -0.004469 0.008966
v 0.013462 -0.001760 0.009512
v 0.013462 -0.001760 0.009512
v 0.001506 -0.004469 0.008966
v 0.001739 -0.004453 0.009021
v 0.013462 -0.001760 0.009512
v 0.001739 -0.004453 0.009021
v 0.001788 -0.004450 0.009033
v 0.001788 -0.004450 0.009033
v 0.001829 -0.004450 0.009045
v 0.013462 -0.001760 0.009512
v 0.013462 -0.001760 0.009512
v 0.001829 -0.004450 0.009045
v 0.002113 -0.004467 0.009153
v 0.013462 -0.001760 0.009512
v 0.002113 -0.004467 0.009153
v 0.002158 -0.004475 0.009176
v 0.002158 -0.004475 0.009176
v 0.002395 -0.004520 0.009299
v 0.013462 -0.001760 0.009512
v 0.013462 -0.001760 0.009512
v 0.002395 -0.004520 0.009299
v 0.002441 -0.004532 0.009327
v 0.013462 -0.001760 0.009512
v 0.002441 -0.004532 0.009327
v 0.002556 -0.004573 0.009408
v 0.002556 -0.004573 0.009408
v 0.002733 -0.004637 0.009532
v 0.013462 -0.001760 0.009512
v 0.013462 -0.001760 0.009512
v 0.002733 -0.004637 0.009532
v 0.002926 -0.004742 0.009703
v 0.013462 -0.001760 0.009512
v 0.002926 -0.004742 0.009703
v 0.003012 -0.004790 0.009780
v 0.003012 -0.004790 0.009780
v 0.003256 -0.004989 0.010056
v 0.013462 -0.001760 0.009512
v 0.013462 -0.001760 0.009512
v 0.003256 -0.004989 0.010056
v 0.003301 -0.005027 0.010109
v 0.013462 -0.001760 0.009512
v 0.003301 -0.005027 0.010109
v 0.013585 -0.003131 0.011091
v 0.013585 -0.003131 0.011091
v 0.003301 -0.005027 0.010109
v 0.003354 -0.005090 0.010186
v 0.013585 -0.003131 0.011091
v 0.003354 -0.005090 0.010186
v 0.003531 -0.005301 0.010445
v -0.010611 -0.009320 0.010350
v -0.000850 -0.007454 0.011210
v -0.010778 -0.007795 0.008938
v -0.010778 -0.007795 0.008938
v -0.000850 -0.007454 0.011210
v -0.000867 -0.007138 0.010951
v -0.010778 -0.007795 0.008938
v -0.000867 -0.007138 0.010951
v -0.000865 -0.007120 0.010937
v -0.000865 -0.007120 0.010937
v -0.000820 -0.006629 0.010522
v -0.010778 -0.007795 0.008938
v -0.010778 -0.007795 0.008938
v -0.000820 -0.006629 0.010522
v -0.000813 -0.006594 0.010492
v -0.010778 -0.007795 0.008938
v -0.000813 -0.006594 0.010492
v -0.000785 -0.006460 0.010377
v -0.000785 -0.006460 0.010377
v -0.000676 -0.006122 0.010086
v -0.010778 -0.007795 0.008938
v -0.010778 -0.007795 0.008938
v -0.000676 -0.006122 0.010086
v -0.000652 -0.006045 0.010020
v -0.010778 -0.007795 0.008938
v -0.000652 -0.006045 0.010020
v -0.000543 -0.005837 0.009842
v -0.000524 -0.008947 0.012358
v -0.000565 -0.008840 0.012284
v -0.010396 -0.011025 0.011609
v -0.010396 -0.011025 0.011609
v -0.000565 -0.008840 0.012284
v -0.000718 -0.008307 0.011883
v -0.000718 -0.008307 0.011883
v -0.000746 -0.008208 0.011810
v -0.010396 -0.011025 0.011609
v -0.010396 -0.011025 0.011609
v -0.000746 -0.008208 0.011810
v -0.000837 -0.007693 0.011405
v -0.010396 -0.011025 0.011609
v -0.000837 -0.007693 0.011405
v -0.010611 -0.009320 0.010350
v -0.010611 -0.009320 0.010350
v -0.000837 -0.007693 0.011405
v -0.000839 -0.007678 0.011393
v -0.010611 -0.009320 0.010350
v -0.000839 -0.007678 0.011393
v -0.000850 -0.007454 0.011210
v 0.000483 -0.010842 0.013617
v 0.000270 -0.010545 0.013434
v -0.010136 -0.012874 0.012680
v -0.010136 -0.012874 0.012680
v 0.000270 -0.010545 0.013434
v 0.000087 -0.010242 0.013241
v -0.010136 -0.012874 0.012680
v 0.000087 -0.010242 0.013241
v -0.000002 -0.010093 0.013145
v -0.000002 -0.010093 0.013145
v -0.000251 -0.009598 0.012814
v -0.010136 -0.012874 0.012680
v -0.010136 -0.012874 0.012680
v -0.000251 -0.009598 0.012814
v -0.000314 -0.009474 0.012731
v -0.010136 -0.012874 0.012680
v -0.000314 -0.009474 0.012731
v -0.010396 -0.011025 0.011609
v -0.010396 -0.011025 0.011609
v -0.000314 -0.009474 0.012731
v -0.000453 -0.009124 0.012484
v -0.010396 -0.011025 0.011609
v -0.000453 -0.009124 0.012484
v -0.000524 -0.008947 0.012358
v 0.003962 -0.008791 0.013189
v 0.003833 -0.009463 0.013539
v 0.014226 -0.008210 0.014833
v 0.004051 -0.008065 0.012762
v 0.004050 -0.008069 0.012764
v 0.013967 -0.006362 0.013761
v 0.013967 -0.006362 0.013761
v 0.004050 -0.008069 0.012764
v 0.004027 -0.008266 0.012881
v 0.013967 -0.006362 0.013761
v 0.004027 -0.008266 0.012881
v 0.014226 -0.008210 0.014833
v 0.014226 -0.008210 0.014833
v 0.004027 -0.008266 0.012881
v 0.003970 -0.008753 0.013168
v 0.014226 -0.008210 0.014833
v 0.003970 -0.008753 0.013168
v 0.003962 -0.008791 0.013189
v 0.003833 -0.009463 0.013539
v 0.003815 -0.009528 0.013570
v 0.014226 -0.008210 0.014833
v 0.014226 -0.008210 0.014833
v 0.003815 -0.009528 0.013570
v 0.003636 -0.010177 0.013868
v 0.014226 -0.008210 0.014833
v 0.003636 -0.010177 0.013868
v 0.003614 -0.010241 0.013895
v 0.015441 0.000797 -0.018430
v 0.015657 0.000260 -0.019715
v 0.003476 -0.002071 -0.020792
v 0.003476 -0.002071 -0.020792
v -0.008921 -0.003867 -0.020582
v 0.015441 0.000797 -0.018430
v 0.015441 0.000797 -0.018430
v -0.008921 -0.003867 -0.020582
v -0.009332 -0.002954 -0.017914
v 0.015441 0.000797 -0.018430
v -0.009332 -0.002954 -0.017914
v 0.015030 0.001710 -0.015761
v 0.015030 0.001710 -0.015761
v -0.009332 -0.002954 -0.017914
v -0.009708 -0.002263 -0.015152
v 0.015030 0.001710 -0.015761
v -0.009708 -0.002263 -0.015152
v 0.014654 0.002400 -0.012998
v 0.014654 0.002400 -0.012998
v -0.009708 -0.002263 -0.015152
v -0.010042 -0.001806 -0.012354
v 0.014654 0.002400 -0.012998
v -0.010042 -0.001806 -0.012354
v 0.014319 0.002857 -0.010202
v 0.014319 0.002857 -0.010202
v -0.010042 -0.001806 -0.012354
v -0.010331 -0.001584 -0.009578
v 0.014319 0.002857 -0.010202
v -0.010331 -0.001584 -0.009578
v 0.014032 0.003080 -0.007426
v 0.014032 0.003080 -0.007426
v -0.010331 -0.001584 -0.009578
v -0.010569 -0.001591 -0.006869
v 0.014032 0.003080 -0.007426
v -0.010569 -0.001591 -0.006869
v 0.013794 0.003073 -0.004717
v 0.013794 0.003073 -0.004717
v -0.010569 -0.001591 -0.006869
v -0.010755 -0.001819 -0.004264
v 0.013794 0.003073 -0.004717
v -0.010755 -0.001819 -0.004264
v 0.013607 0.002845 -0.002110
v 0.013607 0.002845 -0.002110
v -0.010755 -0.001819 -0.004264
v -0.010891 -0.002253 -0.001790
v 0.013607 0.002845 -0.002110
v -0.010891 -0.002253 -0.001790
v 0.013472 0.002411 0.000362
v 0.013472 0.002411 0.000362
v -0.010891 -0.002253 -0.001790
v -0.010976 -0.002888 0.000558
v 0.013472 0.002411 0.000362
v -0.010976 -0.002888 0.000558
v 0.013386 0.001775 0.002710
v 0.013386 0.001775 0.002710
v -0.010976 -0.002888 0.000558
v -0.010999 -0.003257 0.001618
v 0.013386 0.001775 0.002710
v -0.010999 -0.003257 0.001618
v 0.013362 0.001407 0.003770
v 0.013362 0.001407 0.003770
v -0.010999 -0.003257 0.001618
v -0.011012 -0.004150 0.003699
v 0.013362 0.001407 0.003770
v -0.011012 -0.004150 0.003699
v 0.013350 0.000514 0.005852
v 0.013350 0.000514 0.005852
v -0.011012 -0.004150 0.003699
v -0.010979 -0.005207 0.005614
v 0.013350 0.000514 0.005852
v -0.010979 -0.005207 0.005614
v 0.013383 -0.000544 0.007766
v 0.013383 -0.000544 0.007766
v -0.010979 -0.005207 0.005614
v -0.010900 -0.006424 0.007360
v 0.013383 -0.000544 0.007766
v -0.010900 -0.006424 0.007360
v 0.013462 -0.001760 0.009512
v 0.013462 -0.001760 0.009512
v -0.010900 -0.006424 0.007360
v 0.001228 -0.004516 0.008935
v 0.013462 -0.001760 0.009512
v 0.001228 -0.004516 0.008935
v 0.001314 -0.004502 0.008945
v 0.009173 -0.023621 0.019025
v 0.009402 -0.026167 0.021946
v 0.016481 -0.022223 0.019671
v 0.016481 -0.022223 0.019671
v 0.009402 -0.026167 0.021946
v 0.016711 -0.024768 0.022591
v -0.001277 -0.020691 0.015754
v -0.008586 -0.022091 0.015107
v -0.008394 -0.023171 0.015272
v -0.001277 -0.020691 0.015754
v -0.008394 -0.023171 0.015272
v -0.001085 -0.021772 0.015917
v -0.001085 -0.021772 0.015917
v -0.008394 -0.023171 0.015272
v -0.008223 -0.024216 0.015606
v -0.001085 -0.021772 0.015917
v -0.008223 -0.024216 0.015606
v -0.000914 -0.022817 0.016251
v -0.000914 -0.022817 0.016251
v -0.008223 -0.024216 0.015606
v -0.008079 -0.025199 0.016099
v -0.000914 -0.022817 0.016251
v -0.008079 -0.025199 0.016099
v -0.000770 -0.023801 0.016745
v -0.000770 -0.023801 0.016745
v -0.008079 -0.025199 0.016099
v -0.007963 -0.026097 0.016743
v -0.000770 -0.023801 0.016745
v -0.007963 -0.026097 0.016743
v -0.000655 -0.024698 0.017389
v -0.000655 -0.024698 0.017389
v -0.007963 -0.026097 0.016743
v -0.007881 -0.026886 0.017518
v -0.000655 -0.024698 0.017389
v -0.007881 -0.026886 0.017518
v -0.000572 -0.025487 0.018164
v 0.004880 -0.001856 -0.020781
v 0.003476 -0.002071 -0.020792
v 0.015657 0.000260 -0.019715
v 0.004880 -0.001856 -0.020781
v 0.015657 0.000260 -0.019715
v 0.006280 -0.001746 -0.020994
v -0.008705 -0.004404 -0.021869
v 0.003476 -0.002071 -0.020792
v 0.002111 -0.002386 -0.021026
v 0.018295 -0.006497 -0.034931
v 0.008677 -0.007886 -0.034818
v 0.009843 -0.007404 -0.034165
v -0.002304 -0.007890 -0.031324
v -0.001515 -0.008294 -0.032435
v -0.006067 -0.011161 -0.037083
v -0.006067 -0.011161 -0.037083
v -0.001515 -0.008294 -0.032435
v -0.000537 -0.008607 -0.033415
v 0.012382 -0.003268 -0.026176
v 0.011808 -0.002787 -0.024970
v 0.015657 0.000260 -0.019715
v 0.015657 0.000260 -0.019715
v 0.011808 -0.002787 -0.024970
v 0.011019 -0.002383 -0.023859
v 0.015657 0.000260 -0.019715
v 0.011019 -0.002383 -0.023859
v 0.010039 -0.002069 -0.022879
v 0.002111 -0.002386 -0.021026
v 0.000826 -0.002790 -0.021476
v -0.008705 -0.004404 -0.021869
v -0.008705 -0.004404 -0.021869
v 0.000826 -0.002790 -0.021476
v -0.000340 -0.003273 -0.022130
v -0.008705 -0.004404 -0.021869
v -0.000340 -0.003273 -0.022130
v -0.001350 -0.003817 -0.022966
v -0.001350 -0.003817 -0.022966
v -0.002176 -0.004408 -0.023959
v -0.008705 -0.004404 -0.021869
v -0.008705 -0.004404 -0.021869
v -0.002176 -0.004408 -0.023959
v -0.002791 -0.005027 -0.025080
v -0.008705 -0.004404 -0.021869
v -0.002791 -0.005027 -0.025080
v -0.003177 -0.005655 -0.026293
v -0.000537 -0.008607 -0.033415
v 0.000603 -0.008822 -0.034234
v -0.006067 -0.011161 -0.037083
v -0.006067 -0.011161 -0.037083
v 0.000603 -0.008822 -0.034234
v 0.001870 -0.008930 -0.034869
v -0.006067 -0.011161 -0.037083
v 0.001870 -0.008930 -0.034869
v 0.003223 -0.008930 -0.035300
v 0.003223 -0.008930 -0.035300
v 0.004623 -0.008821 -0.035513
v -0.006067 -0.011161 -0.037083
v -0.006067 -0.011161 -0.037083
v 0.004623 -0.008821 -0.035513
v 0.006027 -0.008604 -0.035502
v -0.006067 -0.011161 -0.037083
v 0.006027 -0.008604 -0.035502
v 0.018295 -0.006497 -0.034931
v 0.018295 -0.006497 -0.034931
v 0.006027 -0.008604 -0.035502
v 0.007392 -0.008290 -0.035268
v 0.018295 -0.006497 -0.034931
v 0.007392 -0.008290 -0.035268
v 0.008677 -0.007886 -0.034818
v 0.009843 -0.007404 -0.034165
v 0.010853 -0.006859 -0.033329
v 0.018295 -0.006497 -0.034931
v 0.018295 -0.006497 -0.034931
v 0.010853 -0.006859 -0.033329
v 0.011679 -0.006268 -0.032335
v 0.018295 -0.006497 -0.034931
v 0.011679 -0.006268 -0.032335
v 0.012294 -0.005650 -0.031215
v 0.010039 -0.002069 -0.022879
v 0.008900 -0.001854 -0.022060
v 0.015657 0.000260 -0.019715
v 0.015657 0.000260 -0.019715
v 0.008900 -0.001854 -0.022060
v 0.007633 -0.001746 -0.021425
v 0.015657 0.000260 -0.019715
v 0.007633 -0.001746 -0.021425
v 0.006280 -0.001746 -0.020994
v -0.003177 -0.005655 -0.026293
v -0.003321 -0.006274 -0.027564
v -0.008705 -0.004404 -0.021869
v -0.008705 -0.004404 -0.021869
v -0.003321 -0.006274 -0.027564
v -0.003221 -0.006864 -0.028852
v -0.008705 -0.004404 -0.021869
v -0.003221 -0.006864 -0.028852
v -0.006067 -0.011161 -0.037083
v -0.006067 -0.011161 -0.037083
v -0.003221 -0.006864 -0.028852
v -0.002879 -0.007408 -0.030118
v -0.006067 -0.011161 -0.037083
v -0.002879 -0.007408 -0.030118
v -0.002304 -0.007890 -0.031324
v 0.012294 -0.005650 -0.031215
v 0.012680 -0.005021 -0.030001
v 0.018295 -0.006497 -0.034931
v 0.018295 -0.006497 -0.034931
v 0.012680 -0.005021 -0.030001
v 0.012825 -0.004402 -0.028730
v 0.018295 -0.006497 -0.034931
v 0.012825 -0.004402 -0.028730
v 0.015657 0.000260 -0.019715
v 0.015657 0.000260 -0.019715
v 0.012825 -0.004402 -0.028730
v 0.012725 -0.003811 -0.027443
v 0.015657 0.000260 -0.019715
v 0.012725 -0.003811 -0.027443
v 0.012382 -0.003268 -0.026176
v 0.000864 0.000685 -0.037033
v -0.001050 0.000319 -0.037202
v -0.000694 -0.001600 -0.037064
v -0.001158 -0.003288 -0.037020
v -0.001212 -0.003091 -0.037036
v -0.002744 -0.003384 -0.037171
v 0.000143 -0.008359 -0.036621
v -0.000263 -0.008330 -0.036662
v -0.006067 -0.011161 -0.037083
v -0.006067 -0.011161 -0.037083
v -0.000263 -0.008330 -0.036662
v -0.000657 -0.008230 -0.036706
v -0.006067 -0.011161 -0.037083
v -0.000657 -0.008230 -0.036706
v -0.001028 -0.008062 -0.036752
v 0.001423 -0.001214 -0.036877
v 0.002618 0.000335 -0.036842
v 0.001219 -0.001234 -0.036896
v 0.001219 -0.001234 -0.036896
v 0.002618 0.000335 -0.036842
v -0.000694 -0.001600 -0.037064
v -0.001028 -0.008062 -0.036752
v -0.001364 -0.007832 -0.036798
v -0.006067 -0.011161 -0.037083
v -0.006067 -0.011161 -0.037083
v -0.001364 -0.007832 -0.036798
v -0.001655 -0.007548 -0.036841
v -0.006067 -0.011161 -0.037083
v -0.001655 -0.007548 -0.036841
v -0.001891 -0.007216 -0.036882
v 0.001094 0.000822 -0.037018
v 0.002618 0.000335 -0.036842
v 0.001133 0.000878 -0.037017
v 0.001133 0.000878 -0.037017
v 0.002618 0.000335 -0.036842
v 0.001161 0.000941 -0.037017
v 0.007029 -0.000450 -0.036365
v 0.007034 -0.000383 -0.036368
v 0.004623 0.001802 -0.036723
v 0.001094 0.000822 -0.037018
v 0.001046 0.000773 -0.037020
v 0.002618 0.000335 -0.036842
v 0.002618 0.000335 -0.036842
v 0.001046 0.000773 -0.037020
v 0.000991 0.000734 -0.037024
v 0.002618 0.000335 -0.036842
v 0.000991 0.000734 -0.037024
v -0.000694 -0.001600 -0.037064
v -0.000694 -0.001600 -0.037064
v 0.000991 0.000734 -0.037024
v 0.000930 0.000704 -0.037028
v -0.000694 -0.001600 -0.037064
v 0.000930 0.000704 -0.037028
v 0.000864 0.000685 -0.037033
v 0.011648 -0.006049 -0.035610
v 0.011281 -0.006228 -0.035636
v 0.018295 -0.006497 -0.034931
v 0.018295 -0.006497 -0.034931
v 0.011281 -0.006228 -0.035636
v 0.010888 -0.006339 -0.035669
v 0.018295 -0.006497 -0.034931
v 0.010888 -0.006339 -0.035669
v -0.006067 -0.011161 -0.037083
v -0.006067 -0.011161 -0.037083
v 0.010888 -0.006339 -0.035669
v 0.000549 -0.008318 -0.036583
v -0.006067 -0.011161 -0.037083
v 0.000549 -0.008318 -0.036583
v 0.000143 -0.008359 -0.036621
v 0.001161 0.000941 -0.037017
v 0.002618 0.000335 -0.036842
v 0.001177 0.001007 -0.037019
v 0.001177 0.001007 -0.037019
v 0.002618 0.000335 -0.036842
v 0.002811 0.000678 -0.036841
v 0.001177 0.001007 -0.037019
v 0.002811 0.000678 -0.036841
v 0.001183 0.001074 -0.037022
v 0.001183 0.001074 -0.037022
v 0.002811 0.000678 -0.036841
v 0.002944 0.001049 -0.036847
v 0.001183 0.001074 -0.037022
v 0.002944 0.001049 -0.036847
v 0.001177 0.001142 -0.037026
v -0.001158 -0.003288 -0.037020
v -0.002744 -0.003384 -0.037171
v -0.001070 -0.003471 -0.037001
v -0.003526 0.000839 -0.037474
v -0.001994 0.001132 -0.037339
v -0.002000 0.001193 -0.037343
v -0.003761 0.002112 -0.037565
v -0.001997 0.001254 -0.037346
v -0.001984 0.001315 -0.037348
v 0.006625 0.001987 -0.036535
v 0.006585 0.002042 -0.036541
v 0.004623 0.001802 -0.036723
v -0.002469 -0.004871 -0.037064
v -0.009304 0.006329 -0.038338
v -0.002176 -0.006455 -0.036951
v -0.002176 -0.006455 -0.036951
v -0.009304 0.006329 -0.038338
v -0.006067 -0.011161 -0.037083
v -0.002176 -0.006455 -0.036951
v -0.006067 -0.011161 -0.037083
v -0.002066 -0.006849 -0.036919
v -0.002066 -0.006849 -0.036919
v -0.006067 -0.011161 -0.037083
v -0.001891 -0.007216 -0.036882
v 0.001423 -0.001214 -0.036877
v 0.001625 -0.001228 -0.036856
v 0.002618 0.000335 -0.036842
v 0.002618 0.000335 -0.036842
v 0.001625 -0.001228 -0.036856
v 0.001823 -0.001278 -0.036833
v 0.002618 0.000335 -0.036842
v 0.001823 -0.001278 -0.036833
v 0.003097 0.000097 -0.036782
v 0.003097 0.000097 -0.036782
v 0.001823 -0.001278 -0.036833
v 0.002008 -0.001362 -0.036811
v 0.003097 0.000097 -0.036782
v 0.002008 -0.001362 -0.036811
v 0.003527 -0.000220 -0.036723
v 0.003527 -0.000220 -0.036723
v 0.002008 -0.001362 -0.036811
v 0.002176 -0.001477 -0.036788
v 0.003527 -0.000220 -0.036723
v 0.002176 -0.001477 -0.036788
v 0.003898 -0.000606 -0.036665
v 0.003898 -0.000606 -0.036665
v 0.002176 -0.001477 -0.036788
v 0.002322 -0.001620 -0.036767
v 0.003898 -0.000606 -0.036665
v 0.002322 -0.001620 -0.036767
v 0.004196 -0.001051 -0.036612
v 0.005867 -0.004915 -0.036240
v 0.007781 -0.004549 -0.036071
v 0.004623 0.001802 -0.036723
v 0.004623 0.001802 -0.036723
v 0.007781 -0.004549 -0.036071
v 0.007036 -0.000518 -0.036360
v 0.004623 0.001802 -0.036723
v 0.007036 -0.000518 -0.036360
v 0.007029 -0.000450 -0.036365
v 0.006924 0.001852 -0.036498
v 0.006856 0.001856 -0.036505
v 0.007220 -0.000109 -0.036364
v 0.012799 -0.004003 -0.035606
v 0.012767 -0.004410 -0.035587
v 0.018295 -0.006497 -0.034931
v 0.018295 -0.006497 -0.034931
v 0.012767 -0.004410 -0.035587
v 0.012665 -0.004807 -0.035575
v 0.018295 -0.006497 -0.034931
v 0.012665 -0.004807 -0.035575
v 0.012496 -0.005179 -0.035573
v -0.000952 -0.003637 -0.036981
v -0.002469 -0.004871 -0.037064
v -0.000806 -0.003779 -0.036959
v -0.000806 -0.003779 -0.036959
v -0.002469 -0.004871 -0.037064
v -0.002141 -0.005212 -0.037014
v -0.000806 -0.003779 -0.036959
v -0.002141 -0.005212 -0.037014
v -0.000638 -0.003894 -0.036937
v -0.003952 0.003142 -0.037640
v -0.003991 0.003549 -0.037666
v -0.009304 0.006329 -0.038338
v -0.009304 0.006329 -0.038338
v -0.003688 0.004726 -0.037698
v -0.003458 0.005064 -0.037694
v 0.009836 0.007608 -0.036520
v 0.015058 0.010992 -0.036186
v 0.009465 0.007776 -0.036564
v 0.009465 0.007776 -0.036564
v 0.015058 0.010992 -0.036186
v 0.009071 0.007876 -0.036609
v 0.009836 0.007608 -0.036520
v 0.010172 0.007379 -0.036473
v 0.015058 0.010992 -0.036186
v 0.015058 0.010992 -0.036186
v 0.010172 0.007379 -0.036473
v 0.010462 0.007094 -0.036429
v 0.015058 0.010992 -0.036186
v 0.010462 0.007094 -0.036429
v 0.010699 0.006763 -0.036389
v 0.007034 -0.000383 -0.036368
v 0.007051 -0.000316 -0.036370
v 0.006729 0.001901 -0.036520
v 0.006729 0.001901 -0.036520
v 0.007051 -0.000316 -0.036370
v 0.007079 -0.000254 -0.036370
v 0.006729 0.001901 -0.036520
v 0.007079 -0.000254 -0.036370
v 0.007118 -0.000198 -0.036370
v 0.007034 -0.000383 -0.036368
v 0.006729 0.001901 -0.036520
v 0.004623 0.001802 -0.036723
v 0.004623 0.001802 -0.036723
v 0.006729 0.001901 -0.036520
v 0.006673 0.001939 -0.036527
v 0.004623 0.001802 -0.036723
v 0.006673 0.001939 -0.036527
v 0.006625 0.001987 -0.036535
v 0.012496 -0.005179 -0.035573
v 0.012265 -0.005517 -0.035577
v 0.018295 -0.006497 -0.034931
v 0.018295 -0.006497 -0.034931
v 0.012265 -0.005517 -0.035577
v 0.011980 -0.005811 -0.035589
v 0.018295 -0.006497 -0.034931
v 0.011980 -0.005811 -0.035589
v 0.011648 -0.006049 -0.035610
v 0.002645 0.002936 -0.036978
v 0.002403 0.003245 -0.037018
v 0.000955 0.001930 -0.037091
v -0.003952 0.003142 -0.037640
v -0.009304 0.006329 -0.038338
v -0.003761 0.002112 -0.037565
v -0.003458 0.005064 -0.037694
v -0.003172 0.005356 -0.037682
v -0.009304 0.006329 -0.038338
v -0.009304 0.006329 -0.038338
v -0.003172 0.005356 -0.037682
v -0.002841 0.005596 -0.037661
v -0.009304 0.006329 -0.038338
v -0.002841 0.005596 -0.037661
v -0.002473 0.005774 -0.037635
v 0.010699 0.006763 -0.036389
v 0.010874 0.006395 -0.036352
v 0.015058 0.010992 -0.036186
v 0.015058 0.010992 -0.036186
v 0.010874 0.006395 -0.036352
v 0.010983 0.006001 -0.036320
v 0.015058 0.010992 -0.036186
v 0.010983 0.006001 -0.036320
v 0.018295 -0.006497 -0.034931
v 0.006856 0.001856 -0.036505
v 0.006791 0.001873 -0.036513
v 0.007220 -0.000109 -0.036364
v 0.007220 -0.000109 -0.036364
v 0.006791 0.001873 -0.036513
v 0.006729 0.001901 -0.036520
v 0.007220 -0.000109 -0.036364
v 0.006729 0.001901 -0.036520
v 0.007165 -0.000149 -0.036367
v 0.007165 -0.000149 -0.036367
v 0.006729 0.001901 -0.036520
v 0.007118 -0.000198 -0.036370
v -0.000952 -0.003637 -0.036981
v -0.001070 -0.003471 -0.037001
v -0.002469 -0.004871 -0.037064
v -0.002469 -0.004871 -0.037064
v -0.001070 -0.003471 -0.037001
v -0.002744 -0.003384 -0.037171
v -0.002469 -0.004871 -0.037064
v -0.002744 -0.003384 -0.037171
v -0.009304 0.006329 -0.038338
v -0.009304 0.006329 -0.038338
v -0.002744 -0.003384 -0.037171
v -0.003526 0.000839 -0.037474
v -0.009304 0.006329 -0.038338
v -0.003526 0.000839 -0.037474
v -0.003761 0.002112 -0.037565
v -0.003761 0.002112 -0.037565
v -0.003526 0.000839 -0.037474
v -0.002000 0.001193 -0.037343
v -0.003761 0.002112 -0.037565
v -0.002000 0.001193 -0.037343
v -0.001997 0.001254 -0.037346
v -0.003991 0.003549 -0.037666
v -0.003959 0.003956 -0.037684
v -0.009304 0.006329 -0.038338
v -0.009304 0.006329 -0.038338
v -0.003959 0.003956 -0.037684
v -0.003857 0.004353 -0.037695
v -0.009304 0.006329 -0.038338
v -0.003857 0.004353 -0.037695
v -0.003688 0.004726 -0.037698
v 0.006585 0.002042 -0.036541
v 0.006556 0.002103 -0.036548
v 0.004623 0.001802 -0.036723
v 0.004623 0.001802 -0.036723
v 0.006556 0.002103 -0.036548
v 0.006538 0.002169 -0.036553
v 0.004623 0.001802 -0.036723
v 0.006538 0.002169 -0.036553
v 0.004574 0.002311 -0.036754
v 0.004574 0.002311 -0.036754
v 0.006538 0.002169 -0.036553
v 0.006522 0.002339 -0.036564
v 0.004574 0.002311 -0.036754
v 0.006522 0.002339 -0.036564
v 0.004614 0.002820 -0.036778
v 0.004614 0.002820 -0.036778
v 0.006522 0.002339 -0.036564
v 0.006535 0.002508 -0.036572
v 0.004614 0.002820 -0.036778
v 0.006535 0.002508 -0.036572
v 0.004742 0.003316 -0.036792
v 0.004742 0.003316 -0.036792
v 0.006535 0.002508 -0.036572
v 0.006577 0.002673 -0.036576
v 0.004742 0.003316 -0.036792
v 0.006577 0.002673 -0.036576
v 0.004952 0.003782 -0.036796
v 0.004952 0.003782 -0.036796
v 0.006577 0.002673 -0.036576
v 0.006647 0.002829 -0.036578
v 0.004952 0.003782 -0.036796
v 0.006647 0.002829 -0.036578
v 0.005241 0.004204 -0.036791
v 0.005241 0.004204 -0.036791
v 0.006647 0.002829 -0.036578
v 0.006744 0.002969 -0.036576
v 0.005241 0.004204 -0.036791
v 0.006744 0.002969 -0.036576
v 0.005598 0.004570 -0.036774
v 0.005598 0.004570 -0.036774
v 0.006744 0.002969 -0.036576
v 0.006863 0.003092 -0.036571
v 0.005598 0.004570 -0.036774
v 0.006863 0.003092 -0.036571
v 0.006012 0.004870 -0.036749
v 0.006012 0.004870 -0.036749
v 0.006863 0.003092 -0.036571
v 0.007001 0.003191 -0.036562
v 0.006012 0.004870 -0.036749
v 0.007001 0.003191 -0.036562
v 0.006472 0.005092 -0.036716
v 0.006472 0.005092 -0.036716
v 0.007001 0.003191 -0.036562
v 0.007154 0.003265 -0.036551
v 0.006472 0.005092 -0.036716
v 0.007154 0.003265 -0.036551
v 0.006962 0.005231 -0.036676
v 0.006962 0.005231 -0.036676
v 0.007154 0.003265 -0.036551
v 0.007317 0.003312 -0.036537
v 0.006962 0.005231 -0.036676
v 0.007317 0.003312 -0.036537
v 0.010983 0.006001 -0.036320
v 0.010983 0.006001 -0.036320
v 0.007317 0.003312 -0.036537
v 0.011339 0.004082 -0.036182
v 0.010983 0.006001 -0.036320
v 0.011339 0.004082 -0.036182
v 0.018295 -0.006497 -0.034931
v 0.018295 -0.006497 -0.034931
v 0.011339 0.004082 -0.036182
v 0.012760 -0.003596 -0.035631
v 0.018295 -0.006497 -0.034931
v 0.012760 -0.003596 -0.035631
v 0.012799 -0.004003 -0.035606
v -0.001984 0.001315 -0.037348
v -0.001962 0.001371 -0.037349
v -0.003761 0.002112 -0.037565
v -0.003761 0.002112 -0.037565
v -0.001962 0.001371 -0.037349
v -0.001931 0.001424 -0.037348
v -0.003761 0.002112 -0.037565
v -0.001931 0.001424 -0.037348
v -0.003583 0.002453 -0.037566
v -0.003583 0.002453 -0.037566
v -0.001931 0.001424 -0.037348
v -0.001893 0.001473 -0.037347
v -0.002473 0.005774 -0.037635
v -0.002080 0.005885 -0.037602
v -0.009304 0.006329 -0.038338
v -0.009304 0.006329 -0.038338
v -0.002080 0.005885 -0.037602
v 0.008259 0.007864 -0.036688
v -0.009304 0.006329 -0.038338
v 0.008259 0.007864 -0.036688
v 0.015058 0.010992 -0.036186
v 0.015058 0.010992 -0.036186
v 0.008259 0.007864 -0.036688
v 0.008665 0.007906 -0.036651
v 0.015058 0.010992 -0.036186
v 0.008665 0.007906 -0.036651
v 0.009071 0.007876 -0.036609
v 0.007347 -0.000061 -0.036354
v 0.010411 0.000525 -0.036084
v 0.010055 0.002444 -0.036221
v 0.002322 -0.001620 -0.036767
v 0.002439 -0.001785 -0.036746
v 0.004196 -0.001051 -0.036612
v 0.004196 -0.001051 -0.036612
v 0.002439 -0.001785 -0.036746
v 0.002527 -0.001969 -0.036728
v 0.004196 -0.001051 -0.036612
v 0.002527 -0.001969 -0.036728
v 0.004413 -0.001541 -0.036564
v 0.004413 -0.001541 -0.036564
v 0.002527 -0.001969 -0.036728
v 0.002582 -0.002166 -0.036711
v 0.004413 -0.001541 -0.036564
v 0.002582 -0.002166 -0.036711
v 0.004544 -0.002061 -0.036524
v 0.004544 -0.002061 -0.036524
v 0.002582 -0.002166 -0.036711
v 0.002617 -0.002358 -0.036697
v 0.004544 -0.002061 -0.036524
v 0.002617 -0.002358 -0.036697
v 0.004584 -0.002596 -0.036491
v 0.004584 -0.002596 -0.036491
v 0.002617 -0.002358 -0.036697
v 0.002636 -0.002540 -0.036686
v 0.004584 -0.002596 -0.036491
v 0.002636 -0.002540 -0.036686
v 0.004532 -0.003131 -0.036467
v 0.004532 -0.003131 -0.036467
v 0.002636 -0.002540 -0.036686
v 0.002627 -0.002724 -0.036677
v 0.004532 -0.003131 -0.036467
v 0.002627 -0.002724 -0.036677
v 0.004390 -0.003650 -0.036454
v 0.004390 -0.003650 -0.036454
v 0.002627 -0.002724 -0.036677
v 0.002589 -0.002905 -0.036671
v 0.004390 -0.003650 -0.036454
v 0.002589 -0.002905 -0.036671
v 0.004161 -0.004136 -0.036450
v 0.000955 0.001930 -0.037091
v 0.002403 0.003245 -0.037018
v 0.000907 0.001968 -0.037098
v 0.000907 0.001968 -0.037098
v 0.002403 0.003245 -0.037018
v 0.002114 0.003509 -0.037061
v 0.000907 0.001968 -0.037098
v 0.002114 0.003509 -0.037061
v 0.000855 0.001998 -0.037104
v 0.000855 0.001998 -0.037104
v 0.002114 0.003509 -0.037061
v 0.001784 0.003721 -0.037105
v 0.000855 0.001998 -0.037104
v 0.001784 0.003721 -0.037105
v 0.000798 0.002020 -0.037111
v 0.000798 0.002020 -0.037111
v 0.001784 0.003721 -0.037105
v 0.001424 0.003874 -0.037149
v 0.000798 0.002020 -0.037111
v 0.001424 0.003874 -0.037149
v 0.000738 0.002033 -0.037118
v 0.000738 0.002033 -0.037118
v 0.001424 0.003874 -0.037149
v 0.001042 0.003965 -0.037191
v 0.000738 0.002033 -0.037118
v 0.001042 0.003965 -0.037191
v 0.000677 0.002036 -0.037124
v 0.000677 0.002036 -0.037124
v 0.001042 0.003965 -0.037191
v 0.000651 0.003989 -0.037231
v 0.000677 0.002036 -0.037124
v 0.000651 0.003989 -0.037231
v 0.000616 0.002029 -0.037129
v 0.000616 0.002029 -0.037129
v 0.000651 0.003989 -0.037231
v 0.000261 0.003948 -0.037267
v 0.000616 0.002029 -0.037129
v 0.000261 0.003948 -0.037267
v -0.001682 0.001589 -0.037332
v -0.001682 0.001589 -0.037332
v 0.000261 0.003948 -0.037267
v -0.002037 0.003508 -0.037470
v -0.001682 0.001589 -0.037332
v -0.002037 0.003508 -0.037470
v -0.001741 0.001573 -0.037337
v -0.001741 0.001573 -0.037337
v -0.002037 0.003508 -0.037470
v -0.002407 0.003406 -0.037502
v -0.001741 0.001573 -0.037337
v -0.002407 0.003406 -0.037502
v -0.001797 0.001548 -0.037341
v -0.001797 0.001548 -0.037341
v -0.002407 0.003406 -0.037502
v -0.002755 0.003243 -0.037527
v -0.001797 0.001548 -0.037341
v -0.002755 0.003243 -0.037527
v -0.001848 0.001514 -0.037345
v -0.001848 0.001514 -0.037345
v -0.002755 0.003243 -0.037527
v -0.003073 0.003027 -0.037547
v -0.001848 0.001514 -0.037345
v -0.003073 0.003027 -0.037547
v -0.001893 0.001473 -0.037347
v -0.001893 0.001473 -0.037347
v -0.003073 0.003027 -0.037547
v -0.003352 0.002761 -0.037560
v -0.001893 0.001473 -0.037347
v -0.003352 0.002761 -0.037560
v -0.003583 0.002453 -0.037566
v 0.000955 0.001930 -0.037091
v 0.000996 0.001885 -0.037085
v 0.002645 0.002936 -0.036978
v 0.002645 0.002936 -0.036978
v 0.000996 0.001885 -0.037085
v 0.001030 0.001833 -0.037079
v 0.002645 0.002936 -0.036978
v 0.001030 0.001833 -0.037079
v 0.002831 0.002591 -0.036942
v 0.002831 0.002591 -0.036942
v 0.001030 0.001833 -0.037079
v 0.001054 0.001778 -0.037073
v 0.002831 0.002591 -0.036942
v 0.001054 0.001778 -0.037073
v 0.002955 0.002219 -0.036909
v 0.002955 0.002219 -0.036909
v 0.001054 0.001778 -0.037073
v 0.001070 0.001718 -0.037068
v 0.002955 0.002219 -0.036909
v 0.001070 0.001718 -0.037068
v 0.003018 0.001830 -0.036882
v 0.003018 0.001830 -0.036882
v 0.001070 0.001718 -0.037068
v 0.001177 0.001142 -0.037026
v 0.003018 0.001830 -0.036882
v 0.001177 0.001142 -0.037026
v 0.003013 0.001437 -0.036861
v 0.003013 0.001437 -0.036861
v 0.001177 0.001142 -0.037026
v 0.002944 0.001049 -0.036847
v 0.007220 -0.000109 -0.036364
v 0.007282 -0.000080 -0.036360
v 0.006924 0.001852 -0.036498
v 0.006924 0.001852 -0.036498
v 0.007282 -0.000080 -0.036360
v 0.007347 -0.000061 -0.036354
v 0.006924 0.001852 -0.036498
v 0.007347 -0.000061 -0.036354
v 0.006992 0.001858 -0.036492
v 0.006992 0.001858 -0.036492
v 0.007347 -0.000061 -0.036354
v 0.010055 0.002444 -0.036221
v -0.002141 -0.005212 -0.037014
v -0.001765 -0.005499 -0.036962
v -0.000638 -0.003894 -0.036937
v -0.000638 -0.003894 -0.036937
v -0.001765 -0.005499 -0.036962
v -0.001349 -0.005725 -0.036909
v -0.000638 -0.003894 -0.036937
v -0.001349 -0.005725 -0.036909
v -0.000453 -0.003978 -0.036914
v -0.000453 -0.003978 -0.036914
v -0.001349 -0.005725 -0.036909
v -0.000904 -0.005886 -0.036856
v -0.000453 -0.003978 -0.036914
v -0.000904 -0.005886 -0.036856
v -0.000255 -0.004028 -0.036891
v -0.000255 -0.004028 -0.036891
v -0.000904 -0.005886 -0.036856
v -0.000440 -0.005977 -0.036805
v -0.000255 -0.004028 -0.036891
v -0.000440 -0.005977 -0.036805
v -0.000053 -0.004043 -0.036870
v -0.000053 -0.004043 -0.036870
v -0.000440 -0.005977 -0.036805
v 0.000034 -0.005995 -0.036758
v -0.000053 -0.004043 -0.036870
v 0.000034 -0.005995 -0.036758
v 0.000150 -0.004022 -0.036851
v 0.000150 -0.004022 -0.036851
v 0.000034 -0.005995 -0.036758
v 0.000505 -0.005942 -0.036714
v 0.000150 -0.004022 -0.036851
v 0.000505 -0.005942 -0.036714
v 0.001682 -0.003729 -0.036716
v 0.001682 -0.003729 -0.036716
v 0.000505 -0.005942 -0.036714
v 0.002037 -0.005649 -0.036579
v 0.001682 -0.003729 -0.036716
v 0.002037 -0.005649 -0.036579
v 0.001858 -0.003681 -0.036702
v 0.001858 -0.003681 -0.036702
v 0.002037 -0.005649 -0.036579
v 0.002553 -0.005503 -0.036536
v 0.001858 -0.003681 -0.036702
v 0.002553 -0.005503 -0.036536
v 0.002027 -0.003605 -0.036689
v 0.002027 -0.003605 -0.036689
v 0.002553 -0.005503 -0.036536
v 0.003037 -0.005271 -0.036501
v 0.002027 -0.003605 -0.036689
v 0.003037 -0.005271 -0.036501
v 0.002181 -0.003504 -0.036679
v 0.002181 -0.003504 -0.036679
v 0.003037 -0.005271 -0.036501
v 0.003475 -0.004959 -0.036473
v 0.002181 -0.003504 -0.036679
v 0.003475 -0.004959 -0.036473
v 0.002316 -0.003380 -0.036672
v 0.002316 -0.003380 -0.036672
v 0.003475 -0.004959 -0.036473
v 0.003853 -0.004577 -0.036457
v 0.002316 -0.003380 -0.036672
v 0.003853 -0.004577 -0.036457
v 0.002432 -0.003237 -0.036669
v 0.002432 -0.003237 -0.036669
v 0.003853 -0.004577 -0.036457
v 0.004161 -0.004136 -0.036450
v 0.002432 -0.003237 -0.036669
v 0.004161 -0.004136 -0.036450
v 0.002524 -0.003076 -0.036668
v 0.002524 -0.003076 -0.036668
v 0.004161 -0.004136 -0.036450
v 0.002589 -0.002905 -0.036671
v -0.002449 -0.019484 0.026391
v -0.009645 -0.021517 0.025848
v -0.002337 -0.020117 0.026494
v -0.002337 -0.020117 0.026494
v -0.009645 -0.021517 0.025848
v -0.009522 -0.022155 0.025837
v -0.002337 -0.020117 0.026494
v -0.009522 -0.022155 0.025837
v -0.002213 -0.020756 0.026483
v -0.002213 -0.020756 0.026483
v -0.009522 -0.022155 0.025837
v -0.009391 -0.022781 0.025714
v -0.002213 -0.020756 0.026483
v -0.009391 -0.022781 0.025714
v -0.002083 -0.021381 0.026360
v -0.002083 -0.021381 0.026360
v -0.009391 -0.022781 0.025714
v -0.009257 -0.023374 0.025482
v -0.002083 -0.021381 0.026360
v -0.009257 -0.023374 0.025482
v -0.001948 -0.021975 0.026127
v -0.001948 -0.021975 0.026127
v -0.009257 -0.023374 0.025482
v -0.009123 -0.023918 0.025149
v -0.001948 -0.021975 0.026127
v -0.009123 -0.023918 0.025149
v -0.001815 -0.022518 0.025795
v -0.001815 -0.022518 0.025795
v -0.009123 -0.023918 0.025149
v -0.008995 -0.024393 0.024723
v -0.001815 -0.022518 0.025795
v -0.008995 -0.024393 0.024723
v -0.001686 -0.022994 0.025369
v -0.001686 -0.022994 0.025369
v -0.008995 -0.024393 0.024723
v -0.008875 -0.024788 0.024220
v -0.001686 -0.022994 0.025369
v -0.008875 -0.024788 0.024220
v -0.001566 -0.023388 0.024865
v -0.001566 -0.023388 0.024865
v -0.008875 -0.024788 0.024220
v -0.008767 -0.025089 0.023653
v -0.001566 -0.023388 0.024865
v -0.008767 -0.025089 0.023653
v -0.001458 -0.023690 0.024299
v -0.001458 -0.023690 0.024299
v -0.008767 -0.025089 0.023653
v -0.008675 -0.025287 0.023040
v -0.001458 -0.023690 0.024299
v -0.008675 -0.025287 0.023040
v -0.001366 -0.023888 0.023686
v -0.001366 -0.023888 0.023686
v -0.008675 -0.025287 0.023040
v -0.008601 -0.025378 0.022400
v -0.001366 -0.023888 0.023686
v -0.008601 -0.025378 0.022400
v -0.001292 -0.023979 0.023045
v -0.001292 -0.023979 0.023045
v -0.008601 -0.025378 0.022400
v -0.008548 -0.025357 0.021751
v -0.001292 -0.023979 0.023045
v -0.008548 -0.025357 0.021751
v -0.001239 -0.023957 0.022397
v -0.001239 -0.023957 0.022397
v -0.008548 -0.025357 0.021751
v -0.008517 -0.025224 0.021114
v -0.001239 -0.023957 0.022397
v -0.008517 -0.025224 0.021114
v -0.001208 -0.023826 0.021760
v -0.001208 -0.023826 0.021760
v -0.008517 -0.025224 0.021114
v -0.008508 -0.024986 0.020509
v -0.001208 -0.023826 0.021760
v -0.008508 -0.024986 0.020509
v -0.001200 -0.023587 0.021155
v -0.001200 -0.023587 0.021155
v -0.008508 -0.024986 0.020509
v -0.008525 -0.024648 0.019953
v -0.001200 -0.023587 0.021155
v -0.008525 -0.024648 0.019953
v -0.001216 -0.023249 0.020598
v -0.001216 -0.023249 0.020598
v -0.008525 -0.024648 0.019953
v -0.008563 -0.024221 0.019462
v -0.001216 -0.023249 0.020598
v -0.008563 -0.024221 0.019462
v -0.001254 -0.022823 0.020108
v -0.001254 -0.022823 0.020108
v -0.008563 -0.024221 0.019462
v -0.008623 -0.023718 0.019054
v -0.001254 -0.022823 0.020108
v -0.008623 -0.023718 0.019054
v -0.001315 -0.022319 0.019700
v -0.001315 -0.022319 0.019700
v -0.008623 -0.023718 0.019054
v -0.008703 -0.023155 0.018739
v -0.001315 -0.022319 0.019700
v -0.008703 -0.023155 0.018739
v -0.001394 -0.021755 0.019384
v -0.001394 -0.021755 0.019384
v -0.008703 -0.023155 0.018739
v -0.008801 -0.022546 0.018528
v -0.001394 -0.021755 0.019384
v -0.008801 -0.022546 0.018528
v -0.001492 -0.021148 0.019173
v -0.001492 -0.021148 0.019173
v -0.008801 -0.022546 0.018528
v -0.008913 -0.021913 0.018425
v -0.001492 -0.021148 0.019173
v -0.008913 -0.021913 0.018425
v -0.001604 -0.020514 0.019071
v -0.001604 -0.020514 0.019071
v -0.008913 -0.021913 0.018425
v -0.009036 -0.021274 0.018436
v -0.001604 -0.020514 0.019071
v -0.009036 -0.021274 0.018436
v -0.001728 -0.019875 0.019081
v -0.001728 -0.019875 0.019081
v -0.009036 -0.021274 0.018436
v -0.009167 -0.020649 0.018559
v -0.001728 -0.019875 0.019081
v -0.009167 -0.020649 0.018559
v -0.001858 -0.019249 0.019205
v -0.001858 -0.019249 0.019205
v -0.009167 -0.020649 0.018559
v -0.009302 -0.020055 0.018791
v -0.001858 -0.019249 0.019205
v -0.009302 -0.020055 0.018791
v -0.001993 -0.018656 0.019437
v -0.001993 -0.018656 0.019437
v -0.009302 -0.020055 0.018791
v -0.009435 -0.019512 0.019125
v -0.001993 -0.018656 0.019437
v -0.009435 -0.019512 0.019125
v -0.002126 -0.018113 0.019771
v -0.002126 -0.018113 0.019771
v -0.009435 -0.019512 0.019125
v -0.009563 -0.019036 0.019550
v -0.002126 -0.018113 0.019771
v -0.009563 -0.019036 0.019550
v -0.002255 -0.017637 0.020196
v -0.002255 -0.017637 0.020196
v -0.009563 -0.019036 0.019550
v -0.009683 -0.018642 0.020053
v -0.002255 -0.017637 0.020196
v -0.009683 -0.018642 0.020053
v -0.002375 -0.017242 0.020699
v -0.002375 -0.017242 0.020699
v -0.009683 -0.018642 0.020053
v -0.009791 -0.018341 0.020621
v -0.002375 -0.017242 0.020699
v -0.009791 -0.018341 0.020621
v -0.002482 -0.016941 0.021266
v -0.002482 -0.016941 0.021266
v -0.009791 -0.018341 0.020621
v -0.009883 -0.018141 0.021233
v -0.002482 -0.016941 0.021266
v -0.009883 -0.018141 0.021233
v -0.002575 -0.016743 0.021879
v -0.002575 -0.016743 0.021879
v -0.009883 -0.018141 0.021233
v -0.009957 -0.018052 0.021874
v -0.002575 -0.016743 0.021879
v -0.009957 -0.018052 0.021874
v -0.002648 -0.016652 0.022520
v -0.002648 -0.016652 0.022520
v -0.009957 -0.018052 0.021874
v -0.010011 -0.018073 0.022523
v -0.002648 -0.016652 0.022520
v -0.010011 -0.018073 0.022523
v -0.002702 -0.016674 0.023168
v -0.002702 -0.016674 0.023168
v -0.010011 -0.018073 0.022523
v -0.010042 -0.018204 0.023159
v -0.002702 -0.016674 0.023168
v -0.010042 -0.018204 0.023159
v -0.002733 -0.016806 0.023805
v -0.002733 -0.016806 0.023805
v -0.010042 -0.018204 0.023159
v -0.010049 -0.018443 0.023765
v -0.002733 -0.016806 0.023805
v -0.010049 -0.018443 0.023765
v -0.002740 -0.017044 0.024410
v -0.002740 -0.017044 0.024410
v -0.010049 -0.018443 0.023765
v -0.010034 -0.018781 0.024321
v -0.002740 -0.017044 0.024410
v -0.010034 -0.018781 0.024321
v -0.002725 -0.017382 0.024966
v -0.002725 -0.017382 0.024966
v -0.010034 -0.018781 0.024321
v -0.009995 -0.019208 0.024811
v -0.002725 -0.017382 0.024966
v -0.009995 -0.019208 0.024811
v -0.002687 -0.017809 0.025457
v -0.002687 -0.017809 0.025457
v -0.009995 -0.019208 0.024811
v -0.009935 -0.019711 0.025219
v -0.002687 -0.017809 0.025457
v -0.009935 -0.019711 0.025219
v -0.002626 -0.018312 0.025865
v -0.002626 -0.018312 0.025865
v -0.009935 -0.019711 0.025219
v -0.009855 -0.020275 0.025535
v -0.002626 -0.018312 0.025865
v -0.009855 -0.020275 0.025535
v -0.002547 -0.018876 0.026180
v -0.002547 -0.018876 0.026180
v -0.009855 -0.020275 0.025535
v -0.009757 -0.020883 0.025746
v -0.002547 -0.018876 0.026180
v -0.009757 -0.020883 0.025746
v -0.002449 -0.019484 0.026391
v -0.002449 -0.019484 0.026391
v -0.009757 -0.020883 0.025746
v -0.009645 -0.021517 0.025848
v 0.014482 0.008144 -0.023492
v -0.009796 0.003001 -0.025567
v 0.014567 0.007664 -0.023415
v 0.014567 0.007664 -0.023415
v -0.009796 0.003001 -0.025567
v -0.009702 0.002517 -0.025575
v 0.014567 0.007664 -0.023415
v -0.009702 0.002517 -0.025575
v 0.014661 0.007180 -0.023423
v 0.014661 0.007180 -0.023423
v -0.009702 0.002517 -0.025575
v -0.009603 0.002042 -0.025669
v 0.014661 0.007180 -0.023423
v -0.009603 0.002042 -0.025669
v 0.014759 0.006706 -0.023516
v 0.014759 0.006706 -0.023516
v -0.009603 0.002042 -0.025669
v -0.009502 0.001593 -0.025845
v 0.014759 0.006706 -0.023516
v -0.009502 0.001593 -0.025845
v 0.014861 0.006257 -0.023692
v 0.014861 0.006257 -0.023692
v -0.009502 0.001593 -0.025845
v -0.009400 0.001182 -0.026097
v 0.014861 0.006257 -0.023692
v -0.009400 0.001182 -0.026097
v 0.014962 0.005846 -0.023945
v 0.014962 0.005846 -0.023945
v -0.009400 0.001182 -0.026097
v -0.009303 0.000820 -0.026419
v 0.014962 0.005846 -0.023945
v -0.009303 0.000820 -0.026419
v 0.015060 0.005484 -0.024267
v 0.015060 0.005484 -0.024267
v -0.009303 0.000820 -0.026419
v -0.009212 0.000521 -0.026801
v 0.015060 0.005484 -0.024267
v -0.009212 0.000521 -0.026801
v 0.015150 0.005186 -0.024648
v 0.015150 0.005186 -0.024648
v -0.009212 0.000521 -0.026801
v -0.009130 0.000294 -0.027230
v 0.015150 0.005186 -0.024648
v -0.009130 0.000294 -0.027230
v 0.015232 0.004957 -0.025078
v 0.015232 0.004957 -0.025078
v -0.009130 0.000294 -0.027230
v -0.009061 0.000143 -0.027695
v 0.015232 0.004957 -0.025078
v -0.009061 0.000143 -0.027695
v 0.015302 0.004807 -0.025542
v 0.015302 0.004807 -0.025542
v -0.009061 0.000143 -0.027695
v -0.009004 0.000075 -0.028180
v 0.015302 0.004807 -0.025542
v -0.009004 0.000075 -0.028180
v 0.015358 0.004739 -0.026027
v 0.015358 0.004739 -0.026027
v -0.009004 0.000075 -0.028180
v -0.008964 0.000091 -0.028671
v 0.015358 0.004739 -0.026027
v -0.008964 0.000091 -0.028671
v 0.015398 0.004754 -0.026519
v 0.015398 0.004754 -0.026519
v -0.008964 0.000091 -0.028671
v -0.008941 0.000191 -0.029154
v 0.015398 0.004754 -0.026519
v -0.008941 0.000191 -0.029154
v 0.015422 0.004854 -0.027001
v 0.015422 0.004854 -0.027001
v -0.008941 0.000191 -0.029154
v -0.008935 0.000372 -0.029613
v 0.015422 0.004854 -0.027001
v -0.008935 0.000372 -0.029613
v 0.015428 0.005035 -0.027460
v 0.015428 0.005035 -0.027460
v -0.008935 0.000372 -0.029613
v -0.008947 0.000628 -0.030033
v 0.015428 0.005035 -0.027460
v -0.008947 0.000628 -0.030033
v 0.015416 0.005291 -0.027881
v 0.015416 0.005291 -0.027881
v -0.008947 0.000628 -0.030033
v -0.008976 0.000951 -0.030405
v 0.015416 0.005291 -0.027881
v -0.008976 0.000951 -0.030405
v 0.015387 0.005615 -0.028253
v 0.015387 0.005615 -0.028253
v -0.008976 0.000951 -0.030405
v -0.009021 0.001332 -0.030715
v 0.015387 0.005615 -0.028253
v -0.009021 0.001332 -0.030715
v 0.015341 0.005996 -0.028561
v 0.015341 0.005996 -0.028561
v -0.009021 0.001332 -0.030715
v -0.009082 0.001760 -0.030953
v 0.015341 0.005996 -0.028561
v -0.009082 0.001760 -0.030953
v 0.015280 0.006423 -0.028800
v 0.015280 0.006423 -0.028800
v -0.009082 0.001760 -0.030953
v -0.009156 0.002220 -0.031114
v 0.015280 0.006423 -0.028800
v -0.009156 0.002220 -0.031114
v 0.015206 0.006884 -0.028960
v 0.015206 0.006884 -0.028960
v -0.009156 0.002220 -0.031114
v -0.009241 0.002700 -0.031191
v 0.015206 0.006884 -0.028960
v -0.009241 0.002700 -0.031191
v 0.015121 0.007363 -0.029038
v 0.015121 0.007363 -0.029038
v -0.009241 0.002700 -0.031191
v -0.009334 0.003184 -0.031183
v 0.015121 0.007363 -0.029038
v -0.009334 0.003184 -0.031183
v 0.015028 0.007847 -0.029030
v 0.015028 0.007847 -0.029030
v -0.009334 0.003184 -0.031183
v -0.009433 0.003658 -0.031089
v 0.015028 0.007847 -0.029030
v -0.009433 0.003658 -0.031089
v 0.014929 0.008322 -0.028937
v 0.014929 0.008322 -0.028937
v -0.009433 0.003658 -0.031089
v -0.009535 0.004108 -0.030914
v 0.014929 0.008322 -0.028937
v -0.009535 0.004108 -0.030914
v 0.014827 0.008771 -0.028761
v 0.014827 0.008771 -0.028761
v -0.009535 0.004108 -0.030914
v -0.009635 0.004518 -0.030661
v 0.014827 0.008771 -0.028761
v -0.009635 0.004518 -0.030661
v 0.014727 0.009183 -0.028508
v 0.014727 0.009183 -0.028508
v -0.009635 0.004518 -0.030661
v -0.009733 0.004880 -0.030339
v 0.014727 0.009183 -0.028508
v -0.009733 0.004880 -0.030339
v 0.014629 0.009543 -0.028186
v 0.014629 0.009543 -0.028186
v -0.009733 0.004880 -0.030339
v -0.009824 0.005179 -0.029957
v 0.014629 0.009543 -0.028186
v -0.009824 0.005179 -0.029957
v 0.014538 0.009842 -0.027805
v 0.014538 0.009842 -0.027805
v -0.009824 0.005179 -0.029957
v -0.009906 0.005407 -0.029527
v 0.014538 0.009842 -0.027805
v -0.009906 0.005407 -0.029527
v 0.014456 0.010070 -0.027376
v 0.014456 0.010070 -0.027376
v -0.009906 0.005407 -0.029527
v -0.009976 0.005557 -0.029063
v 0.014456 0.010070 -0.027376
v -0.009976 0.005557 -0.029063
v 0.014386 0.010221 -0.026911
v 0.014386 0.010221 -0.026911
v -0.009976 0.005557 -0.029063
v -0.010032 0.005625 -0.028578
v 0.014386 0.010221 -0.026911
v -0.010032 0.005625 -0.028578
v 0.014330 0.010289 -0.026426
v 0.014330 0.010289 -0.026426
v -0.010032 0.005625 -0.028578
v -0.010072 0.005609 -0.028087
v 0.014330 0.010289 -0.026426
v -0.010072 0.005609 -0.028087
v 0.014290 0.010273 -0.025934
v 0.014290 0.010273 -0.025934
v -0.010072 0.005609 -0.028087
v -0.010095 0.005510 -0.027604
v 0.014290 0.010273 -0.025934
v -0.010095 0.005510 -0.027604
v 0.014267 0.010173 -0.025452
v 0.014267 0.010173 -0.025452
v -0.010095 0.005510 -0.027604
v -0.010102 0.005329 -0.027146
v 0.014267 0.010173 -0.025452
v -0.010102 0.005329 -0.027146
v 0.014261 0.009992 -0.024993
v 0.014261 0.009992 -0.024993
v -0.010102 0.005329 -0.027146
v -0.010090 0.005073 -0.026725
v 0.014261 0.009992 -0.024993
v -0.010090 0.005073 -0.026725
v 0.014272 0.009736 -0.024572
v 0.014272 0.009736 -0.024572
v -0.010090 0.005073 -0.026725
v -0.010060 0.004749 -0.026354
v 0.014272 0.009736 -0.024572
v -0.010060 0.004749 -0.026354
v 0.014302 0.009413 -0.024200
v 0.014302 0.009413 -0.024200
v -0.010060 0.004749 -0.026354
v -0.010015 0.004368 -0.026044
v 0.014302 0.009413 -0.024200
v -0.010015 0.004368 -0.026044
v 0.014347 0.009032 -0.023891
v 0.014347 0.009032 -0.023891
v -0.010015 0.004368 -0.026044
v -0.009955 0.003940 -0.025805
v 0.014347 0.009032 -0.023891
v -0.009955 0.003940 -0.025805
v 0.014408 0.008604 -0.023653
v 0.014408 0.008604 -0.023653
v -0.009955 0.003940 -0.025805
v -0.009881 0.003480 -0.025645
v 0.014408 0.008604 -0.023653
v -0.009881 0.003480 -0.025645
v 0.014482 0.008144 -0.023492
v 0.014482 0.008144 -0.023492
v -0.009881 0.003480 -0.025645
v -0.009796 0.003001 -0.025567
v -0.007881 -0.026886 0.017518
v -0.007652 -0.029432 0.020439
v -0.000572 -0.025487 0.018164
v -0.000572 -0.025487 0.018164
v -0.007652 -0.029432 0.020439
v -0.000343 -0.028033 0.021085
v -0.002597 -0.012998 0.014025
v -0.003376 -0.011052 0.018619
v 0.007148 -0.011133 0.014886
v 0.007148 -0.011133 0.014886
v -0.003376 -0.011052 0.018619
v 0.006369 -0.009186 0.019480
v 0.007997 -0.016230 0.016310
v 0.007584 -0.013833 0.015795
v 0.007752 -0.016791 0.020298
v 0.007532 -0.018891 0.027344
v 0.007234 -0.020072 0.033282
v 0.007662 -0.019516 0.027221
v 0.007662 -0.019516 0.027221
v 0.007234 -0.020072 0.033282
v 0.007534 -0.021488 0.032946
v 0.007662 -0.019516 0.027221
v 0.007534 -0.021488 0.032946
v 0.007797 -0.020110 0.026989
v 0.007797 -0.020110 0.026989
v 0.007534 -0.021488 0.032946
v 0.007840 -0.022833 0.032397
v 0.007797 -0.020110 0.026989
v 0.007840 -0.022833 0.032397
v 0.007930 -0.020652 0.026656
v 0.007930 -0.020652 0.026656
v 0.007840 -0.022833 0.032397
v 0.008145 -0.024078 0.031645
v 0.007930 -0.020652 0.026656
v 0.008145 -0.024078 0.031645
v 0.008059 -0.021128 0.026230
v 0.008059 -0.021128 0.026230
v 0.008145 -0.024078 0.031645
v 0.008441 -0.025192 0.030709
v 0.008059 -0.021128 0.026230
v 0.008441 -0.025192 0.030709
v 0.008179 -0.021524 0.025727
v 0.005694 -0.012561 0.034440
v 0.005647 -0.012342 0.034494
v 0.007234 -0.020072 0.033282
v 0.008287 -0.021825 0.025160
v 0.009259 -0.027534 0.026525
v 0.008378 -0.022023 0.024547
v 0.008378 -0.022023 0.024547
v 0.009259 -0.027534 0.026525
v 0.009355 -0.027586 0.025545
v 0.008378 -0.022023 0.024547
v 0.009355 -0.027586 0.025545
v 0.008452 -0.022114 0.023906
v 0.009402 -0.026167 0.021946
v 0.008536 -0.021960 0.022621
v 0.009443 -0.026749 0.022741
v 0.009443 -0.026749 0.022741
v 0.008536 -0.021960 0.022621
v 0.008506 -0.022092 0.023257
v 0.009443 -0.026749 0.022741
v 0.008506 -0.022092 0.023257
v 0.009449 -0.027187 0.023624
v 0.009449 -0.027187 0.023624
v 0.008506 -0.022092 0.023257
v 0.008452 -0.022114 0.023906
v 0.009449 -0.027187 0.023624
v 0.008452 -0.022114 0.023906
v 0.009419 -0.027469 0.024568
v 0.009419 -0.027469 0.024568
v 0.008452 -0.022114 0.023906
v 0.009355 -0.027586 0.025545
v 0.008441 -0.025192 0.030709
v 0.008722 -0.026152 0.029611
v 0.008179 -0.021524 0.025727
v 0.008179 -0.021524 0.025727
v 0.008722 -0.026152 0.029611
v 0.008981 -0.026935 0.028375
v 0.008179 -0.021524 0.025727
v 0.008981 -0.026935 0.028375
v 0.008287 -0.021825 0.025160
v 0.008287 -0.021825 0.025160
v 0.008981 -0.026935 0.028375
v 0.009133 -0.027314 0.027478
v 0.008287 -0.021825 0.025160
v 0.009133 -0.027314 0.027478
v 0.009259 -0.027534 0.026525
v 0.007752 -0.016791 0.020298
v 0.007584 -0.013833 0.015795
v 0.007619 -0.016248 0.020631
v 0.007619 -0.016248 0.020631
v 0.007584 -0.013833 0.015795
v 0.007225 -0.011629 0.015084
v 0.007619 -0.016248 0.020631
v 0.007225 -0.011629 0.015084
v 0.007490 -0.015772 0.021056
v 0.007490 -0.015772 0.021056
v 0.007225 -0.011629 0.015084
v 0.007148 -0.011133 0.014886
v 0.007490 -0.015772 0.021056
v 0.007148 -0.011133 0.014886
v 0.007370 -0.015377 0.021560
v 0.007370 -0.015377 0.021560
v 0.007148 -0.011133 0.014886
v 0.006369 -0.009186 0.019480
v 0.007370 -0.015377 0.021560
v 0.006369 -0.009186 0.019480
v 0.007262 -0.015076 0.022127
v 0.007752 -0.016791 0.020298
v 0.007887 -0.017384 0.020066
v 0.007997 -0.016230 0.016310
v 0.007997 -0.016230 0.016310
v 0.007887 -0.017384 0.020066
v 0.008017 -0.018010 0.019943
v 0.007997 -0.016230 0.016310
v 0.008017 -0.018010 0.019943
v 0.008467 -0.018826 0.016614
v 0.008467 -0.018826 0.016614
v 0.008017 -0.018010 0.019943
v 0.008140 -0.018649 0.019932
v 0.008467 -0.018826 0.016614
v 0.008140 -0.018649 0.019932
v 0.008660 -0.019907 0.016779
v 0.008660 -0.019907 0.016779
v 0.008140 -0.018649 0.019932
v 0.008252 -0.019282 0.020034
v 0.008660 -0.019907 0.016779
v 0.008252 -0.019282 0.020034
v 0.008830 -0.020952 0.017112
v 0.008830 -0.020952 0.017112
v 0.008252 -0.019282 0.020034
v 0.008350 -0.019890 0.020246
v 0.008830 -0.020952 0.017112
v 0.008350 -0.019890 0.020246
v 0.008975 -0.021935 0.017606
v 0.008975 -0.021935 0.017606
v 0.008350 -0.019890 0.020246
v 0.008431 -0.020453 0.020560
v 0.008975 -0.021935 0.017606
v 0.008431 -0.020453 0.020560
v 0.009090 -0.022833 0.018249
v 0.009090 -0.022833 0.018249
v 0.008431 -0.020453 0.020560
v 0.008490 -0.020957 0.020969
v 0.009090 -0.022833 0.018249
v 0.008490 -0.020957 0.020969
v 0.009173 -0.023621 0.019025
v 0.009173 -0.023621 0.019025
v 0.008490 -0.020957 0.020969
v 0.008529 -0.021384 0.021459
v 0.009173 -0.023621 0.019025
v 0.008529 -0.021384 0.021459
v 0.009402 -0.026167 0.021946
v 0.009402 -0.026167 0.021946
v 0.008529 -0.021384 0.021459
v 0.008545 -0.021722 0.022015
v 0.009402 -0.026167 0.021946
v 0.008545 -0.021722 0.022015
v 0.008536 -0.021960 0.022621
v 0.005875 -0.013254 0.033883
v 0.005833 -0.013119 0.034066
v 0.007234 -0.020072 0.033282
v 0.005833 -0.013119 0.034066
v 0.005788 -0.012956 0.034223
v 0.007234 -0.020072 0.033282
v 0.007234 -0.020072 0.033282
v 0.005788 -0.012956 0.034223
v 0.005741 -0.012768 0.034348
v 0.007234 -0.020072 0.033282
v 0.005741 -0.012768 0.034348
v 0.005694 -0.012561 0.034440
v 0.007532 -0.018891 0.027344
v 0.007408 -0.018251 0.027355
v 0.007234 -0.020072 0.033282
v 0.007234 -0.020072 0.033282
v 0.007408 -0.018251 0.027355
v 0.007297 -0.017618 0.027253
v 0.007234 -0.020072 0.033282
v 0.007297 -0.017618 0.027253
v 0.005875 -0.013254 0.033883
v 0.005875 -0.013254 0.033883
v 0.007297 -0.017618 0.027253
v 0.007199 -0.017011 0.027041
v 0.005875 -0.013254 0.033883
v 0.007199 -0.017011 0.027041
v 0.005912 -0.013356 0.033679
v 0.007262 -0.015076 0.022127
v 0.006369 -0.009186 0.019480
v 0.007170 -0.014877 0.022740
v 0.007170 -0.014877 0.022740
v 0.006369 -0.009186 0.019480
v 0.006118 -0.008644 0.021150
v 0.007170 -0.014877 0.022740
v 0.006118 -0.008644 0.021150
v 0.007097 -0.014787 0.023381
v 0.007097 -0.014787 0.023381
v 0.006118 -0.008644 0.021150
v 0.005916 -0.008394 0.022893
v 0.007097 -0.014787 0.023381
v 0.005916 -0.008394 0.022893
v 0.007043 -0.014808 0.024029
v 0.007043 -0.014808 0.024029
v 0.005916 -0.008394 0.022893
v 0.005769 -0.008446 0.024660
v 0.007043 -0.014808 0.024029
v 0.005769 -0.008446 0.024660
v 0.007013 -0.014940 0.024666
v 0.007013 -0.014940 0.024666
v 0.005769 -0.008446 0.024660
v 0.005683 -0.008798 0.026396
v 0.007013 -0.014940 0.024666
v 0.005683 -0.008798 0.026396
v 0.007004 -0.015179 0.025271
v 0.007004 -0.015179 0.025271
v 0.005683 -0.008798 0.026396
v 0.005660 -0.009437 0.028050
v 0.007004 -0.015179 0.025271
v 0.005660 -0.009437 0.028050
v 0.007020 -0.015516 0.025827
v 0.007020 -0.015516 0.025827
v 0.005660 -0.009437 0.028050
v 0.005699 -0.010347 0.029572
v 0.007020 -0.015516 0.025827
v 0.005699 -0.010347 0.029572
v 0.007059 -0.015943 0.026317
v 0.007059 -0.015943 0.026317
v 0.005699 -0.010347 0.029572
v 0.005801 -0.011498 0.030917
v 0.007059 -0.015943 0.026317
v 0.005801 -0.011498 0.030917
v 0.007118 -0.016446 0.026726
v 0.007118 -0.016446 0.026726
v 0.005801 -0.011498 0.030917
v 0.005961 -0.012858 0.032044
v 0.007118 -0.016446 0.026726
v 0.005961 -0.012858 0.032044
v 0.007199 -0.017011 0.027041
v 0.007199 -0.017011 0.027041
v 0.005961 -0.012858 0.032044
v 0.005983 -0.013035 0.032190
v 0.007199 -0.017011 0.027041
v 0.005983 -0.013035 0.032190
v 0.005996 -0.013186 0.032365
v 0.005996 -0.013186 0.032365
v 0.006002 -0.013306 0.032563
v 0.007199 -0.017011 0.027041
v 0.007199 -0.017011 0.027041
v 0.006002 -0.013306 0.032563
v 0.005999 -0.013391 0.032777
v 0.007199 -0.017011 0.027041
v 0.005999 -0.013391 0.032777
v 0.005988 -0.013440 0.033003
v 0.005988 -0.013440 0.033003
v 0.005970 -0.013450 0.033232
v 0.007199 -0.017011 0.027041
v 0.007199 -0.017011 0.027041
v 0.005970 -0.013450 0.033232
v 0.005945 -0.013422 0.033460
v 0.007199 -0.017011 0.027041
v 0.005945 -0.013422 0.033460
v 0.005912 -0.013356 0.033679
v -0.000486 -0.029399 0.025664
v -0.001458 -0.023690 0.024299
v -0.001366 -0.023888 0.023686
v -0.001748 -0.018095 0.015449
v -0.001858 -0.019249 0.019205
v -0.002161 -0.015698 0.014933
v -0.002161 -0.015698 0.014933
v -0.001858 -0.019249 0.019205
v -0.001993 -0.018656 0.019437
v -0.002161 -0.015698 0.014933
v -0.001993 -0.018656 0.019437
v -0.002519 -0.013495 0.014222
v -0.002519 -0.013495 0.014222
v -0.001993 -0.018656 0.019437
v -0.002126 -0.018113 0.019771
v -0.002519 -0.013495 0.014222
v -0.002126 -0.018113 0.019771
v -0.002597 -0.012998 0.014025
v -0.002597 -0.012998 0.014025
v -0.002126 -0.018113 0.019771
v -0.002255 -0.017637 0.020196
v -0.002597 -0.012998 0.014025
v -0.002255 -0.017637 0.020196
v -0.003376 -0.011052 0.018619
v -0.000343 -0.028033 0.021085
v -0.000302 -0.028615 0.021879
v -0.001239 -0.023957 0.022397
v -0.001239 -0.023957 0.022397
v -0.000302 -0.028615 0.021879
v -0.000296 -0.029053 0.022763
v -0.001239 -0.023957 0.022397
v -0.000296 -0.029053 0.022763
v -0.001292 -0.023979 0.023045
v -0.001292 -0.023979 0.023045
v -0.000296 -0.029053 0.022763
v -0.000325 -0.029334 0.023708
v -0.001292 -0.023979 0.023045
v -0.000325 -0.029334 0.023708
v -0.001366 -0.023888 0.023686
v -0.001366 -0.023888 0.023686
v -0.000325 -0.029334 0.023708
v -0.000390 -0.029451 0.024684
v -0.001366 -0.023888 0.023686
v -0.000390 -0.029451 0.024684
v -0.000486 -0.029399 0.025664
v -0.004004 -0.014634 0.033487
v -0.002512 -0.021937 0.032421
v -0.004052 -0.014427 0.033578
v -0.004052 -0.014427 0.033578
v -0.002512 -0.021937 0.032421
v -0.004098 -0.014207 0.033633
v -0.004004 -0.014634 0.033487
v -0.003957 -0.014822 0.033362
v -0.002512 -0.021937 0.032421
v -0.002512 -0.021937 0.032421
v -0.003957 -0.014822 0.033362
v -0.003912 -0.014985 0.033204
v -0.002512 -0.021937 0.032421
v -0.003912 -0.014985 0.033204
v -0.003870 -0.015120 0.033022
v -0.001239 -0.023957 0.022397
v -0.001208 -0.023826 0.021760
v -0.000343 -0.028033 0.021085
v -0.000343 -0.028033 0.021085
v -0.001208 -0.023826 0.021760
v -0.001200 -0.023587 0.021155
v -0.000343 -0.028033 0.021085
v -0.001200 -0.023587 0.021155
v -0.000572 -0.025487 0.018164
v -0.000572 -0.025487 0.018164
v -0.001200 -0.023587 0.021155
v -0.001216 -0.023249 0.020598
v -0.000572 -0.025487 0.018164
v -0.001216 -0.023249 0.020598
v -0.000655 -0.024698 0.017389
v -0.000655 -0.024698 0.017389
v -0.001216 -0.023249 0.020598
v -0.001254 -0.022823 0.020108
v -0.000655 -0.024698 0.017389
v -0.001254 -0.022823 0.020108
v -0.000770 -0.023801 0.016745
v -0.000770 -0.023801 0.016745
v -0.001254 -0.022823 0.020108
v -0.001315 -0.022319 0.019700
v -0.000770 -0.023801 0.016745
v -0.001315 -0.022319 0.019700
v -0.000914 -0.022817 0.016251
v -0.000914 -0.022817 0.016251
v -0.001315 -0.022319 0.019700
v -0.001394 -0.021755 0.019384
v -0.000914 -0.022817 0.016251
v -0.001394 -0.021755 0.019384
v -0.001085 -0.021772 0.015917
v -0.001085 -0.021772 0.015917
v -0.001394 -0.021755 0.019384
v -0.001492 -0.021148 0.019173
v -0.001085 -0.021772 0.015917
v -0.001492 -0.021148 0.019173
v -0.001277 -0.020691 0.015754
v -0.001277 -0.020691 0.015754
v -0.001492 -0.021148 0.019173
v -0.001604 -0.020514 0.019071
v -0.001277 -0.020691 0.015754
v -0.001604 -0.020514 0.019071
v -0.001748 -0.018095 0.015449
v -0.001748 -0.018095 0.015449
v -0.001604 -0.020514 0.019071
v -0.001728 -0.019875 0.019081
v -0.001748 -0.018095 0.015449
v -0.001728 -0.019875 0.019081
v -0.001858 -0.019249 0.019205
v -0.003746 -0.015256 0.031916
v -0.003743 -0.015171 0.031702
v -0.002547 -0.018876 0.026180
v -0.000486 -0.029399 0.025664
v -0.000612 -0.029180 0.026618
v -0.001458 -0.023690 0.024299
v -0.001458 -0.023690 0.024299
v -0.000612 -0.029180 0.026618
v -0.000764 -0.028800 0.027514
v -0.001458 -0.023690 0.024299
v -0.000764 -0.028800 0.027514
v -0.001566 -0.023388 0.024865
v -0.001566 -0.023388 0.024865
v -0.000764 -0.028800 0.027514
v -0.001023 -0.028017 0.028750
v -0.001566 -0.023388 0.024865
v -0.001023 -0.028017 0.028750
v -0.001686 -0.022994 0.025369
v -0.001686 -0.022994 0.025369
v -0.001023 -0.028017 0.028750
v -0.001304 -0.027058 0.029848
v -0.001686 -0.022994 0.025369
v -0.001304 -0.027058 0.029848
v -0.001815 -0.022518 0.025795
v -0.001815 -0.022518 0.025795
v -0.001304 -0.027058 0.029848
v -0.001600 -0.025943 0.030785
v -0.001815 -0.022518 0.025795
v -0.001600 -0.025943 0.030785
v -0.001948 -0.021975 0.026127
v -0.001948 -0.021975 0.026127
v -0.001600 -0.025943 0.030785
v -0.001905 -0.024699 0.031536
v -0.001948 -0.021975 0.026127
v -0.001905 -0.024699 0.031536
v -0.002083 -0.021381 0.026360
v -0.002083 -0.021381 0.026360
v -0.001905 -0.024699 0.031536
v -0.002211 -0.023353 0.032086
v -0.002083 -0.021381 0.026360
v -0.002211 -0.023353 0.032086
v -0.002213 -0.020756 0.026483
v -0.002213 -0.020756 0.026483
v -0.002211 -0.023353 0.032086
v -0.002512 -0.021937 0.032421
v -0.002213 -0.020756 0.026483
v -0.002512 -0.021937 0.032421
v -0.002337 -0.020117 0.026494
v -0.002337 -0.020117 0.026494
v -0.002512 -0.021937 0.032421
v -0.003870 -0.015120 0.033022
v -0.002337 -0.020117 0.026494
v -0.003870 -0.015120 0.033022
v -0.002449 -0.019484 0.026391
v -0.002255 -0.017637 0.020196
v -0.002375 -0.017242 0.020699
v -0.003376 -0.011052 0.018619
v -0.003376 -0.011052 0.018619
v -0.002375 -0.017242 0.020699
v -0.002482 -0.016941 0.021266
v -0.003376 -0.011052 0.018619
v -0.002482 -0.016941 0.021266
v -0.003627 -0.010509 0.020289
v -0.003627 -0.010509 0.020289
v -0.002482 -0.016941 0.021266
v -0.002575 -0.016743 0.021879
v -0.003627 -0.010509 0.020289
v -0.002575 -0.016743 0.021879
v -0.003829 -0.010260 0.022033
v -0.003829 -0.010260 0.022033
v -0.002575 -0.016743 0.021879
v -0.002648 -0.016652 0.022520
v -0.003829 -0.010260 0.022033
v -0.002648 -0.016652 0.022520
v -0.003975 -0.010312 0.023800
v -0.003975 -0.010312 0.023800
v -0.002648 -0.016652 0.022520
v -0.002702 -0.016674 0.023168
v -0.003975 -0.010312 0.023800
v -0.002702 -0.016674 0.023168
v -0.004061 -0.010662 0.025535
v -0.004061 -0.010662 0.025535
v -0.002702 -0.016674 0.023168
v -0.002733 -0.016806 0.023805
v -0.004061 -0.010662 0.025535
v -0.002733 -0.016806 0.023805
v -0.004085 -0.011303 0.027189
v -0.004085 -0.011303 0.027189
v -0.002733 -0.016806 0.023805
v -0.002740 -0.017044 0.024410
v -0.004085 -0.011303 0.027189
v -0.002740 -0.017044 0.024410
v -0.004045 -0.012211 0.028711
v -0.004045 -0.012211 0.028711
v -0.002740 -0.017044 0.024410
v -0.002725 -0.017382 0.024966
v -0.004045 -0.012211 0.028711
v -0.002725 -0.017382 0.024966
v -0.003944 -0.013364 0.030057
v -0.003944 -0.013364 0.030057
v -0.002725 -0.017382 0.024966
v -0.002687 -0.017809 0.025457
v -0.003944 -0.013364 0.030057
v -0.002687 -0.017809 0.025457
v -0.003783 -0.014723 0.031183
v -0.003783 -0.014723 0.031183
v -0.002687 -0.017809 0.025457
v -0.002626 -0.018312 0.025865
v -0.003783 -0.014723 0.031183
v -0.002626 -0.018312 0.025865
v -0.003762 -0.014900 0.031329
v -0.003762 -0.014900 0.031329
v -0.002626 -0.018312 0.025865
v -0.002547 -0.018876 0.026180
v -0.003762 -0.014900 0.031329
v -0.002547 -0.018876 0.026180
v -0.003749 -0.015051 0.031504
v -0.003749 -0.015051 0.031504
v -0.002547 -0.018876 0.026180
v -0.003743 -0.015171 0.031702
v -0.002449 -0.019484 0.026391
v -0.003870 -0.015120 0.033022
v -0.002547 -0.018876 0.026180
v -0.002547 -0.018876 0.026180
v -0.003870 -0.015120 0.033022
v -0.003832 -0.015221 0.032818
v -0.002547 -0.018876 0.026180
v -0.003832 -0.015221 0.032818
v -0.003800 -0.015287 0.032599
v -0.003800 -0.015287 0.032599
v -0.003774 -0.015315 0.032371
v -0.002547 -0.018876 0.026180
v -0.002547 -0.018876 0.026180
v -0.003774 -0.015315 0.032371
v -0.003756 -0.015305 0.032141
v -0.002547 -0.018876 0.026180
v -0.003756 -0.015305 0.032141
v -0.003746 -0.015256 0.031916
v 0.006369 -0.009186 0.019480
v -0.003376 -0.011052 0.018619
v -0.003627 -0.010509 0.020289
v 0.006369 -0.009186 0.019480
v -0.003627 -0.010509 0.020289
v 0.006118 -0.008644 0.021150
v 0.006118 -0.008644 0.021150
v -0.003627 -0.010509 0.020289
v -0.003829 -0.010260 0.022033
v 0.006118 -0.008644 0.021150
v -0.003829 -0.010260 0.022033
v 0.005916 -0.008394 0.022893
v 0.005916 -0.008394 0.022893
v -0.003829 -0.010260 0.022033
v -0.003975 -0.010312 0.023800
v 0.005916 -0.008394 0.022893
v -0.003975 -0.010312 0.023800
v 0.005769 -0.008446 0.024660
v 0.005769 -0.008446 0.024660
v -0.003975 -0.010312 0.023800
v -0.004061 -0.010662 0.025535
v 0.005769 -0.008446 0.024660
v -0.004061 -0.010662 0.025535
v 0.005683 -0.008798 0.026396
v 0.005683 -0.008798 0.026396
v -0.004061 -0.010662 0.025535
v -0.004085 -0.011303 0.027189
v 0.005683 -0.008798 0.026396
v -0.004085 -0.011303 0.027189
v 0.005660 -0.009437 0.028050
v 0.005660 -0.009437 0.028050
v -0.004085 -0.011303 0.027189
v -0.004045 -0.012211 0.028711
v 0.005660 -0.009437 0.028050
v -0.004045 -0.012211 0.028711
v 0.005699 -0.010347 0.029572
v 0.005699 -0.010347 0.029572
v -0.004045 -0.012211 0.028711
v -0.003944 -0.013364 0.030057
v 0.005699 -0.010347 0.029572
v -0.003944 -0.013364 0.030057
v 0.005801 -0.011498 0.030917
v 0.005801 -0.011498 0.030917
v -0.003944 -0.013364 0.030057
v -0.003783 -0.014723 0.031183
v 0.005801 -0.011498 0.030917
v -0.003783 -0.014723 0.031183
v 0.005961 -0.012858 0.032044
v 0.009922 -0.017430 0.018080
v 0.015649 -0.017358 0.018554
v 0.010112 -0.018418 0.018064
v 0.010112 -0.018418 0.018064
v 0.015649 -0.017358 0.018554
v 0.015822 -0.018336 0.018711
v 0.010112 -0.018418 0.018064
v 0.015822 -0.018336 0.018711
v 0.010285 -0.019396 0.018222
v 0.010285 -0.019396 0.018222
v 0.015822 -0.018336 0.018711
v 0.015973 -0.019275 0.019038
v 0.010285 -0.019396 0.018222
v 0.015973 -0.019275 0.019038
v 0.010436 -0.020336 0.018549
v 0.010436 -0.020336 0.018549
v 0.015973 -0.019275 0.019038
v 0.016096 -0.020147 0.019525
v 0.010436 -0.020336 0.018549
v 0.016096 -0.020147 0.019525
v 0.010560 -0.021207 0.019036
v 0.010560 -0.021207 0.019036
v 0.016096 -0.020147 0.019525
v 0.016190 -0.020925 0.020157
v 0.010560 -0.021207 0.019036
v 0.016190 -0.020925 0.020157
v 0.010653 -0.021985 0.019667
v 0.010653 -0.021985 0.019667
v 0.016190 -0.020925 0.020157
v 0.016250 -0.021585 0.020914
v 0.010653 -0.021985 0.019667
v 0.016250 -0.021585 0.020914
v 0.010712 -0.022645 0.020424
v 0.010712 -0.022645 0.020424
v 0.016250 -0.021585 0.020914
v 0.016274 -0.022107 0.021773
v 0.010712 -0.022645 0.020424
v 0.016274 -0.022107 0.021773
v 0.010737 -0.023167 0.021284
v 0.010737 -0.023167 0.021284
v 0.016274 -0.022107 0.021773
v 0.016262 -0.022476 0.022709
v 0.010737 -0.023167 0.021284
v 0.016262 -0.022476 0.022709
v 0.010725 -0.023535 0.022220
v 0.010725 -0.023535 0.022220
v 0.016262 -0.022476 0.022709
v 0.016213 -0.022679 0.023694
v 0.010725 -0.023535 0.022220
v 0.016213 -0.022679 0.023694
v 0.010676 -0.023739 0.023204
v 0.010676 -0.023739 0.023204
v 0.016213 -0.022679 0.023694
v 0.016131 -0.022712 0.024695
v 0.010676 -0.023739 0.023204
v 0.016131 -0.022712 0.024695
v 0.010594 -0.023772 0.024207
v 0.010594 -0.023772 0.024207
v 0.016131 -0.022712 0.024695
v 0.016017 -0.022573 0.025685
v 0.010594 -0.023772 0.024207
v 0.016017 -0.022573 0.025685
v 0.010480 -0.023633 0.025196
v 0.010480 -0.023633 0.025196
v 0.016017 -0.022573 0.025685
v 0.015875 -0.022266 0.026632
v 0.010480 -0.023633 0.025196
v 0.015875 -0.022266 0.026632
v 0.010338 -0.023325 0.026144
v 0.010338 -0.023325 0.026144
v 0.015875 -0.022266 0.026632
v 0.015708 -0.021801 0.027509
v 0.010338 -0.023325 0.026144
v 0.015708 -0.021801 0.027509
v 0.010171 -0.022860 0.027020
v 0.010171 -0.022860 0.027020
v 0.015708 -0.021801 0.027509
v 0.015522 -0.021190 0.028288
v 0.010171 -0.022860 0.027020
v 0.015522 -0.021190 0.028288
v 0.009985 -0.022251 0.027798
v 0.009985 -0.022251 0.027798
v 0.015522 -0.021190 0.028288
v 0.015324 -0.020455 0.028944
v 0.009985 -0.022251 0.027798
v 0.015324 -0.020455 0.028944
v 0.009787 -0.021514 0.028455
v 0.009787 -0.021514 0.028455
v 0.015324 -0.020455 0.028944
v 0.015117 -0.019615 0.029459
v 0.009787 -0.021514 0.028455
v 0.015117 -0.019615 0.029459
v 0.009581 -0.020676 0.028970
v 0.009581 -0.020676 0.028970
v 0.015117 -0.019615 0.029459
v 0.014910 -0.018699 0.029818
v 0.009581 -0.020676 0.028970
v 0.014910 -0.018699 0.029818
v 0.009373 -0.019759 0.029329
v 0.009373 -0.019759 0.029329
v 0.014910 -0.018699 0.029818
v 0.014708 -0.017732 0.030008
v 0.009373 -0.019759 0.029329
v 0.014708 -0.017732 0.030008
v 0.009171 -0.018792 0.029519
v 0.009171 -0.018792 0.029519
v 0.014708 -0.017732 0.030008
v 0.014518 -0.016744 0.030025
v 0.009171 -0.018792 0.029519
v 0.014518 -0.016744 0.030025
v 0.008981 -0.017804 0.029536
v 0.008981 -0.017804 0.029536
v 0.014518 -0.016744 0.030025
v 0.014344 -0.015766 0.029867
v 0.008981 -0.017804 0.029536
v 0.014344 -0.015766 0.029867
v 0.008807 -0.016825 0.029378
v 0.008807 -0.016825 0.029378
v 0.014344 -0.015766 0.029867
v 0.014193 -0.014827 0.029540
v 0.008807 -0.016825 0.029378
v 0.014193 -0.014827 0.029540
v 0.008657 -0.015886 0.029051
v 0.008657 -0.015886 0.029051
v 0.014193 -0.014827 0.029540
v 0.014069 -0.013954 0.029053
v 0.008657 -0.015886 0.029051
v 0.014069 -0.013954 0.029053
v 0.008533 -0.015014 0.028564
v 0.008533 -0.015014 0.028564
v 0.014069 -0.013954 0.029053
v 0.013977 -0.013177 0.028422
v 0.008533 -0.015014 0.028564
v 0.013977 -0.013177 0.028422
v 0.008439 -0.014237 0.027933
v 0.008439 -0.014237 0.027933
v 0.013977 -0.013177 0.028422
v 0.013917 -0.012517 0.027665
v 0.008439 -0.014237 0.027933
v 0.013917 -0.012517 0.027665
v 0.008380 -0.013576 0.027176
v 0.008380 -0.013576 0.027176
v 0.013917 -0.012517 0.027665
v 0.013893 -0.011995 0.026805
v 0.008380 -0.013576 0.027176
v 0.013893 -0.011995 0.026805
v 0.008357 -0.013054 0.026316
v 0.008357 -0.013054 0.026316
v 0.013893 -0.011995 0.026805
v 0.013905 -0.011626 0.025869
v 0.008357 -0.013054 0.026316
v 0.013905 -0.011626 0.025869
v 0.008368 -0.012686 0.025380
v 0.008368 -0.012686 0.025380
v 0.013905 -0.011626 0.025869
v 0.013953 -0.011422 0.024885
v 0.008368 -0.012686 0.025380
v 0.013953 -0.011422 0.024885
v 0.008416 -0.012482 0.024396
v 0.008416 -0.012482 0.024396
v 0.013953 -0.011422 0.024885
v 0.014035 -0.011390 0.023883
v 0.008416 -0.012482 0.024396
v 0.014035 -0.011390 0.023883
v 0.008499 -0.012449 0.023393
v 0.008499 -0.012449 0.023393
v 0.014035 -0.011390 0.023883
v 0.014149 -0.011529 0.022893
v 0.008499 -0.012449 0.023393
v 0.014149 -0.011529 0.022893
v 0.008613 -0.012589 0.022403
v 0.008613 -0.012589 0.022403
v 0.014149 -0.011529 0.022893
v 0.014292 -0.011836 0.021946
v 0.008613 -0.012589 0.022403
v 0.014292 -0.011836 0.021946
v 0.008755 -0.012896 0.021456
v 0.008755 -0.012896 0.021456
v 0.014292 -0.011836 0.021946
v 0.014458 -0.012301 0.021070
v 0.008755 -0.012896 0.021456
v 0.014458 -0.012301 0.021070
v 0.008921 -0.013362 0.020580
v 0.008921 -0.013362 0.020580
v 0.014458 -0.012301 0.021070
v 0.014644 -0.012911 0.020291
v 0.008921 -0.013362 0.020580
v 0.014644 -0.012911 0.020291
v 0.009107 -0.013971 0.019802
v 0.009107 -0.013971 0.019802
v 0.014644 -0.012911 0.020291
v 0.014843 -0.013647 0.019634
v 0.009107 -0.013971 0.019802
v 0.014843 -0.013647 0.019634
v 0.009306 -0.014707 0.019145
v 0.009306 -0.014707 0.019145
v 0.014843 -0.013647 0.019634
v 0.015049 -0.014486 0.019118
v 0.009306 -0.014707 0.019145
v 0.015049 -0.014486 0.019118
v 0.009512 -0.015546 0.018629
v 0.009512 -0.015546 0.018629
v 0.015049 -0.014486 0.019118
v 0.015256 -0.015403 0.018761
v 0.009512 -0.015546 0.018629
v 0.015256 -0.015403 0.018761
v 0.009719 -0.016463 0.018271
v 0.009719 -0.016463 0.018271
v 0.015256 -0.015403 0.018761
v 0.015458 -0.016370 0.018570
v 0.009719 -0.016463 0.018271
v 0.015458 -0.016370 0.018570
v 0.009922 -0.017430 0.018080
v 0.009922 -0.017430 0.018080
v 0.015458 -0.016370 0.018570
v 0.015649 -0.017358 0.018554
v 0.008791 -0.015177 0.025985
v 0.008380 -0.013576 0.027176
v 0.008777 -0.014839 0.025428
v 0.008777 -0.014839 0.025428
v 0.008380 -0.013576 0.027176
v 0.008357 -0.013054 0.026316
v 0.008777 -0.014839 0.025428
v 0.008357 -0.013054 0.026316
v 0.008784 -0.014601 0.024822
v 0.008784 -0.014601 0.024822
v 0.008357 -0.013054 0.026316
v 0.008368 -0.012686 0.025380
v 0.008784 -0.014601 0.024822
v 0.008368 -0.012686 0.025380
v 0.008815 -0.014469 0.024186
v 0.008815 -0.014469 0.024186
v 0.008368 -0.012686 0.025380
v 0.008416 -0.012482 0.024396
v 0.008815 -0.014469 0.024186
v 0.008416 -0.012482 0.024396
v 0.008868 -0.014448 0.023537
v 0.008868 -0.014448 0.023537
v 0.008416 -0.012482 0.024396
v 0.008499 -0.012449 0.023393
v 0.008868 -0.014448 0.023537
v 0.008499 -0.012449 0.023393
v 0.008942 -0.014538 0.022897
v 0.008942 -0.014538 0.022897
v 0.008499 -0.012449 0.023393
v 0.008613 -0.012589 0.022403
v 0.008942 -0.014538 0.022897
v 0.008613 -0.012589 0.022403
v 0.009034 -0.014736 0.022284
v 0.009034 -0.014736 0.022284
v 0.008613 -0.012589 0.022403
v 0.008755 -0.012896 0.021456
v 0.009034 -0.014736 0.022284
v 0.008755 -0.012896 0.021456
v 0.009142 -0.015038 0.021717
v 0.009142 -0.015038 0.021717
v 0.008755 -0.012896 0.021456
v 0.008921 -0.013362 0.020580
v 0.009142 -0.015038 0.021717
v 0.008921 -0.013362 0.020580
v 0.009262 -0.015433 0.021213
v 0.009262 -0.015433 0.021213
v 0.008921 -0.013362 0.020580
v 0.009107 -0.013971 0.019802
v 0.009262 -0.015433 0.021213
v 0.009107 -0.013971 0.019802
v 0.009391 -0.015909 0.020788
v 0.009391 -0.015909 0.020788
v 0.009107 -0.013971 0.019802
v 0.009306 -0.014707 0.019145
v 0.009391 -0.015909 0.020788
v 0.009306 -0.014707 0.019145
v 0.009524 -0.016451 0.020454
v 0.009524 -0.016451 0.020454
v 0.009306 -0.014707 0.019145
v 0.009512 -0.015546 0.018629
v 0.009524 -0.016451 0.020454
v 0.009512 -0.015546 0.018629
v 0.009659 -0.017044 0.020222
v 0.009659 -0.017044 0.020222
v 0.009512 -0.015546 0.018629
v 0.009719 -0.016463 0.018271
v 0.009659 -0.017044 0.020222
v 0.009719 -0.016463 0.018271
v 0.009789 -0.017670 0.020099
v 0.009789 -0.017670 0.020099
v 0.009719 -0.016463 0.018271
v 0.009922 -0.017430 0.018080
v 0.009789 -0.017670 0.020099
v 0.009922 -0.017430 0.018080
v 0.009912 -0.018309 0.020089
v 0.009912 -0.018309 0.020089
v 0.009922 -0.017430 0.018080
v 0.010112 -0.018418 0.018064
v 0.009912 -0.018309 0.020089
v 0.010112 -0.018418 0.018064
v 0.010024 -0.018943 0.020191
v 0.010024 -0.018943 0.020191
v 0.010112 -0.018418 0.018064
v 0.010285 -0.019396 0.018222
v 0.010024 -0.018943 0.020191
v 0.010285 -0.019396 0.018222
v 0.010122 -0.019550 0.020402
v 0.010122 -0.019550 0.020402
v 0.010285 -0.019396 0.018222
v 0.010436 -0.020336 0.018549
v 0.010122 -0.019550 0.020402
v 0.010436 -0.020336 0.018549
v 0.010202 -0.020115 0.020717
v 0.010202 -0.020115 0.020717
v 0.010436 -0.020336 0.018549
v 0.010560 -0.021207 0.019036
v 0.010202 -0.020115 0.020717
v 0.010560 -0.021207 0.019036
v 0.010262 -0.020618 0.021126
v 0.010262 -0.020618 0.021126
v 0.010560 -0.021207 0.019036
v 0.010653 -0.021985 0.019667
v 0.010262 -0.020618 0.021126
v 0.010653 -0.021985 0.019667
v 0.010301 -0.021045 0.021616
v 0.010301 -0.021045 0.021616
v 0.010653 -0.021985 0.019667
v 0.010712 -0.022645 0.020424
v 0.010301 -0.021045 0.021616
v 0.010712 -0.022645 0.020424
v 0.010317 -0.021383 0.022172
v 0.010317 -0.021383 0.022172
v 0.010712 -0.022645 0.020424
v 0.010737 -0.023167 0.021284
v 0.010317 -0.021383 0.022172
v 0.010737 -0.023167 0.021284
v 0.010309 -0.021621 0.022777
v 0.010309 -0.021621 0.022777
v 0.010737 -0.023167 0.021284
v 0.010725 -0.023535 0.022220
v 0.010309 -0.021621 0.022777
v 0.010725 -0.023535 0.022220
v 0.010277 -0.021752 0.023414
v 0.010277 -0.021752 0.023414
v 0.010725 -0.023535 0.022220
v 0.010676 -0.023739 0.023204
v 0.010277 -0.021752 0.023414
v 0.010676 -0.023739 0.023204
v 0.010224 -0.021774 0.024063
v 0.010224 -0.021774 0.024063
v 0.010676 -0.023739 0.023204
v 0.010594 -0.023772 0.024207
v 0.010224 -0.021774 0.024063
v 0.010594 -0.023772 0.024207
v 0.010150 -0.021684 0.024704
v 0.010150 -0.021684 0.024704
v 0.010594 -0.023772 0.024207
v 0.010480 -0.023633 0.025196
v 0.010150 -0.021684 0.024704
v 0.010480 -0.023633 0.025196
v 0.010058 -0.021485 0.025316
v 0.010058 -0.021485 0.025316
v 0.010480 -0.023633 0.025196
v 0.010338 -0.023325 0.026144
v 0.010058 -0.021485 0.025316
v 0.010338 -0.023325 0.026144
v 0.009950 -0.021184 0.025883
v 0.009950 -0.021184 0.025883
v 0.010338 -0.023325 0.026144
v 0.010171 -0.022860 0.027020
v 0.009950 -0.021184 0.025883
v 0.010171 -0.022860 0.027020
v 0.009831 -0.020789 0.026386
v 0.009831 -0.020789 0.026386
v 0.010171 -0.022860 0.027020
v 0.009985 -0.022251 0.027798
v 0.009831 -0.020789 0.026386
v 0.009985 -0.022251 0.027798
v 0.009702 -0.020313 0.026812
v 0.009702 -0.020313 0.026812
v 0.009985 -0.022251 0.027798
v 0.009787 -0.021514 0.028455
v 0.009702 -0.020313 0.026812
v 0.009787 -0.021514 0.028455
v 0.009568 -0.019771 0.027146
v 0.009568 -0.019771 0.027146
v 0.009787 -0.021514 0.028455
v 0.009581 -0.020676 0.028970
v 0.009568 -0.019771 0.027146
v 0.009581 -0.020676 0.028970
v 0.009434 -0.019177 0.027377
v 0.009434 -0.019177 0.027377
v 0.009581 -0.020676 0.028970
v 0.009373 -0.019759 0.029329
v 0.009434 -0.019177 0.027377
v 0.009373 -0.019759 0.029329
v 0.009304 -0.018551 0.027501
v 0.009304 -0.018551 0.027501
v 0.009373 -0.019759 0.029329
v 0.009171 -0.018792 0.029519
v 0.009304 -0.018551 0.027501
v 0.009171 -0.018792 0.029519
v 0.009180 -0.017912 0.027511
v 0.009180 -0.017912 0.027511
v 0.009171 -0.018792 0.029519
v 0.008981 -0.017804 0.029536
v 0.009180 -0.017912 0.027511
v 0.008981 -0.017804 0.029536
v 0.009068 -0.017279 0.027409
v 0.009068 -0.017279 0.027409
v 0.008981 -0.017804 0.029536
v 0.008807 -0.016825 0.029378
v 0.009068 -0.017279 0.027409
v 0.008807 -0.016825 0.029378
v 0.008970 -0.016672 0.027198
v 0.008970 -0.016672 0.027198
v 0.008807 -0.016825 0.029378
v 0.008657 -0.015886 0.029051
v 0.008970 -0.016672 0.027198
v 0.008657 -0.015886 0.029051
v 0.008890 -0.016107 0.026883
v 0.008890 -0.016107 0.026883
v 0.008657 -0.015886 0.029051
v 0.008533 -0.015014 0.028564
v 0.008890 -0.016107 0.026883
v 0.008533 -0.015014 0.028564
v 0.008830 -0.015604 0.026474
v 0.008830 -0.015604 0.026474
v 0.008533 -0.015014 0.028564
v 0.008439 -0.014237 0.027933
v 0.008830 -0.015604 0.026474
v 0.008439 -0.014237 0.027933
v 0.008791 -0.015177 0.025985
v 0.008791 -0.015177 0.025985
v 0.008439 -0.014237 0.027933
v 0.008380 -0.013576 0.027176
v 0.007270 -0.007478 -0.035650
v 0.006027 -0.008604 -0.035502
v 0.005905 -0.007793 -0.035884
v 0.005905 -0.007793 -0.035884
v 0.006027 -0.008604 -0.035502
v 0.004623 -0.008821 -0.035513
v 0.005905 -0.007793 -0.035884
v 0.004623 -0.008821 -0.035513
v 0.004501 -0.008008 -0.035895
v 0.004501 -0.008008 -0.035895
v 0.004623 -0.008821 -0.035513
v 0.003223 -0.008930 -0.035300
v 0.004501 -0.008008 -0.035895
v 0.003223 -0.008930 -0.035300
v 0.003101 -0.008118 -0.035681
v 0.003101 -0.008118 -0.035681
v 0.003223 -0.008930 -0.035300
v 0.001870 -0.008930 -0.034869
v 0.003101 -0.008118 -0.035681
v 0.001870 -0.008930 -0.034869
v 0.001748 -0.008119 -0.035251
v 0.001748 -0.008119 -0.035251
v 0.001870 -0.008930 -0.034869
v 0.000603 -0.008822 -0.034234
v 0.001748 -0.008119 -0.035251
v 0.000603 -0.008822 -0.034234
v 0.000482 -0.008009 -0.034616
v 0.000482 -0.008009 -0.034616
v 0.000603 -0.008822 -0.034234
v -0.000537 -0.008607 -0.033415
v 0.000482 -0.008009 -0.034616
v -0.000537 -0.008607 -0.033415
v -0.000659 -0.007795 -0.033796
v -0.000659 -0.007795 -0.033796
v -0.000537 -0.008607 -0.033415
v -0.001515 -0.008294 -0.032435
v -0.000659 -0.007795 -0.033796
v -0.001515 -0.008294 -0.032435
v -0.001637 -0.007482 -0.032817
v -0.001637 -0.007482 -0.032817
v -0.001515 -0.008294 -0.032435
v -0.002304 -0.007890 -0.031324
v -0.001637 -0.007482 -0.032817
v -0.002304 -0.007890 -0.031324
v -0.002426 -0.007078 -0.031706
v -0.002426 -0.007078 -0.031706
v -0.002304 -0.007890 -0.031324
v -0.002879 -0.007408 -0.030118
v -0.002426 -0.007078 -0.031706
v -0.002879 -0.007408 -0.030118
v -0.003001 -0.006597 -0.030500
v -0.003001 -0.006597 -0.030500
v -0.002879 -0.007408 -0.030118
v -0.003221 -0.006864 -0.028852
v -0.003001 -0.006597 -0.030500
v -0.003221 -0.006864 -0.028852
v -0.003343 -0.006052 -0.029233
v -0.003343 -0.006052 -0.029233
v -0.003221 -0.006864 -0.028852
v -0.003321 -0.006274 -0.027564
v -0.003343 -0.006052 -0.029233
v -0.003321 -0.006274 -0.027564
v -0.003444 -0.005462 -0.027945
v -0.003444 -0.005462 -0.027945
v -0.003321 -0.006274 -0.027564
v -0.003177 -0.005655 -0.026293
v -0.003444 -0.005462 -0.027945
v -0.003177 -0.005655 -0.026293
v -0.003298 -0.004843 -0.026676
v -0.003298 -0.004843 -0.026676
v -0.003177 -0.005655 -0.026293
v -0.002791 -0.005027 -0.025080
v -0.003298 -0.004843 -0.026676
v -0.002791 -0.005027 -0.025080
v -0.002913 -0.004215 -0.025462
v -0.002913 -0.004215 -0.025462
v -0.002791 -0.005027 -0.025080
v -0.002176 -0.004408 -0.023959
v -0.002913 -0.004215 -0.025462
v -0.002176 -0.004408 -0.023959
v -0.002297 -0.003596 -0.024340
v -0.002297 -0.003596 -0.024340
v -0.002176 -0.004408 -0.023959
v -0.001350 -0.003817 -0.022966
v -0.002297 -0.003596 -0.024340
v -0.001350 -0.003817 -0.022966
v -0.001472 -0.003005 -0.023347
v -0.001472 -0.003005 -0.023347
v -0.001350 -0.003817 -0.022966
v -0.000340 -0.003273 -0.022130
v -0.001472 -0.003005 -0.023347
v -0.000340 -0.003273 -0.022130
v -0.000461 -0.002460 -0.022511
v -0.000461 -0.002460 -0.022511
v -0.000340 -0.003273 -0.022130
v 0.000826 -0.002790 -0.021476
v -0.000461 -0.002460 -0.022511
v 0.000826 -0.002790 -0.021476
v 0.000705 -0.001979 -0.021858
v 0.000705 -0.001979 -0.021858
v 0.000826 -0.002790 -0.021476
v 0.002111 -0.002386 -0.021026
v 0.000705 -0.001979 -0.021858
v 0.002111 -0.002386 -0.021026
v 0.001989 -0.001574 -0.021407
v 0.001989 -0.001574 -0.021407
v 0.002111 -0.002386 -0.021026
v 0.003476 -0.002071 -0.020792
v 0.001989 -0.001574 -0.021407
v 0.003476 -0.002071 -0.020792
v 0.003354 -0.001260 -0.021174
v 0.003354 -0.001260 -0.021174
v 0.003476 -0.002071 -0.020792
v 0.004880 -0.001856 -0.020781
v 0.003354 -0.001260 -0.021174
v 0.004880 -0.001856 -0.020781
v 0.004759 -0.001044 -0.021163
v 0.004759 -0.001044 -0.021163
v 0.004880 -0.001856 -0.020781
v 0.006280 -0.001746 -0.020994
v 0.004759 -0.001044 -0.021163
v 0.006280 -0.001746 -0.020994
v 0.006159 -0.000935 -0.021376
v 0.006159 -0.000935 -0.021376
v 0.006280 -0.001746 -0.020994
v 0.007633 -0.001746 -0.021425
v 0.006159 -0.000935 -0.021376
v 0.007633 -0.001746 -0.021425
v 0.007512 -0.000934 -0.021806
v 0.007512 -0.000934 -0.021806
v 0.007633 -0.001746 -0.021425
v 0.008900 -0.001854 -0.022060
v 0.007512 -0.000934 -0.021806
v 0.008900 -0.001854 -0.022060
v 0.008778 -0.001043 -0.022441
v 0.008778 -0.001043 -0.022441
v 0.008900 -0.001854 -0.022060
v 0.010039 -0.002069 -0.022879
v 0.008778 -0.001043 -0.022441
v 0.010039 -0.002069 -0.022879
v 0.009918 -0.001257 -0.023262
v 0.009918 -0.001257 -0.023262
v 0.010039 -0.002069 -0.022879
v 0.011019 -0.002383 -0.023859
v 0.009918 -0.001257 -0.023262
v 0.011019 -0.002383 -0.023859
v 0.010897 -0.001571 -0.024241
v 0.010897 -0.001571 -0.024241
v 0.011019 -0.002383 -0.023859
v 0.011808 -0.002787 -0.024970
v 0.010897 -0.001571 -0.024241
v 0.011808 -0.002787 -0.024970
v 0.011686 -0.001975 -0.025351
v 0.011686 -0.001975 -0.025351
v 0.011808 -0.002787 -0.024970
v 0.012382 -0.003268 -0.026176
v 0.011686 -0.001975 -0.025351
v 0.012382 -0.003268 -0.026176
v 0.012260 -0.002456 -0.026558
v 0.012260 -0.002456 -0.026558
v 0.012382 -0.003268 -0.026176
v 0.012725 -0.003811 -0.027443
v 0.012260 -0.002456 -0.026558
v 0.012725 -0.003811 -0.027443
v 0.012603 -0.003000 -0.027824
v 0.012603 -0.003000 -0.027824
v 0.012725 -0.003811 -0.027443
v 0.012825 -0.004402 -0.028730
v 0.012603 -0.003000 -0.027824
v 0.012825 -0.004402 -0.028730
v 0.012704 -0.003590 -0.029112
v 0.012704 -0.003590 -0.029112
v 0.012825 -0.004402 -0.028730
v 0.012680 -0.005021 -0.030001
v 0.012704 -0.003590 -0.029112
v 0.012680 -0.005021 -0.030001
v 0.012559 -0.004209 -0.030382
v 0.012559 -0.004209 -0.030382
v 0.012680 -0.005021 -0.030001
v 0.012294 -0.005650 -0.031215
v 0.012559 -0.004209 -0.030382
v 0.012294 -0.005650 -0.031215
v 0.012172 -0.004838 -0.031596
v 0.012172 -0.004838 -0.031596
v 0.012294 -0.005650 -0.031215
v 0.011679 -0.006268 -0.032335
v 0.012172 -0.004838 -0.031596
v 0.011679 -0.006268 -0.032335
v 0.011558 -0.005457 -0.032717
v 0.011558 -0.005457 -0.032717
v 0.011679 -0.006268 -0.032335
v 0.010853 -0.006859 -0.033329
v 0.011558 -0.005457 -0.032717
v 0.010853 -0.006859 -0.033329
v 0.010732 -0.006047 -0.033711
v 0.010732 -0.006047 -0.033711
v 0.010853 -0.006859 -0.033329
v 0.009843 -0.007404 -0.034165
v 0.010732 -0.006047 -0.033711
v 0.009843 -0.007404 -0.034165
v 0.009720 -0.006593 -0.034546
v 0.009720 -0.006593 -0.034546
v 0.009843 -0.007404 -0.034165
v 0.008677 -0.007886 -0.034818
v 0.009720 -0.006593 -0.034546
v 0.008677 -0.007886 -0.034818
v 0.008555 -0.007073 -0.035200
v 0.008555 -0.007073 -0.035200
v 0.008677 -0.007886 -0.034818
v 0.007392 -0.008290 -0.035268
v 0.008555 -0.007073 -0.035200
v 0.007392 -0.008290 -0.035268
v 0.007270 -0.007478 -0.035650
v 0.007270 -0.007478 -0.035650
v 0.007392 -0.008290 -0.035268
v 0.006027 -0.008604 -0.035502
v 0.001749 -0.006945 -0.032757
v 0.000482 -0.008009 -0.034616
v 0.000958 -0.006796 -0.032187
v 0.000958 -0.006796 -0.032187
v 0.000482 -0.008009 -0.034616
v -0.000659 -0.007795 -0.033796
v 0.000958 -0.006796 -0.032187
v -0.000659 -0.007795 -0.033796
v 0.000277 -0.006579 -0.031506
v 0.000277 -0.006579 -0.031506
v -0.000659 -0.007795 -0.033796
v -0.001637 -0.007482 -0.032817
v 0.000277 -0.006579 -0.031506
v -0.001637 -0.007482 -0.032817
v -0.000270 -0.006299 -0.030736
v -0.000270 -0.006299 -0.030736
v -0.001637 -0.007482 -0.032817
v -0.002426 -0.007078 -0.031706
v -0.000270 -0.006299 -0.030736
v -0.002426 -0.007078 -0.031706
v -0.000669 -0.005964 -0.029898
v -0.000669 -0.005964 -0.029898
v -0.002426 -0.007078 -0.031706
v -0.003001 -0.006597 -0.030500
v -0.000669 -0.005964 -0.029898
v -0.003001 -0.006597 -0.030500
v -0.000907 -0.005586 -0.029018
v -0.000907 -0.005586 -0.029018
v -0.003001 -0.006597 -0.030500
v -0.003343 -0.006052 -0.029233
v -0.000907 -0.005586 -0.029018
v -0.003343 -0.006052 -0.029233
v -0.000977 -0.005176 -0.028123
v -0.000977 -0.005176 -0.028123
v -0.003343 -0.006052 -0.029233
v -0.003444 -0.005462 -0.027945
v -0.000977 -0.005176 -0.028123
v -0.003444 -0.005462 -0.027945
v -0.000876 -0.004747 -0.027241
v -0.000876 -0.004747 -0.027241
v -0.003444 -0.005462 -0.027945
v -0.003298 -0.004843 -0.026676
v -0.000876 -0.004747 -0.027241
v -0.003298 -0.004843 -0.026676
v -0.000608 -0.004310 -0.026399
v -0.000608 -0.004310 -0.026399
v -0.003298 -0.004843 -0.026676
v -0.002913 -0.004215 -0.025462
v -0.000608 -0.004310 -0.026399
v -0.002913 -0.004215 -0.025462
v -0.000181 -0.003880 -0.025621
v -0.000181 -0.003880 -0.025621
v -0.002913 -0.004215 -0.025462
v -0.002297 -0.003596 -0.024340
v -0.000181 -0.003880 -0.025621
v -0.002297 -0.003596 -0.024340
v 0.000393 -0.003470 -0.024930
v 0.000393 -0.003470 -0.024930
v -0.002297 -0.003596 -0.024340
v -0.001472 -0.003005 -0.023347
v 0.000393 -0.003470 -0.024930
v -0.001472 -0.003005 -0.023347
v 0.001095 -0.003092 -0.024349
v 0.001095 -0.003092 -0.024349
v -0.001472 -0.003005 -0.023347
v -0.000461 -0.002460 -0.022511
v 0.001095 -0.003092 -0.024349
v -0.000461 -0.002460 -0.022511
v 0.001904 -0.002757 -0.023897
v 0.001904 -0.002757 -0.023897
v -0.000461 -0.002460 -0.022511
v 0.000705 -0.001979 -0.021858
v 0.001904 -0.002757 -0.023897
v 0.000705 -0.001979 -0.021858
v 0.002796 -0.002476 -0.023584
v 0.002796 -0.002476 -0.023584
v 0.000705 -0.001979 -0.021858
v 0.001989 -0.001574 -0.021407
v 0.002796 -0.002476 -0.023584
v 0.001989 -0.001574 -0.021407
v 0.003744 -0.002258 -0.023421
v 0.003744 -0.002258 -0.023421
v 0.001989 -0.001574 -0.021407
v 0.003354 -0.001260 -0.021174
v 0.003744 -0.002258 -0.023421
v 0.003354 -0.001260 -0.021174
v 0.004719 -0.002108 -0.023414
v 0.004719 -0.002108 -0.023414
v 0.003354 -0.001260 -0.021174
v 0.004759 -0.001044 -0.021163
v 0.004719 -0.002108 -0.023414
v 0.004759 -0.001044 -0.021163
v 0.005692 -0.002032 -0.023562
v 0.005692 -0.002032 -0.023562
v 0.004759 -0.001044 -0.021163
v 0.006159 -0.000935 -0.021376
v 0.005692 -0.002032 -0.023562
v 0.006159 -0.000935 -0.021376
v 0.006631 -0.002032 -0.023861
v 0.006631 -0.002032 -0.023861
v 0.006159 -0.000935 -0.021376
v 0.007512 -0.000934 -0.021806
v 0.006631 -0.002032 -0.023861
v 0.007512 -0.000934 -0.021806
v 0.007510 -0.002108 -0.024301
v 0.007510 -0.002108 -0.024301
v 0.007512 -0.000934 -0.021806
v 0.008778 -0.001043 -0.022441
v 0.007510 -0.002108 -0.024301
v 0.008778 -0.001043 -0.022441
v 0.008302 -0.002256 -0.024871
v 0.008302 -0.002256 -0.024871
v 0.008778 -0.001043 -0.022441
v 0.009918 -0.001257 -0.023262
v 0.008302 -0.002256 -0.024871
v 0.009918 -0.001257 -0.023262
v 0.008982 -0.002474 -0.025551
v 0.008982 -0.002474 -0.025551
v 0.009918 -0.001257 -0.023262
v 0.010897 -0.001571 -0.024241
v 0.008982 -0.002474 -0.025551
v 0.010897 -0.001571 -0.024241
v 0.009530 -0.002755 -0.026322
v 0.009530 -0.002755 -0.026322
v 0.010897 -0.001571 -0.024241
v 0.011686 -0.001975 -0.025351
v 0.009530 -0.002755 -0.026322
v 0.011686 -0.001975 -0.025351
v 0.009929 -0.003088 -0.027160
v 0.009929 -0.003088 -0.027160
v 0.011686 -0.001975 -0.025351
v 0.012260 -0.002456 -0.026558
v 0.009929 -0.003088 -0.027160
v 0.012260 -0.002456 -0.026558
v 0.010167 -0.003466 -0.028040
v 0.010167 -0.003466 -0.028040
v 0.012260 -0.002456 -0.026558
v 0.012603 -0.003000 -0.027824
v 0.010167 -0.003466 -0.028040
v 0.012603 -0.003000 -0.027824
v 0.010236 -0.003876 -0.028934
v 0.010236 -0.003876 -0.028934
v 0.012603 -0.003000 -0.027824
v 0.012704 -0.003590 -0.029112
v 0.010236 -0.003876 -0.028934
v 0.012704 -0.003590 -0.029112
v 0.010135 -0.004306 -0.029816
v 0.010135 -0.004306 -0.029816
v 0.012704 -0.003590 -0.029112
v 0.012559 -0.004209 -0.030382
v 0.010135 -0.004306 -0.029816
v 0.012559 -0.004209 -0.030382
v 0.009867 -0.004742 -0.030659
v 0.009867 -0.004742 -0.030659
v 0.012559 -0.004209 -0.030382
v 0.012172 -0.004838 -0.031596
v 0.009867 -0.004742 -0.030659
v 0.012172 -0.004838 -0.031596
v 0.009441 -0.005173 -0.031437
v 0.009441 -0.005173 -0.031437
v 0.012172 -0.004838 -0.031596
v 0.011558 -0.005457 -0.032717
v 0.009441 -0.005173 -0.031437
v 0.011558 -0.005457 -0.032717
v 0.008867 -0.005582 -0.032127
v 0.008867 -0.005582 -0.032127
v 0.011558 -0.005457 -0.032717
v 0.010732 -0.006047 -0.033711
v 0.008867 -0.005582 -0.032127
v 0.010732 -0.006047 -0.033711
v 0.008165 -0.005961 -0.032708
v 0.008165 -0.005961 -0.032708
v 0.010732 -0.006047 -0.033711
v 0.009720 -0.006593 -0.034546
v 0.008165 -0.005961 -0.032708
v 0.009720 -0.006593 -0.034546
v 0.007356 -0.006295 -0.033161
v 0.007356 -0.006295 -0.033161
v 0.009720 -0.006593 -0.034546
v 0.008555 -0.007073 -0.035200
v 0.007356 -0.006295 -0.033161
v 0.008555 -0.007073 -0.035200
v 0.006464 -0.006576 -0.033474
v 0.006464 -0.006576 -0.033474
v 0.008555 -0.007073 -0.035200
v 0.007270 -0.007478 -0.035650
v 0.006464 -0.006576 -0.033474
v 0.007270 -0.007478 -0.035650
v 0.005515 -0.006795 -0.033636
v 0.005515 -0.006795 -0.033636
v 0.007270 -0.007478 -0.035650
v 0.005905 -0.007793 -0.035884
v 0.005515 -0.006795 -0.033636
v 0.005905 -0.007793 -0.035884
v 0.004541 -0.006945 -0.033644
v 0.004541 -0.006945 -0.033644
v 0.005905 -0.007793 -0.035884
v 0.004501 -0.008008 -0.035895
v 0.004541 -0.006945 -0.033644
v 0.004501 -0.008008 -0.035895
v 0.003568 -0.007021 -0.033496
v 0.003568 -0.007021 -0.033496
v 0.004501 -0.008008 -0.035895
v 0.003101 -0.008118 -0.035681
v 0.003568 -0.007021 -0.033496
v 0.003101 -0.008118 -0.035681
v 0.002628 -0.007021 -0.033197
v 0.002628 -0.007021 -0.033197
v 0.003101 -0.008118 -0.035681
v 0.001748 -0.008119 -0.035251
v 0.002628 -0.007021 -0.033197
v 0.001748 -0.008119 -0.035251
v 0.001749 -0.006945 -0.032757
v 0.001749 -0.006945 -0.032757
v 0.001748 -0.008119 -0.035251
v 0.000482 -0.008009 -0.034616
v 0.004541 -0.006945 -0.033644
v 0.005637 -0.007606 -0.033255
v 0.005515 -0.006795 -0.033636
v 0.005515 -0.006795 -0.033636
v 0.005637 -0.007606 -0.033255
v 0.006585 -0.007388 -0.033092
v 0.005515 -0.006795 -0.033636
v 0.006585 -0.007388 -0.033092
v 0.006464 -0.006576 -0.033474
v 0.006464 -0.006576 -0.033474
v 0.006585 -0.007388 -0.033092
v 0.007477 -0.007107 -0.032780
v 0.006464 -0.006576 -0.033474
v 0.007477 -0.007107 -0.032780
v 0.007356 -0.006295 -0.033161
v 0.007356 -0.006295 -0.033161
v 0.007477 -0.007107 -0.032780
v 0.008287 -0.006773 -0.032326
v 0.007356 -0.006295 -0.033161
v 0.008287 -0.006773 -0.032326
v 0.008165 -0.005961 -0.032708
v 0.008165 -0.005961 -0.032708
v 0.008287 -0.006773 -0.032326
v 0.008989 -0.006395 -0.031746
v 0.008165 -0.005961 -0.032708
v 0.008989 -0.006395 -0.031746
v 0.008867 -0.005582 -0.032127
v 0.008867 -0.005582 -0.032127
v 0.008989 -0.006395 -0.031746
v 0.009563 -0.005984 -0.031055
v 0.008867 -0.005582 -0.032127
v 0.009563 -0.005984 -0.031055
v 0.009441 -0.005173 -0.031437
v 0.009441 -0.005173 -0.031437
v 0.009563 -0.005984 -0.031055
v 0.009990 -0.005554 -0.030278
v 0.009441 -0.005173 -0.031437
v 0.009990 -0.005554 -0.030278
v 0.009867 -0.004742 -0.030659
v 0.009867 -0.004742 -0.030659
v 0.009990 -0.005554 -0.030278
v 0.010257 -0.005118 -0.029434
v 0.009867 -0.004742 -0.030659
v 0.010257 -0.005118 -0.029434
v 0.010135 -0.004306 -0.029816
v 0.010135 -0.004306 -0.029816
v 0.010257 -0.005118 -0.029434
v 0.010358 -0.004689 -0.028552
v 0.010135 -0.004306 -0.029816
v 0.010358 -0.004689 -0.028552
v 0.010236 -0.003876 -0.028934
v 0.010236 -0.003876 -0.028934
v 0.010358 -0.004689 -0.028552
v 0.010289 -0.004278 -0.027658
v 0.010236 -0.003876 -0.028934
v 0.010289 -0.004278 -0.027658
v 0.010167 -0.003466 -0.028040
v 0.010167 -0.003466 -0.028040
v 0.010289 -0.004278 -0.027658
v 0.010051 -0.003900 -0.026778
v 0.010167 -0.003466 -0.028040
v 0.010051 -0.003900 -0.026778
v 0.009929 -0.003088 -0.027160
v 0.009929 -0.003088 -0.027160
v 0.010051 -0.003900 -0.026778
v 0.009652 -0.003566 -0.025941
v 0.009929 -0.003088 -0.027160
v 0.009652 -0.003566 -0.025941
v 0.009530 -0.002755 -0.026322
v 0.009530 -0.002755 -0.026322
v 0.009652 -0.003566 -0.025941
v 0.009103 -0.003286 -0.025170
v 0.009530 -0.002755 -0.026322
v 0.009103 -0.003286 -0.025170
v 0.008982 -0.002474 -0.025551
v 0.008982 -0.002474 -0.025551
v 0.009103 -0.003286 -0.025170
v 0.008424 -0.003068 -0.024490
v 0.008982 -0.002474 -0.025551
v 0.008424 -0.003068 -0.024490
v 0.008302 -0.002256 -0.024871
v 0.008302 -0.002256 -0.024871
v 0.008424 -0.003068 -0.024490
v 0.007632 -0.002919 -0.023920
v 0.008302 -0.002256 -0.024871
v 0.007632 -0.002919 -0.023920
v 0.007510 -0.002108 -0.024301
v 0.007510 -0.002108 -0.024301
v 0.007632 -0.002919 -0.023920
v 0.006753 -0.002844 -0.023479
v 0.007510 -0.002108 -0.024301
v 0.006753 -0.002844 -0.023479
v 0.006631 -0.002032 -0.023861
v 0.006631 -0.002032 -0.023861
v 0.006753 -0.002844 -0.023479
v 0.005813 -0.002844 -0.023180
v 0.006631 -0.002032 -0.023861
v 0.005813 -0.002844 -0.023180
v 0.005692 -0.002032 -0.023562
v 0.005692 -0.002032 -0.023562
v 0.005813 -0.002844 -0.023180
v 0.004841 -0.002920 -0.023032
v 0.005692 -0.002032 -0.023562
v 0.004841 -0.002920 -0.023032
v 0.004719 -0.002108 -0.023414
v 0.004719 -0.002108 -0.023414
v 0.004841 -0.002920 -0.023032
v 0.003865 -0.003069 -0.023039
v 0.004719 -0.002108 -0.023414
v 0.003865 -0.003069 -0.023039
v 0.003744 -0.002258 -0.023421
v 0.003744 -0.002258 -0.023421
v 0.003865 -0.003069 -0.023039
v 0.002918 -0.003289 -0.023202
v 0.003744 -0.002258 -0.023421
v 0.002918 -0.003289 -0.023202
v 0.002796 -0.002476 -0.023584
v 0.002796 -0.002476 -0.023584
v 0.002918 -0.003289 -0.023202
v 0.002025 -0.003569 -0.023514
v 0.002796 -0.002476 -0.023584
v 0.002025 -0.003569 -0.023514
v 0.001904 -0.002757 -0.023897
v 0.001904 -0.002757 -0.023897
v 0.002025 -0.003569 -0.023514
v 0.001216 -0.003903 -0.023969
v 0.001904 -0.002757 -0.023897
v 0.001216 -0.003903 -0.023969
v 0.001095 -0.003092 -0.024349
v 0.001095 -0.003092 -0.024349
v 0.001216 -0.003903 -0.023969
v 0.000514 -0.004282 -0.024549
v 0.001095 -0.003092 -0.024349
v 0.000514 -0.004282 -0.024549
v 0.000393 -0.003470 -0.024930
v 0.000393 -0.003470 -0.024930
v 0.000514 -0.004282 -0.024549
v -0.000059 -0.004692 -0.025238
v 0.000393 -0.003470 -0.024930
v -0.000059 -0.004692 -0.025238
v -0.000181 -0.003880 -0.025621
v -0.000181 -0.003880 -0.025621
v -0.000059 -0.004692 -0.025238
v -0.000486 -0.005122 -0.026017
v -0.000181 -0.003880 -0.025621
v -0.000486 -0.005122 -0.026017
v -0.000608 -0.004310 -0.026399
v -0.000608 -0.004310 -0.026399
v -0.000486 -0.005122 -0.026017
v -0.000754 -0.005558 -0.026860
v -0.000608 -0.004310 -0.026399
v -0.000754 -0.005558 -0.026860
v -0.000876 -0.004747 -0.027241
v -0.000876 -0.004747 -0.027241
v -0.000754 -0.005558 -0.026860
v -0.000855 -0.005988 -0.027742
v -0.000876 -0.004747 -0.027241
v -0.000855 -0.005988 -0.027742
v -0.000977 -0.005176 -0.028123
v -0.000977 -0.005176 -0.028123
v -0.000855 -0.005988 -0.027742
v -0.000785 -0.006398 -0.028636
v -0.000977 -0.005176 -0.028123
v -0.000785 -0.006398 -0.028636
v -0.000907 -0.005586 -0.029018
v -0.000907 -0.005586 -0.029018
v -0.000785 -0.006398 -0.028636
v -0.000547 -0.006776 -0.029516
v -0.000907 -0.005586 -0.029018
v -0.000547 -0.006776 -0.029516
v -0.000669 -0.005964 -0.029898
v -0.000669 -0.005964 -0.029898
v -0.000547 -0.006776 -0.029516
v -0.000148 -0.007110 -0.030353
v -0.000669 -0.005964 -0.029898
v -0.000148 -0.007110 -0.030353
v -0.000270 -0.006299 -0.030736
v -0.000270 -0.006299 -0.030736
v -0.000148 -0.007110 -0.030353
v 0.000400 -0.007390 -0.031125
v -0.000270 -0.006299 -0.030736
v 0.000400 -0.007390 -0.031125
v 0.000277 -0.006579 -0.031506
v 0.000277 -0.006579 -0.031506
v 0.000400 -0.007390 -0.031125
v 0.001079 -0.007608 -0.031805
v 0.000277 -0.006579 -0.031506
v 0.001079 -0.007608 -0.031805
v 0.000958 -0.006796 -0.032187
v 0.000958 -0.006796 -0.032187
v 0.001079 -0.007608 -0.031805
v 0.001870 -0.007757 -0.032374
v 0.000958 -0.006796 -0.032187
v 0.001870 -0.007757 -0.032374
v 0.001749 -0.006945 -0.032757
v 0.001749 -0.006945 -0.032757
v 0.001870 -0.007757 -0.032374
v 0.002750 -0.007832 -0.032815
v 0.001749 -0.006945 -0.032757
v 0.002750 -0.007832 -0.032815
v 0.002628 -0.007021 -0.033197
v 0.002628 -0.007021 -0.033197
v 0.002750 -0.007832 -0.032815
v 0.003690 -0.007832 -0.033114
v 0.002628 -0.007021 -0.033197
v 0.003690 -0.007832 -0.033114
v 0.003568 -0.007021 -0.033496
v 0.003568 -0.007021 -0.033496
v 0.003690 -0.007832 -0.033114
v 0.004662 -0.007757 -0.033262
v 0.003568 -0.007021 -0.033496
v 0.004662 -0.007757 -0.033262
v 0.004541 -0.006945 -0.033644
v 0.004541 -0.006945 -0.033644
v 0.004662 -0.007757 -0.033262
v 0.005637 -0.007606 -0.033255
v -0.018295 0.026186 0.020397
v 0.006067 0.030850 0.022550
v -0.016241 0.015086 0.021194
v -0.016241 0.015086 0.021194
v 0.006067 0.030850 0.022550
v 0.008121 0.019750 0.023347
v 0.008507 0.029527 -0.002192
v -0.015856 0.024863 -0.004345
v 0.010562 0.018425 -0.001396
v 0.010562 0.018425 -0.001396
v -0.015856 0.024863 -0.004345
v -0.013801 0.013762 -0.003548
v -0.006651 0.027030 0.002125
v -0.007823 0.026844 0.002556
v -0.015856 0.024863 -0.004345
v -0.015856 0.024863 -0.004345
v -0.007823 0.026844 0.002556
v -0.008906 0.026690 0.003186
v -0.001803 0.027958 0.002554
v -0.002964 0.027712 0.002123
v 0.008507 0.029527 -0.002192
v 0.008507 0.029527 -0.002192
v -0.002964 0.027712 0.002123
v -0.004185 0.027471 0.001905
v 0.008507 0.029527 -0.002192
v -0.004185 0.027471 0.001905
v -0.015856 0.024863 -0.004345
v -0.015856 0.024863 -0.004345
v -0.004185 0.027471 0.001905
v -0.005426 0.027241 0.001905
v -0.015856 0.024863 -0.004345
v -0.005426 0.027241 0.001905
v -0.006651 0.027030 0.002125
v -0.008906 0.026690 0.003186
v -0.009867 0.026569 0.003996
v -0.015856 0.024863 -0.004345
v -0.015856 0.024863 -0.004345
v -0.009867 0.026569 0.003996
v -0.010677 0.026489 0.004962
v -0.015856 0.024863 -0.004345
v -0.010677 0.026489 0.004962
v -0.011311 0.026449 0.006052
v 0.002008 0.029000 0.007229
v 0.001598 0.028839 0.006046
v 0.008507 0.029527 -0.002192
v 0.008507 0.029527 -0.002192
v 0.001598 0.028839 0.006046
v 0.000991 0.028648 0.004955
v -0.009052 0.027511 0.015023
v -0.007985 0.027754 0.015652
v -0.018295 0.026186 0.020397
v 0.001522 0.029263 0.012153
v 0.001962 0.029259 0.010970
v 0.006802 0.030451 0.015098
v 0.006802 0.030451 0.015098
v 0.001962 0.029259 0.010970
v 0.002192 0.029213 0.009729
v 0.006802 0.030451 0.015098
v 0.002192 0.029213 0.009729
v 0.008507 0.029527 -0.002192
v 0.008507 0.029527 -0.002192
v 0.002192 0.029213 0.009729
v 0.002208 0.029126 0.008469
v 0.008507 0.029527 -0.002192
v 0.002208 0.029126 0.008469
v 0.002008 0.029000 0.007229
v 0.000991 0.028648 0.004955
v 0.000205 0.028433 0.003991
v 0.008507 0.029527 -0.002192
v 0.008507 0.029527 -0.002192
v 0.000205 0.028433 0.003991
v -0.000736 0.028201 0.003182
v 0.008507 0.029527 -0.002192
v -0.000736 0.028201 0.003182
v -0.001803 0.027958 0.002554
v -0.018295 0.026186 0.020397
v -0.011796 0.026713 0.010976
v -0.011387 0.026874 0.012160
v 0.006067 0.030850 0.022550
v -0.003137 0.028682 0.016080
v -0.001966 0.028868 0.015650
v -0.001966 0.028868 0.015650
v -0.000882 0.029023 0.015019
v 0.006067 0.030850 0.022550
v 0.006067 0.030850 0.022550
v -0.000882 0.029023 0.015019
v 0.000078 0.029143 0.014209
v 0.006067 0.030850 0.022550
v 0.000078 0.029143 0.014209
v 0.006802 0.030451 0.015098
v 0.006802 0.030451 0.015098
v 0.000078 0.029143 0.014209
v 0.000889 0.029224 0.013244
v 0.006802 0.030451 0.015098
v 0.000889 0.029224 0.013244
v 0.001522 0.029263 0.012153
v -0.011387 0.026874 0.012160
v -0.010779 0.027065 0.013250
v -0.018295 0.026186 0.020397
v -0.018295 0.026186 0.020397
v -0.010779 0.027065 0.013250
v -0.009993 0.027279 0.014214
v -0.018295 0.026186 0.020397
v -0.009993 0.027279 0.014214
v -0.009052 0.027511 0.015023
v -0.007985 0.027754 0.015652
v -0.006824 0.028000 0.016082
v -0.018295 0.026186 0.020397
v -0.018295 0.026186 0.020397
v -0.006824 0.028000 0.016082
v -0.005604 0.028241 0.016301
v -0.018295 0.026186 0.020397
v -0.005604 0.028241 0.016301
v 0.006067 0.030850 0.022550
v 0.006067 0.030850 0.022550
v -0.005604 0.028241 0.016301
v -0.004362 0.028471 0.016300
v 0.006067 0.030850 0.022550
v -0.004362 0.028471 0.016300
v -0.003137 0.028682 0.016080
v -0.011311 0.026449 0.006052
v -0.011750 0.026453 0.007236
v -0.015856 0.024863 -0.004345
v -0.015856 0.024863 -0.004345
v -0.011750 0.026453 0.007236
v -0.011981 0.026500 0.008477
v -0.015856 0.024863 -0.004345
v -0.011981 0.026500 0.008477
v -0.018295 0.026186 0.020397
v -0.018295 0.026186 0.020397
v -0.011981 0.026500 0.008477
v -0.011997 0.026587 0.009736
v -0.018295 0.026186 0.020397
v -0.011997 0.026587 0.009736
v -0.011796 0.026713 0.010976
v 0.003445 0.015011 0.009584
v 0.001111 0.027627 0.009707
v 0.003432 0.015083 0.010608
v 0.003432 0.015083 0.010608
v 0.001111 0.027627 0.009707
v 0.000923 0.027665 0.010715
v 0.003432 0.015083 0.010608
v 0.000923 0.027665 0.010715
v 0.003244 0.015121 0.011615
v 0.003244 0.015121 0.011615
v 0.000923 0.027665 0.010715
v 0.000566 0.027667 0.011677
v 0.003244 0.015121 0.011615
v 0.000566 0.027667 0.011677
v 0.002887 0.015123 0.012577
v 0.002887 0.015123 0.012577
v 0.000566 0.027667 0.011677
v 0.000051 0.027635 0.012564
v 0.002887 0.015123 0.012577
v 0.000051 0.027635 0.012564
v 0.002373 0.015091 0.013463
v 0.002373 0.015091 0.013463
v 0.000051 0.027635 0.012564
v -0.000607 0.027570 0.013348
v 0.002373 0.015091 0.013463
v -0.000607 0.027570 0.013348
v 0.001714 0.015026 0.014248
v 0.001714 0.015026 0.014248
v -0.000607 0.027570 0.013348
v -0.001388 0.027472 0.014006
v 0.001714 0.015026 0.014248
v -0.001388 0.027472 0.014006
v 0.000934 0.014929 0.014905
v 0.000934 0.014929 0.014905
v -0.001388 0.027472 0.014006
v -0.002268 0.027346 0.014518
v 0.000934 0.014929 0.014905
v -0.002268 0.027346 0.014518
v 0.000054 0.014803 0.015417
v 0.000054 0.014803 0.015417
v -0.002268 0.027346 0.014518
v -0.003220 0.027196 0.014868
v 0.000054 0.014803 0.015417
v -0.003220 0.027196 0.014868
v -0.000898 0.014652 0.015768
v -0.000898 0.014652 0.015768
v -0.003220 0.027196 0.014868
v -0.004216 0.027024 0.015046
v -0.000898 0.014652 0.015768
v -0.004216 0.027024 0.015046
v -0.001894 0.014480 0.015946
v -0.001894 0.014480 0.015946
v -0.004216 0.027024 0.015046
v -0.005224 0.026837 0.015046
v -0.001894 0.014480 0.015946
v -0.005224 0.026837 0.015046
v -0.002903 0.014294 0.015947
v -0.002903 0.014294 0.015947
v -0.005224 0.026837 0.015046
v -0.006216 0.026641 0.014869
v -0.002903 0.014294 0.015947
v -0.006216 0.026641 0.014869
v -0.003893 0.014097 0.015770
v -0.003893 0.014097 0.015770
v -0.006216 0.026641 0.014869
v -0.007160 0.026442 0.014520
v -0.003893 0.014097 0.015770
v -0.007160 0.026442 0.014520
v -0.004837 0.013898 0.015420
v -0.004837 0.013898 0.015420
v -0.007160 0.026442 0.014520
v -0.008026 0.026244 0.014008
v -0.004837 0.013898 0.015420
v -0.008026 0.026244 0.014008
v -0.005705 0.013700 0.014909
v -0.005705 0.013700 0.014909
v -0.008026 0.026244 0.014008
v -0.008791 0.026055 0.013352
v -0.005705 0.013700 0.014909
v -0.008791 0.026055 0.013352
v -0.006469 0.013512 0.014251
v -0.006469 0.013512 0.014251
v -0.008791 0.026055 0.013352
v -0.009430 0.025881 0.012568
v -0.006469 0.013512 0.014251
v -0.009430 0.025881 0.012568
v -0.007108 0.013338 0.013468
v -0.007108 0.013338 0.013468
v -0.009430 0.025881 0.012568
v -0.009923 0.025726 0.011682
v -0.007108 0.013338 0.013468
v -0.009923 0.025726 0.011682
v -0.007601 0.013182 0.012582
v -0.007601 0.013182 0.012582
v -0.009923 0.025726 0.011682
v -0.010256 0.025596 0.010720
v -0.007601 0.013182 0.012582
v -0.010256 0.025596 0.010720
v -0.007934 0.013051 0.011621
v -0.007934 0.013051 0.011621
v -0.010256 0.025596 0.010720
v -0.010419 0.025493 0.009713
v -0.007934 0.013051 0.011621
v -0.010419 0.025493 0.009713
v -0.008097 0.012949 0.010613
v -0.008097 0.012949 0.010613
v -0.010419 0.025493 0.009713
v -0.010406 0.025422 0.008689
v -0.008097 0.012949 0.010613
v -0.010406 0.025422 0.008689
v -0.008084 0.012879 0.009589
v -0.008084 0.012879 0.009589
v -0.010406 0.025422 0.008689
v -0.010219 0.025384 0.007682
v -0.008084 0.012879 0.009589
v -0.010219 0.025384 0.007682
v -0.007897 0.012841 0.008582
v -0.007897 0.012841 0.008582
v -0.010219 0.025384 0.007682
v -0.009862 0.025381 0.006720
v -0.007897 0.012841 0.008582
v -0.009862 0.025381 0.006720
v -0.007540 0.012838 0.007620
v -0.007540 0.012838 0.007620
v -0.009862 0.025381 0.006720
v -0.009346 0.025413 0.005834
v -0.007540 0.012838 0.007620
v -0.009346 0.025413 0.005834
v -0.007024 0.012869 0.006733
v -0.007024 0.012869 0.006733
v -0.009346 0.025413 0.005834
v -0.008688 0.025479 0.005050
v -0.007024 0.012869 0.006733
v -0.008688 0.025479 0.005050
v -0.006366 0.012935 0.005950
v -0.006366 0.012935 0.005950
v -0.008688 0.025479 0.005050
v -0.007907 0.025576 0.004391
v -0.006366 0.012935 0.005950
v -0.007907 0.025576 0.004391
v -0.005586 0.013032 0.005291
v -0.005586 0.013032 0.005291
v -0.007907 0.025576 0.004391
v -0.007027 0.025703 0.003879
v -0.005586 0.013032 0.005291
v -0.007027 0.025703 0.003879
v -0.004706 0.013159 0.004780
v -0.004706 0.013159 0.004780
v -0.007027 0.025703 0.003879
v -0.006075 0.025853 0.003529
v -0.004706 0.013159 0.004780
v -0.006075 0.025853 0.003529
v -0.003754 0.013309 0.004429
v -0.003754 0.013309 0.004429
v -0.006075 0.025853 0.003529
v -0.005080 0.026025 0.003350
v -0.003754 0.013309 0.004429
v -0.005080 0.026025 0.003350
v -0.002758 0.013481 0.004250
v -0.002758 0.013481 0.004250
v -0.005080 0.026025 0.003350
v -0.004071 0.026211 0.003350
v -0.002758 0.013481 0.004250
v -0.004071 0.026211 0.003350
v -0.001749 0.013668 0.004250
v -0.001749 0.013668 0.004250
v -0.004071 0.026211 0.003350
v -0.003080 0.026408 0.003527
v -0.001749 0.013668 0.004250
v -0.003080 0.026408 0.003527
v -0.000758 0.013864 0.004428
v -0.000758 0.013864 0.004428
v -0.003080 0.026408 0.003527
v -0.002136 0.026608 0.003877
v -0.000758 0.013864 0.004428
v -0.002136 0.026608 0.003877
v 0.000185 0.014064 0.004777
v 0.000185 0.014064 0.004777
v -0.002136 0.026608 0.003877
v -0.001269 0.026804 0.004388
v 0.000185 0.014064 0.004777
v -0.001269 0.026804 0.004388
v 0.001053 0.014261 0.005288
v 0.001053 0.014261 0.005288
v -0.001269 0.026804 0.004388
v -0.000505 0.026993 0.005046
v 0.001053 0.014261 0.005288
v -0.000505 0.026993 0.005046
v 0.001817 0.014449 0.005945
v 0.001817 0.014449 0.005945
v -0.000505 0.026993 0.005046
v 0.000134 0.027168 0.005829
v 0.001817 0.014449 0.005945
v 0.000134 0.027168 0.005829
v 0.002456 0.014624 0.006729
v 0.002456 0.014624 0.006729
v 0.000134 0.027168 0.005829
v 0.000628 0.027322 0.006715
v 0.002456 0.014624 0.006729
v 0.000628 0.027322 0.006715
v 0.002949 0.014778 0.007615
v 0.002949 0.014778 0.007615
v 0.000628 0.027322 0.006715
v 0.000960 0.027453 0.007676
v 0.002949 0.014778 0.007615
v 0.000960 0.027453 0.007676
v 0.003282 0.014909 0.008576
v 0.003282 0.014909 0.008576
v 0.000960 0.027453 0.007676
v 0.001123 0.027555 0.008683
v 0.003282 0.014909 0.008576
v 0.001123 0.027555 0.008683
v 0.003445 0.015011 0.009584
v 0.003445 0.015011 0.009584
v 0.001123 0.027555 0.008683
v 0.001111 0.027627 0.009707
v 0.000923 0.027665 0.010715
v 0.001962 0.029259 0.010970
v 0.000566 0.027667 0.011677
v 0.000566 0.027667 0.011677
v 0.001962 0.029259 0.010970
v 0.001522 0.029263 0.012153
v 0.000566 0.027667 0.011677
v 0.001522 0.029263 0.012153
v 0.000051 0.027635 0.012564
v 0.000051 0.027635 0.012564
v 0.001522 0.029263 0.012153
v 0.000889 0.029224 0.013244
v 0.000051 0.027635 0.012564
v 0.000889 0.029224 0.013244
v -0.000607 0.027570 0.013348
v -0.000607 0.027570 0.013348
v 0.000889 0.029224 0.013244
v 0.000078 0.029143 0.014209
v -0.000607 0.027570 0.013348
v 0.000078 0.029143 0.014209
v -0.001388 0.027472 0.014006
v -0.001388 0.027472 0.014006
v 0.000078 0.029143 0.014209
v -0.000882 0.029023 0.015019
v -0.001388 0.027472 0.014006
v -0.000882 0.029023 0.015019
v -0.002268 0.027346 0.014518
v -0.002268 0.027346 0.014518
v -0.000882 0.029023 0.015019
v -0.001966 0.028868 0.015650
v -0.002268 0.027346 0.014518
v -0.001966 0.028868 0.015650
v -0.003220 0.027196 0.014868
v -0.003220 0.027196 0.014868
v -0.001966 0.028868 0.015650
v -0.003137 0.028682 0.016080
v -0.003220 0.027196 0.014868
v -0.003137 0.028682 0.016080
v -0.004216 0.027024 0.015046
v -0.004216 0.027024 0.015046
v -0.003137 0.028682 0.016080
v -0.004362 0.028471 0.016300
v -0.004216 0.027024 0.015046
v -0.004362 0.028471 0.016300
v -0.005224 0.026837 0.015046
v -0.005224 0.026837 0.015046
v -0.004362 0.028471 0.016300
v -0.005604 0.028241 0.016301
v -0.005224 0.026837 0.015046
v -0.005604 0.028241 0.016301
v -0.006216 0.026641 0.014869
v -0.006216 0.026641 0.014869
v -0.005604 0.028241 0.016301
v -0.006824 0.028000 0.016082
v -0.006216 0.026641 0.014869
v -0.006824 0.028000 0.016082
v -0.007160 0.026442 0.014520
v -0.007160 0.026442 0.014520
v -0.006824 0.028000 0.016082
v -0.007985 0.027754 0.015652
v -0.007160 0.026442 0.014520
v -0.007985 0.027754 0.015652
v -0.008026 0.026244 0.014008
v -0.008026 0.026244 0.014008
v -0.007985 0.027754 0.015652
v -0.009052 0.027511 0.015023
v -0.008026 0.026244 0.014008
v -0.009052 0.027511 0.015023
v -0.008791 0.026055 0.013352
v -0.008791 0.026055 0.013352
v -0.009052 0.027511 0.015023
v -0.009993 0.027279 0.014214
v -0.008791 0.026055 0.013352
v -0.009993 0.027279 0.014214
v -0.009430 0.025881 0.012568
v -0.009430 0.025881 0.012568
v -0.009993 0.027279 0.014214
v -0.010779 0.027065 0.013250
v -0.009430 0.025881 0.012568
v -0.010779 0.027065 0.013250
v -0.009923 0.025726 0.011682
v -0.009923 0.025726 0.011682
v -0.010779 0.027065 0.013250
v -0.011387 0.026874 0.012160
v -0.009923 0.025726 0.011682
v -0.011387 0.026874 0.012160
v -0.010256 0.025596 0.010720
v -0.010256 0.025596 0.010720
v -0.011387 0.026874 0.012160
v -0.011796 0.026713 0.010976
v -0.010256 0.025596 0.010720
v -0.011796 0.026713 0.010976
v -0.010419 0.025493 0.009713
v -0.010419 0.025493 0.009713
v -0.011796 0.026713 0.010976
v -0.011997 0.026587 0.009736
v -0.010419 0.025493 0.009713
v -0.011997 0.026587 0.009736
v -0.010406 0.025422 0.008689
v -0.010406 0.025422 0.008689
v -0.011997 0.026587 0.009736
v -0.011981 0.026500 0.008477
v -0.010406 0.025422 0.008689
v -0.011981 0.026500 0.008477
v -0.010219 0.025384 0.007682
v -0.010219 0.025384 0.007682
v -0.011981 0.026500 0.008477
v -0.011750 0.026453 0.007236
v -0.010219 0.025384 0.007682
v -0.011750 0.026453 0.007236
v -0.009862 0.025381 0.006720
v -0.009862 0.025381 0.006720
v -0.011750 0.026453 0.007236
v -0.011311 0.026449 0.006052
v -0.009862 0.025381 0.006720
v -0.011311 0.026449 0.006052
v -0.009346 0.025413 0.005834
v -0.009346 0.025413 0.005834
v -0.011311 0.026449 0.006052
v -0.010677 0.026489 0.004962
v -0.009346 0.025413 0.005834
v -0.010677 0.026489 0.004962
v -0.008688 0.025479 0.005050
v -0.008688 0.025479 0.005050
v -0.010677 0.026489 0.004962
v -0.009867 0.026569 0.003996
v -0.008688 0.025479 0.005050
v -0.009867 0.026569 0.003996
v -0.007907 0.025576 0.004391
v -0.007907 0.025576 0.004391
v -0.009867 0.026569 0.003996
v -0.008906 0.026690 0.003186
v -0.007907 0.025576 0.004391
v -0.008906 0.026690 0.003186
v -0.007027 0.025703 0.003879
v -0.007027 0.025703 0.003879
v -0.008906 0.026690 0.003186
v -0.007823 0.026844 0.002556
v -0.007027 0.025703 0.003879
v -0.007823 0.026844 0.002556
v -0.006075 0.025853 0.003529
v -0.006075 0.025853 0.003529
v -0.007823 0.026844 0.002556
v -0.006651 0.027030 0.002125
v -0.006075 0.025853 0.003529
v -0.006651 0.027030 0.002125
v -0.005080 0.026025 0.003350
v -0.005080 0.026025 0.003350
v -0.006651 0.027030 0.002125
v -0.005426 0.027241 0.001905
v -0.005080 0.026025 0.003350
v -0.005426 0.027241 0.001905
v -0.004071 0.026211 0.003350
v -0.004071 0.026211 0.003350
v -0.005426 0.027241 0.001905
v -0.004185 0.027471 0.001905
v -0.004071 0.026211 0.003350
v -0.004185 0.027471 0.001905
v -0.003080 0.026408 0.003527
v -0.003080 0.026408 0.003527
v -0.004185 0.027471 0.001905
v -0.002964 0.027712 0.002123
v -0.003080 0.026408 0.003527
v -0.002964 0.027712 0.002123
v -0.002136 0.026608 0.003877
v -0.002136 0.026608 0.003877
v -0.002964 0.027712 0.002123
v -0.001803 0.027958 0.002554
v -0.002136 0.026608 0.003877
v -0.001803 0.027958 0.002554
v -0.001269 0.026804 0.004388
v -0.001269 0.026804 0.004388
v -0.001803 0.027958 0.002554
v -0.000736 0.028201 0.003182
v -0.001269 0.026804 0.004388
v -0.000736 0.028201 0.003182
v -0.000505 0.026993 0.005046
v -0.000505 0.026993 0.005046
v -0.000736 0.028201 0.003182
v 0.000205 0.028433 0.003991
v -0.000505 0.026993 0.005046
v 0.000205 0.028433 0.003991
v 0.000134 0.027168 0.005829
v 0.000134 0.027168 0.005829
v 0.000205 0.028433 0.003991
v 0.000991 0.028648 0.004955
v 0.000134 0.027168 0.005829
v 0.000991 0.028648 0.004955
v 0.000628 0.027322 0.006715
v 0.000628 0.027322 0.006715
v 0.000991 0.028648 0.004955
v 0.001598 0.028839 0.006046
v 0.000628 0.027322 0.006715
v 0.001598 0.028839 0.006046
v 0.000960 0.027453 0.007676
v 0.000960 0.027453 0.007676
v 0.001598 0.028839 0.006046
v 0.002008 0.029000 0.007229
v 0.000960 0.027453 0.007676
v 0.002008 0.029000 0.007229
v 0.001123 0.027555 0.008683
v 0.001123 0.027555 0.008683
v 0.002008 0.029000 0.007229
v 0.002208 0.029126 0.008469
v 0.001123 0.027555 0.008683
v 0.002208 0.029126 0.008469
v 0.001111 0.027627 0.009707
v 0.001111 0.027627 0.009707
v 0.002208 0.029126 0.008469
v 0.002192 0.029213 0.009729
v 0.001111 0.027627 0.009707
v 0.002192 0.029213 0.009729
v 0.000923 0.027665 0.010715
v 0.000923 0.027665 0.010715
v 0.002192 0.029213 0.009729
v 0.001962 0.029259 0.010970
v 0.002332 0.002034 0.011632
v 0.003244 0.015121 0.011615
v 0.002181 0.002036 0.012039
v 0.002181 0.002036 0.012039
v 0.003244 0.015121 0.011615
v 0.002887 0.015123 0.012577
v 0.002181 0.002036 0.012039
v 0.002887 0.015123 0.012577
v 0.001962 0.002022 0.012414
v 0.001962 0.002022 0.012414
v 0.002887 0.015123 0.012577
v 0.002373 0.015091 0.013463
v 0.001962 0.002022 0.012414
v 0.002373 0.015091 0.013463
v 0.001684 0.001995 0.012746
v 0.001684 0.001995 0.012746
v 0.002373 0.015091 0.013463
v 0.001714 0.015026 0.014248
v 0.001684 0.001995 0.012746
v 0.001714 0.015026 0.014248
v 0.001354 0.001954 0.013024
v 0.001354 0.001954 0.013024
v 0.001714 0.015026 0.014248
v 0.000934 0.014929 0.014905
v 0.001354 0.001954 0.013024
v 0.000934 0.014929 0.014905
v 0.000981 0.001900 0.013241
v 0.000981 0.001900 0.013241
v 0.000934 0.014929 0.014905
v 0.000054 0.014803 0.015417
v 0.000981 0.001900 0.013241
v 0.000054 0.014803 0.015417
v 0.000578 0.001836 0.013389
v 0.000578 0.001836 0.013389
v 0.000054 0.014803 0.015417
v -0.000898 0.014652 0.015768
v 0.000578 0.001836 0.013389
v -0.000898 0.014652 0.015768
v 0.000157 0.001764 0.013464
v 0.000157 0.001764 0.013464
v -0.000898 0.014652 0.015768
v -0.001894 0.014480 0.015946
v 0.000157 0.001764 0.013464
v -0.001894 0.014480 0.015946
v -0.000269 0.001684 0.013464
v -0.000269 0.001684 0.013464
v -0.001894 0.014480 0.015946
v -0.002903 0.014294 0.015947
v -0.000269 0.001684 0.013464
v -0.002903 0.014294 0.015947
v -0.000689 0.001602 0.013390
v -0.000689 0.001602 0.013390
v -0.002903 0.014294 0.015947
v -0.003893 0.014097 0.015770
v -0.000689 0.001602 0.013390
v -0.003893 0.014097 0.015770
v -0.001088 0.001518 0.013242
v -0.001088 0.001518 0.013242
v -0.003893 0.014097 0.015770
v -0.004837 0.013898 0.015420
v -0.001088 0.001518 0.013242
v -0.004837 0.013898 0.015420
v -0.001455 0.001434 0.013026
v -0.001455 0.001434 0.013026
v -0.004837 0.013898 0.015420
v -0.005705 0.013700 0.014909
v -0.001455 0.001434 0.013026
v -0.005705 0.013700 0.014909
v -0.001778 0.001354 0.012748
v -0.001778 0.001354 0.012748
v -0.005705 0.013700 0.014909
v -0.006469 0.013512 0.014251
v -0.001778 0.001354 0.012748
v -0.006469 0.013512 0.014251
v -0.002048 0.001280 0.012416
v -0.002048 0.001280 0.012416
v -0.006469 0.013512 0.014251
v -0.007108 0.013338 0.013468
v -0.002048 0.001280 0.012416
v -0.007108 0.013338 0.013468
v -0.002257 0.001214 0.012041
v -0.002257 0.001214 0.012041
v -0.007108 0.013338 0.013468
v -0.007601 0.013182 0.012582
v -0.002257 0.001214 0.012041
v -0.007601 0.013182 0.012582
v -0.002398 0.001159 0.011634
v -0.002398 0.001159 0.011634
v -0.007601 0.013182 0.012582
v -0.007934 0.013051 0.011621
v -0.002398 0.001159 0.011634
v -0.007934 0.013051 0.011621
v -0.002467 0.001116 0.011208
v -0.002467 0.001116 0.011208
v -0.007934 0.013051 0.011621
v -0.008097 0.012949 0.010613
v -0.002467 0.001116 0.011208
v -0.008097 0.012949 0.010613
v -0.002462 0.001086 0.010775
v -0.002462 0.001086 0.010775
v -0.008097 0.012949 0.010613
v -0.008084 0.012879 0.009589
v -0.002462 0.001086 0.010775
v -0.008084 0.012879 0.009589
v -0.002382 0.001070 0.010349
v -0.002382 0.001070 0.010349
v -0.008084 0.012879 0.009589
v -0.007897 0.012841 0.008582
v -0.002382 0.001070 0.010349
v -0.007897 0.012841 0.008582
v -0.002232 0.001069 0.009941
v -0.002232 0.001069 0.009941
v -0.007897 0.012841 0.008582
v -0.007540 0.012838 0.007620
v -0.002232 0.001069 0.009941
v -0.007540 0.012838 0.007620
v -0.002014 0.001082 0.009567
v -0.002014 0.001082 0.009567
v -0.007540 0.012838 0.007620
v -0.007024 0.012869 0.006733
v -0.002014 0.001082 0.009567
v -0.007024 0.012869 0.006733
v -0.001735 0.001110 0.009235
v -0.001735 0.001110 0.009235
v -0.007024 0.012869 0.006733
v -0.006366 0.012935 0.005950
v -0.001735 0.001110 0.009235
v -0.006366 0.012935 0.005950
v -0.001405 0.001151 0.008956
v -0.001405 0.001151 0.008956
v -0.006366 0.012935 0.005950
v -0.005586 0.013032 0.005291
v -0.001405 0.001151 0.008956
v -0.005586 0.013032 0.005291
v -0.001032 0.001205 0.008740
v -0.001032 0.001205 0.008740
v -0.005586 0.013032 0.005291
v -0.004706 0.013159 0.004780
v -0.001032 0.001205 0.008740
v -0.004706 0.013159 0.004780
v -0.000630 0.001268 0.008592
v -0.000630 0.001268 0.008592
v -0.004706 0.013159 0.004780
v -0.003754 0.013309 0.004429
v -0.000630 0.001268 0.008592
v -0.003754 0.013309 0.004429
v -0.000209 0.001341 0.008516
v -0.000209 0.001341 0.008516
v -0.003754 0.013309 0.004429
v -0.002758 0.013481 0.004250
v -0.000209 0.001341 0.008516
v -0.002758 0.013481 0.004250
v 0.000218 0.001420 0.008516
v 0.000218 0.001420 0.008516
v -0.002758 0.013481 0.004250
v -0.001749 0.013668 0.004250
v 0.000218 0.001420 0.008516
v -0.001749 0.013668 0.004250
v 0.000638 0.001503 0.008591
v 0.000638 0.001503 0.008591
v -0.001749 0.013668 0.004250
v -0.000758 0.013864 0.004428
v 0.000638 0.001503 0.008591
v -0.000758 0.013864 0.004428
v 0.001037 0.001587 0.008739
v 0.001037 0.001587 0.008739
v -0.000758 0.013864 0.004428
v 0.000185 0.014064 0.004777
v 0.001037 0.001587 0.008739
v 0.000185 0.014064 0.004777
v 0.001403 0.001671 0.008955
v 0.001403 0.001671 0.008955
v 0.000185 0.014064 0.004777
v 0.001053 0.014261 0.005288
v 0.001403 0.001671 0.008955
v 0.001053 0.014261 0.005288
v 0.001728 0.001751 0.009234
v 0.001728 0.001751 0.009234
v 0.001053 0.014261 0.005288
v 0.001817 0.014449 0.005945
v 0.001728 0.001751 0.009234
v 0.001817 0.014449 0.005945
v 0.001998 0.001824 0.009565
v 0.001998 0.001824 0.009565
v 0.001817 0.014449 0.005945
v 0.002456 0.014624 0.006729
v 0.001998 0.001824 0.009565
v 0.002456 0.014624 0.006729
v 0.002206 0.001890 0.009940
v 0.002206 0.001890 0.009940
v 0.002456 0.014624 0.006729
v 0.002949 0.014778 0.007615
v 0.002206 0.001890 0.009940
v 0.002949 0.014778 0.007615
v 0.002347 0.001945 0.010347
v 0.002347 0.001945 0.010347
v 0.002949 0.014778 0.007615
v 0.003282 0.014909 0.008576
v 0.002347 0.001945 0.010347
v 0.003282 0.014909 0.008576
v 0.002416 0.001989 0.010773
v 0.002416 0.001989 0.010773
v 0.003282 0.014909 0.008576
v 0.003445 0.015011 0.009584
v 0.002416 0.001989 0.010773
v 0.003445 0.015011 0.009584
v 0.002410 0.002019 0.011206
v 0.002410 0.002019 0.011206
v 0.003445 0.015011 0.009584
v 0.003432 0.015083 0.010608
v 0.002410 0.002019 0.011206
v 0.003432 0.015083 0.010608
v 0.002332 0.002034 0.011632
v 0.002332 0.002034 0.011632
v 0.003432 0.015083 0.010608
v 0.003244 0.015121 0.011615
v 0.000566 -0.004753 0.009005
v 0.000494 -0.004796 0.009031
v -0.000630 0.001268 0.008592
v -0.000652 -0.006045 0.010020
v -0.000676 -0.006122 0.010086
v -0.002014 0.001082 0.009567
v -0.000314 -0.009474 0.012731
v -0.000251 -0.009598 0.012814
v -0.002257 0.001214 0.012041
v 0.004036 -0.006760 0.011836
v 0.002410 0.002019 0.011206
v 0.004057 -0.006987 0.012013
v 0.004057 -0.006987 0.012013
v 0.002410 0.002019 0.011206
v 0.002332 0.002034 0.011632
v 0.004051 -0.008065 0.012762
v 0.004075 -0.007588 0.012449
v 0.002332 0.002034 0.011632
v 0.002332 0.002034 0.011632
v 0.004075 -0.007588 0.012449
v 0.004068 -0.007392 0.012307
v 0.002332 0.002034 0.011632
v 0.004068 -0.007392 0.012307
v 0.004057 -0.006987 0.012013
v 0.004051 -0.008065 0.012762
v 0.002332 0.002034 0.011632
v 0.004050 -0.008069 0.012764
v 0.004050 -0.008069 0.012764
v 0.002332 0.002034 0.011632
v 0.002181 0.002036 0.012039
v 0.004050 -0.008069 0.012764
v 0.002181 0.002036 0.012039
v 0.004027 -0.008266 0.012881
v 0.003636 -0.010177 0.013868
v 0.003815 -0.009528 0.013570
v 0.001684 0.001995 0.012746
v 0.001684 0.001995 0.012746
v 0.003815 -0.009528 0.013570
v 0.003833 -0.009463 0.013539
v 0.001684 0.001995 0.012746
v 0.003833 -0.009463 0.013539
v 0.001962 0.002022 0.012414
v 0.001962 0.002022 0.012414
v 0.003833 -0.009463 0.013539
v 0.003962 -0.008791 0.013189
v 0.001962 0.002022 0.012414
v 0.003962 -0.008791 0.013189
v 0.002181 0.002036 0.012039
v 0.002181 0.002036 0.012039
v 0.003962 -0.008791 0.013189
v 0.003970 -0.008753 0.013168
v 0.002181 0.002036 0.012039
v 0.003970 -0.008753 0.013168
v 0.004027 -0.008266 0.012881
v 0.000981 0.001900 0.013241
v 0.003525 -0.010500 0.014002
v 0.001354 0.001954 0.013024
v 0.001354 0.001954 0.013024
v 0.003525 -0.010500 0.014002
v 0.003611 -0.010250 0.013898
v 0.001354 0.001954 0.013024
v 0.003611 -0.010250 0.013898
v 0.001684 0.001995 0.012746
v 0.001684 0.001995 0.012746
v 0.003611 -0.010250 0.013898
v 0.003614 -0.010241 0.013895
v 0.001684 0.001995 0.012746
v 0.003614 -0.010241 0.013895
v 0.003636 -0.010177 0.013868
v 0.003040 -0.011466 0.014343
v 0.003059 -0.011441 0.014336
v 0.000578 0.001836 0.013389
v 0.000578 0.001836 0.013389
v 0.003059 -0.011441 0.014336
v 0.003291 -0.011043 0.014206
v 0.000578 0.001836 0.013389
v 0.003291 -0.011043 0.014206
v 0.000981 0.001900 0.013241
v 0.000981 0.001900 0.013241
v 0.003291 -0.011043 0.014206
v 0.003350 -0.010907 0.014155
v 0.000981 0.001900 0.013241
v 0.003350 -0.010907 0.014155
v 0.003525 -0.010500 0.014002
v 0.003040 -0.011466 0.014343
v 0.000578 0.001836 0.013389
v 0.002885 -0.011667 0.014399
v 0.002885 -0.011667 0.014399
v 0.000578 0.001836 0.013389
v 0.000157 0.001764 0.013464
v 0.002885 -0.011667 0.014399
v 0.000157 0.001764 0.013464
v 0.002715 -0.011832 0.014437
v 0.002282 -0.012051 0.014451
v 0.002402 -0.012016 0.014458
v -0.000269 0.001684 0.013464
v 0.002402 -0.012016 0.014458
v 0.002441 -0.012002 0.014458
v -0.000269 0.001684 0.013464
v -0.000269 0.001684 0.013464
v 0.002441 -0.012002 0.014458
v 0.002568 -0.011937 0.014454
v -0.000269 0.001684 0.013464
v 0.002568 -0.011937 0.014454
v 0.000157 0.001764 0.013464
v 0.000157 0.001764 0.013464
v 0.002568 -0.011937 0.014454
v 0.002678 -0.011859 0.014441
v 0.000157 0.001764 0.013464
v 0.002678 -0.011859 0.014441
v 0.002715 -0.011832 0.014437
v 0.002015 -0.012061 0.014412
v 0.002158 -0.012066 0.014437
v -0.000269 0.001684 0.013464
v -0.000269 0.001684 0.013464
v 0.002158 -0.012066 0.014437
v 0.002273 -0.012051 0.014450
v -0.000269 0.001684 0.013464
v 0.002273 -0.012051 0.014450
v 0.002282 -0.012051 0.014451
v -0.001088 0.001518 0.013242
v 0.001374 -0.011783 0.014195
v -0.000689 0.001602 0.013390
v -0.000689 0.001602 0.013390
v 0.001374 -0.011783 0.014195
v 0.001413 -0.011813 0.014213
v -0.000689 0.001602 0.013390
v 0.001413 -0.011813 0.014213
v 0.001486 -0.011862 0.014246
v 0.001486 -0.011862 0.014246
v 0.001683 -0.011966 0.014321
v -0.000689 0.001602 0.013390
v -0.000689 0.001602 0.013390
v 0.001683 -0.011966 0.014321
v 0.001833 -0.012020 0.014366
v -0.000689 0.001602 0.013390
v 0.001833 -0.012020 0.014366
v -0.000269 0.001684 0.013464
v -0.000269 0.001684 0.013464
v 0.001833 -0.012020 0.014366
v 0.001876 -0.012035 0.014379
v -0.000269 0.001684 0.013464
v 0.001876 -0.012035 0.014379
v 0.002015 -0.012061 0.014412
v 0.000630 -0.011047 0.013744
v -0.001455 0.001434 0.013026
v 0.000484 -0.010844 0.013618
v 0.000484 -0.010844 0.013618
v -0.001455 0.001434 0.013026
v -0.001778 0.001354 0.012748
v 0.000484 -0.010844 0.013618
v -0.001778 0.001354 0.012748
v 0.000483 -0.010842 0.013617
v 0.000630 -0.011047 0.013744
v 0.000801 -0.011253 0.013868
v -0.001455 0.001434 0.013026
v -0.001455 0.001434 0.013026
v 0.000801 -0.011253 0.013868
v 0.000918 -0.011374 0.013941
v -0.001455 0.001434 0.013026
v 0.000918 -0.011374 0.013941
v -0.001088 0.001518 0.013242
v -0.001088 0.001518 0.013242
v 0.000918 -0.011374 0.013941
v 0.001099 -0.011560 0.014055
v -0.001088 0.001518 0.013242
v 0.001099 -0.011560 0.014055
v 0.001374 -0.011783 0.014195
v -0.002257 0.001214 0.012041
v -0.000251 -0.009598 0.012814
v -0.002048 0.001280 0.012416
v -0.000251 -0.009598 0.012814
v -0.000002 -0.010093 0.013145
v -0.002048 0.001280 0.012416
v -0.002048 0.001280 0.012416
v -0.000002 -0.010093 0.013145
v 0.000087 -0.010242 0.013241
v -0.002048 0.001280 0.012416
v 0.000087 -0.010242 0.013241
v -0.001778 0.001354 0.012748
v -0.001778 0.001354 0.012748
v 0.000087 -0.010242 0.013241
v 0.000270 -0.010545 0.013434
v -0.001778 0.001354 0.012748
v 0.000270 -0.010545 0.013434
v 0.000483 -0.010842 0.013617
v -0.002398 0.001159 0.011634
v -0.000524 -0.008947 0.012358
v -0.002257 0.001214 0.012041
v -0.002257 0.001214 0.012041
v -0.000524 -0.008947 0.012358
v -0.000453 -0.009124 0.012484
v -0.002257 0.001214 0.012041
v -0.000453 -0.009124 0.012484
v -0.000314 -0.009474 0.012731
v -0.002467 0.001116 0.011208
v -0.002462 0.001086 0.010775
v -0.000837 -0.007693 0.011405
v -0.000837 -0.007693 0.011405
v -0.000746 -0.008208 0.011810
v -0.002467 0.001116 0.011208
v -0.002467 0.001116 0.011208
v -0.000746 -0.008208 0.011810
v -0.000718 -0.008307 0.011883
v -0.002467 0.001116 0.011208
v -0.000718 -0.008307 0.011883
v -0.002398 0.001159 0.011634
v -0.002398 0.001159 0.011634
v -0.000718 -0.008307 0.011883
v -0.000565 -0.008840 0.012284
v -0.002398 0.001159 0.011634
v -0.000565 -0.008840 0.012284
v -0.000524 -0.008947 0.012358
v -0.002382 0.001070 0.010349
v -0.000865 -0.007120 0.010937
v -0.002462 0.001086 0.010775
v -0.002462 0.001086 0.010775
v -0.000865 -0.007120 0.010937
v -0.000867 -0.007138 0.010951
v -0.000867 -0.007138 0.010951
v -0.000850 -0.007454 0.011210
v -0.002462 0.001086 0.010775
v -0.002462 0.001086 0.010775
v -0.000850 -0.007454 0.011210
v -0.000839 -0.007678 0.011393
v -0.002462 0.001086 0.010775
v -0.000839 -0.007678 0.011393
v -0.000837 -0.007693 0.011405
v -0.002014 0.001082 0.009567
v -0.000676 -0.006122 0.010086
v -0.002232 0.001069 0.009941
v -0.000676 -0.006122 0.010086
v -0.000785 -0.006460 0.010377
v -0.002232 0.001069 0.009941
v -0.002232 0.001069 0.009941
v -0.000785 -0.006460 0.010377
v -0.000813 -0.006594 0.010492
v -0.002232 0.001069 0.009941
v -0.000813 -0.006594 0.010492
v -0.002382 0.001070 0.010349
v -0.002382 0.001070 0.010349
v -0.000813 -0.006594 0.010492
v -0.000820 -0.006629 0.010522
v -0.002382 0.001070 0.010349
v -0.000820 -0.006629 0.010522
v -0.000865 -0.007120 0.010937
v -0.001405 0.001151 0.008956
v -0.000203 -0.005338 0.009423
v -0.001735 0.001110 0.009235
v -0.001735 0.001110 0.009235
v -0.000203 -0.005338 0.009423
v -0.000213 -0.005347 0.009431
v -0.000213 -0.005347 0.009431
v -0.000456 -0.005668 0.009697
v -0.001735 0.001110 0.009235
v -0.001735 0.001110 0.009235
v -0.000456 -0.005668 0.009697
v -0.000472 -0.005701 0.009725
v -0.001735 0.001110 0.009235
v -0.000472 -0.005701 0.009725
v -0.002014 0.001082 0.009567
v -0.002014 0.001082 0.009567
v -0.000472 -0.005701 0.009725
v -0.000543 -0.005837 0.009842
v -0.002014 0.001082 0.009567
v -0.000543 -0.005837 0.009842
v -0.000652 -0.006045 0.010020
v -0.000630 0.001268 0.008592
v 0.000494 -0.004796 0.009031
v -0.001032 0.001205 0.008740
v 0.000494 -0.004796 0.009031
v 0.000280 -0.004920 0.009107
v -0.001032 0.001205 0.008740
v -0.001032 0.001205 0.008740
v 0.000280 -0.004920 0.009107
v 0.000124 -0.005036 0.009190
v -0.001032 0.001205 0.008740
v 0.000124 -0.005036 0.009190
v -0.001405 0.001151 0.008956
v -0.001405 0.001151 0.008956
v 0.000124 -0.005036 0.009190
v 0.000069 -0.005077 0.009219
v -0.001405 0.001151 0.008956
v 0.000069 -0.005077 0.009219
v -0.000203 -0.005338 0.009423
v -0.000209 0.001341 0.008516
v 0.000894 -0.004615 0.008946
v -0.000630 0.001268 0.008592
v -0.000630 0.001268 0.008592
v 0.000894 -0.004615 0.008946
v 0.000848 -0.004630 0.008949
v -0.000630 0.001268 0.008592
v 0.000848 -0.004630 0.008949
v 0.000566 -0.004753 0.009005
v 0.000218 0.001420 0.008516
v 0.001228 -0.004516 0.008935
v -0.000209 0.001341 0.008516
v -0.000209 0.001341 0.008516
v 0.001228 -0.004516 0.008935
v 0.001133 -0.004539 0.008932
v -0.000209 0.001341 0.008516
v 0.001133 -0.004539 0.008932
v 0.000894 -0.004615 0.008946
v 0.000638 0.001503 0.008591
v 0.001506 -0.004469 0.008966
v 0.000218 0.001420 0.008516
v 0.000218 0.001420 0.008516
v 0.001506 -0.004469 0.008966
v 0.001314 -0.004502 0.008945
v 0.000218 0.001420 0.008516
v 0.001314 -0.004502 0.008945
v 0.001228 -0.004516 0.008935
v 0.001037 0.001587 0.008739
v 0.002158 -0.004475 0.009176
v 0.002113 -0.004467 0.009153
v 0.002113 -0.004467 0.009153
v 0.001829 -0.004450 0.009045
v 0.001037 0.001587 0.008739
v 0.001037 0.001587 0.008739
v 0.001829 -0.004450 0.009045
v 0.001788 -0.004450 0.009033
v 0.001037 0.001587 0.008739
v 0.001788 -0.004450 0.009033
v 0.000638 0.001503 0.008591
v 0.000638 0.001503 0.008591
v 0.001788 -0.004450 0.009033
v 0.001739 -0.004453 0.009021
v 0.000638 0.001503 0.008591
v 0.001739 -0.004453 0.009021
v 0.001506 -0.004469 0.008966
v 0.002158 -0.004475 0.009176
v 0.001037 0.001587 0.008739
v 0.002395 -0.004520 0.009299
v 0.002395 -0.004520 0.009299
v 0.001037 0.001587 0.008739
v 0.001403 0.001671 0.008955
v 0.002395 -0.004520 0.009299
v 0.001403 0.001671 0.008955
v 0.002441 -0.004532 0.009327
v 0.001728 0.001751 0.009234
v 0.002733 -0.004637 0.009532
v 0.001403 0.001671 0.008955
v 0.001403 0.001671 0.008955
v 0.002733 -0.004637 0.009532
v 0.002556 -0.004573 0.009408
v 0.001403 0.001671 0.008955
v 0.002556 -0.004573 0.009408
v 0.002441 -0.004532 0.009327
v 0.001998 0.001824 0.009565
v 0.003012 -0.004790 0.009780
v 0.001728 0.001751 0.009234
v 0.001728 0.001751 0.009234
v 0.003012 -0.004790 0.009780
v 0.002926 -0.004742 0.009703
v 0.001728 0.001751 0.009234
v 0.002926 -0.004742 0.009703
v 0.002733 -0.004637 0.009532
v 0.003531 -0.005301 0.010445
v 0.003354 -0.005090 0.010186
v 0.002206 0.001890 0.009940
v 0.002206 0.001890 0.009940
v 0.003354 -0.005090 0.010186
v 0.003301 -0.005027 0.010109
v 0.002206 0.001890 0.009940
v 0.003301 -0.005027 0.010109
v 0.001998 0.001824 0.009565
v 0.001998 0.001824 0.009565
v 0.003301 -0.005027 0.010109
v 0.003256 -0.004989 0.010056
v 0.001998 0.001824 0.009565
v 0.003256 -0.004989 0.010056
v 0.003012 -0.004790 0.009780
v 0.002347 0.001945 0.010347
v 0.003655 -0.005496 0.010664
v 0.002206 0.001890 0.009940
v 0.002206 0.001890 0.009940
v 0.003655 -0.005496 0.010664
v 0.003538 -0.005312 0.010457
v 0.002206 0.001890 0.009940
v 0.003538 -0.005312 0.010457
v 0.003531 -0.005301 0.010445
v 0.002416 0.001989 0.010773
v 0.003830 -0.005875 0.011054
v 0.002347 0.001945 0.010347
v 0.002347 0.001945 0.010347
v 0.003830 -0.005875 0.011054
v 0.003760 -0.005724 0.010899
v 0.002347 0.001945 0.010347
v 0.003760 -0.005724 0.010899
v 0.003655 -0.005496 0.010664
v 0.004036 -0.006760 0.011836
v 0.003995 -0.006525 0.011638
v 0.002410 0.002019 0.011206
v 0.002410 0.002019 0.011206
v 0.003995 -0.006525 0.011638
v 0.003956 -0.006297 0.011446
v 0.002410 0.002019 0.011206
v 0.003956 -0.006297 0.011446
v 0.002416 0.001989 0.010773
v 0.002416 0.001989 0.010773
v 0.003956 -0.006297 0.011446
v 0.003928 -0.006205 0.011361
v 0.002416 0.001989 0.010773
v 0.003928 -0.006205 0.011361
v 0.003830 -0.005875 0.011054
v 0.001367 0.008521 -0.037264
v 0.002858 0.008732 -0.037197
v -0.000203 0.015324 -0.016843
v -0.002437 0.008749 -0.036768
v -0.002394 0.008744 -0.036775
v -0.006121 0.013891 -0.021555
v -0.008848 0.012938 -0.027798
v -0.009078 0.012849 -0.028455
v -0.007821 0.010740 -0.034608
v -0.007821 0.010740 -0.034608
v -0.009078 0.012849 -0.028455
v -0.009915 0.012484 -0.031376
v -0.007821 0.010740 -0.034608
v -0.009915 0.012484 -0.031376
v -0.008387 0.011031 -0.034311
v -0.008387 0.011031 -0.034311
v -0.009915 0.012484 -0.031376
v -0.010332 0.012286 -0.033064
v -0.008163 0.013206 -0.025836
v -0.005109 0.009519 -0.035887
v -0.007176 0.013554 -0.023533
v -0.007176 0.013554 -0.023533
v -0.005109 0.009519 -0.035887
v -0.007016 0.013605 -0.023232
v -0.008848 0.012938 -0.027798
v -0.007821 0.010740 -0.034608
v -0.008163 0.013206 -0.025836
v -0.008163 0.013206 -0.025836
v -0.007821 0.010740 -0.034608
v -0.006411 0.010017 -0.035350
v -0.008163 0.013206 -0.025836
v -0.006411 0.010017 -0.035350
v -0.005109 0.009519 -0.035887
v -0.006121 0.013891 -0.021555
v -0.002394 0.008744 -0.036775
v -0.005003 0.014216 -0.019911
v -0.007016 0.013605 -0.023232
v -0.005109 0.009519 -0.035887
v -0.006121 0.013891 -0.021555
v -0.006121 0.013891 -0.021555
v -0.005109 0.009519 -0.035887
v -0.004420 0.009254 -0.036171
v -0.006121 0.013891 -0.021555
v -0.004420 0.009254 -0.036171
v -0.002437 0.008749 -0.036768
v -0.000475 0.008506 -0.037133
v -0.003828 0.014527 -0.018610
v -0.002394 0.008744 -0.036775
v -0.002394 0.008744 -0.036775
v -0.003828 0.014527 -0.018610
v -0.004941 0.014232 -0.019843
v -0.002394 0.008744 -0.036775
v -0.004941 0.014232 -0.019843
v -0.005003 0.014216 -0.019911
v -0.000203 0.015324 -0.016843
v -0.000854 0.015198 -0.016929
v 0.001367 0.008521 -0.037264
v 0.001367 0.008521 -0.037264
v -0.000854 0.015198 -0.016929
v -0.001749 0.015011 -0.017216
v 0.001367 0.008521 -0.037264
v -0.001749 0.015011 -0.017216
v 0.000272 0.008512 -0.037186
v 0.000272 0.008512 -0.037186
v -0.001749 0.015011 -0.017216
v -0.002657 0.014809 -0.017700
v 0.000272 0.008512 -0.037186
v -0.002657 0.014809 -0.017700
v -0.000475 0.008506 -0.037133
v -0.000475 0.008506 -0.037133
v -0.002657 0.014809 -0.017700
v -0.002718 0.014795 -0.017733
v -0.000475 0.008506 -0.037133
v -0.002718 0.014795 -0.017733
v -0.003828 0.014527 -0.018610
v 0.002858 0.008732 -0.037197
v 0.003087 0.008765 -0.037187
v -0.000203 0.015324 -0.016843
v -0.000203 0.015324 -0.016843
v 0.003087 0.008765 -0.037187
v 0.004756 0.009234 -0.036909
v -0.000203 0.015324 -0.016843
v 0.004756 0.009234 -0.036909
v 0.000021 0.015368 -0.016813
v 0.000021 0.015368 -0.016813
v 0.004756 0.009234 -0.036909
v 0.000925 0.015533 -0.016855
v 0.000925 0.015533 -0.016855
v 0.004756 0.009234 -0.036909
v 0.001911 0.015699 -0.017081
v 0.001911 0.015699 -0.017081
v 0.004756 0.009234 -0.036909
v 0.005302 0.009473 -0.036744
v 0.001911 0.015699 -0.017081
v 0.005302 0.009473 -0.036744
v 0.002378 0.015771 -0.017279
v 0.002378 0.015771 -0.017279
v 0.005302 0.009473 -0.036744
v 0.006431 0.009968 -0.036401
v 0.002378 0.015771 -0.017279
v 0.006431 0.009968 -0.036401
v 0.003057 0.015876 -0.017566
v 0.007577 0.010677 -0.035873
v 0.008046 0.010968 -0.035656
v 0.007299 0.016390 -0.021340
v 0.007299 0.016390 -0.021340
v 0.008046 0.010968 -0.035656
v 0.009542 0.012209 -0.034691
v 0.007299 0.016390 -0.021340
v 0.009542 0.012209 -0.034691
v 0.007741 0.016429 -0.021942
v 0.007741 0.016429 -0.021942
v 0.009542 0.012209 -0.034691
v 0.009647 0.012323 -0.034600
v 0.007741 0.016429 -0.021942
v 0.009647 0.012323 -0.034600
v 0.008721 0.016514 -0.023278
v 0.007299 0.016390 -0.021340
v 0.005876 0.016242 -0.019737
v 0.007577 0.010677 -0.035873
v 0.007577 0.010677 -0.035873
v 0.005876 0.016242 -0.019737
v 0.005041 0.016141 -0.018994
v 0.007577 0.010677 -0.035873
v 0.005041 0.016141 -0.018994
v 0.006431 0.009968 -0.036401
v 0.006431 0.009968 -0.036401
v 0.005041 0.016141 -0.018994
v 0.004460 0.016071 -0.018477
v 0.006431 0.009968 -0.036401
v 0.004460 0.016071 -0.018477
v 0.003057 0.015876 -0.017566
v 0.008721 0.016514 -0.023278
v 0.009647 0.012323 -0.034600
v 0.010137 0.016614 -0.025543
v 0.010137 0.016614 -0.025543
v 0.009647 0.012323 -0.034600
v 0.010907 0.013683 -0.033514
v 0.010137 0.016614 -0.025543
v 0.010907 0.013683 -0.033514
v 0.010434 0.016631 -0.026090
v 0.010434 0.016631 -0.026090
v 0.010907 0.013683 -0.033514
v 0.011449 0.014434 -0.032902
v 0.010434 0.016631 -0.026090
v 0.011449 0.014434 -0.032902
v 0.011540 0.016689 -0.028124
v 0.011540 0.016689 -0.028124
v 0.011449 0.014434 -0.032902
v 0.012128 0.015373 -0.032136
v 0.011540 0.016689 -0.028124
v 0.012128 0.015373 -0.032136
v 0.012923 0.016738 -0.031009
v 0.002561 -0.006737 -0.023981
v 0.007672 -0.008811 -0.030023
v 0.002053 -0.007010 -0.024401
v 0.002053 -0.007010 -0.024401
v 0.007672 -0.008811 -0.030023
v 0.001639 -0.007307 -0.024900
v 0.008263 -0.006290 -0.024850
v 0.008659 -0.006493 -0.025407
v 0.002561 -0.006737 -0.023981
v 0.002561 -0.006737 -0.023981
v 0.008659 -0.006493 -0.025407
v 0.008947 -0.006735 -0.026013
v 0.002561 -0.006737 -0.023981
v 0.008947 -0.006735 -0.026013
v 0.009119 -0.007008 -0.026648
v 0.009119 -0.007008 -0.026648
v 0.009169 -0.007304 -0.027295
v 0.002561 -0.006737 -0.023981
v 0.002561 -0.006737 -0.023981
v 0.009169 -0.007304 -0.027295
v 0.009096 -0.007615 -0.027933
v 0.002561 -0.006737 -0.023981
v 0.009096 -0.007615 -0.027933
v 0.008903 -0.007930 -0.028542
v 0.008903 -0.007930 -0.028542
v 0.008595 -0.008241 -0.029105
v 0.002561 -0.006737 -0.023981
v 0.002561 -0.006737 -0.023981
v 0.008595 -0.008241 -0.029105
v 0.008179 -0.008538 -0.029604
v 0.002561 -0.006737 -0.023981
v 0.008179 -0.008538 -0.029604
v 0.007672 -0.008811 -0.030023
v 0.002561 -0.006737 -0.023981
v 0.003146 -0.006495 -0.023654
v 0.008263 -0.006290 -0.024850
v 0.008263 -0.006290 -0.024850
v 0.003146 -0.006495 -0.023654
v 0.003791 -0.006292 -0.023427
v 0.008263 -0.006290 -0.024850
v 0.003791 -0.006292 -0.023427
v 0.007771 -0.006133 -0.024358
v 0.007771 -0.006133 -0.024358
v 0.003791 -0.006292 -0.023427
v 0.007199 -0.006026 -0.023946
v 0.007672 -0.008811 -0.030023
v 0.007087 -0.009052 -0.030351
v 0.001639 -0.007307 -0.024900
v 0.001639 -0.007307 -0.024900
v 0.007087 -0.009052 -0.030351
v 0.006442 -0.009255 -0.030577
v 0.001639 -0.007307 -0.024900
v 0.006442 -0.009255 -0.030577
v 0.005757 -0.009414 -0.030694
v 0.005757 -0.009414 -0.030694
v 0.005052 -0.009522 -0.030699
v 0.001639 -0.007307 -0.024900
v 0.001639 -0.007307 -0.024900
v 0.005052 -0.009522 -0.030699
v 0.004349 -0.009577 -0.030593
v 0.001639 -0.007307 -0.024900
v 0.004349 -0.009577 -0.030593
v 0.003669 -0.009577 -0.030377
v 0.003034 -0.009523 -0.030058
v 0.002462 -0.009415 -0.029646
v 0.001286 -0.008813 -0.027992
v 0.001286 -0.008813 -0.027992
v 0.002462 -0.009415 -0.029646
v 0.001970 -0.009258 -0.029154
v 0.001286 -0.008813 -0.027992
v 0.001970 -0.009258 -0.029154
v 0.001574 -0.009055 -0.028597
v 0.003034 -0.009523 -0.030058
v 0.001286 -0.008813 -0.027992
v 0.003669 -0.009577 -0.030377
v 0.003669 -0.009577 -0.030377
v 0.001286 -0.008813 -0.027992
v 0.001114 -0.008540 -0.027356
v 0.003669 -0.009577 -0.030377
v 0.001114 -0.008540 -0.027356
v 0.001064 -0.008244 -0.026709
v 0.001064 -0.008244 -0.026709
v 0.001136 -0.007933 -0.026071
v 0.003669 -0.009577 -0.030377
v 0.003669 -0.009577 -0.030377
v 0.001136 -0.007933 -0.026071
v 0.001331 -0.007617 -0.025462
v 0.003669 -0.009577 -0.030377
v 0.001331 -0.007617 -0.025462
v 0.001639 -0.007307 -0.024900
v 0.003791 -0.006292 -0.023427
v 0.004476 -0.006134 -0.023310
v 0.007199 -0.006026 -0.023946
v 0.007199 -0.006026 -0.023946
v 0.004476 -0.006134 -0.023310
v 0.005181 -0.006026 -0.023304
v 0.007199 -0.006026 -0.023946
v 0.005181 -0.006026 -0.023304
v 0.006563 -0.005971 -0.023628
v 0.006563 -0.005971 -0.023628
v 0.005181 -0.006026 -0.023304
v 0.005883 -0.005971 -0.023412
v 0.002918 -0.003289 -0.023202
v 0.003791 -0.006292 -0.023427
v 0.002025 -0.003569 -0.023514
v 0.002025 -0.003569 -0.023514
v 0.003791 -0.006292 -0.023427
v 0.003146 -0.006495 -0.023654
v 0.002025 -0.003569 -0.023514
v 0.003146 -0.006495 -0.023654
v 0.001216 -0.003903 -0.023969
v 0.001216 -0.003903 -0.023969
v 0.003146 -0.006495 -0.023654
v 0.002561 -0.006737 -0.023981
v 0.001216 -0.003903 -0.023969
v 0.002561 -0.006737 -0.023981
v 0.000514 -0.004282 -0.024549
v 0.000514 -0.004282 -0.024549
v 0.002561 -0.006737 -0.023981
v 0.002053 -0.007010 -0.024401
v 0.000514 -0.004282 -0.024549
v 0.002053 -0.007010 -0.024401
v -0.000059 -0.004692 -0.025238
v -0.000059 -0.004692 -0.025238
v 0.002053 -0.007010 -0.024401
v 0.001639 -0.007307 -0.024900
v -0.000059 -0.004692 -0.025238
v 0.001639 -0.007307 -0.024900
v -0.000486 -0.005122 -0.026017
v -0.000486 -0.005122 -0.026017
v 0.001639 -0.007307 -0.024900
v 0.001331 -0.007617 -0.025462
v -0.000486 -0.005122 -0.026017
v 0.001331 -0.007617 -0.025462
v -0.000754 -0.005558 -0.026860
v -0.000754 -0.005558 -0.026860
v 0.001331 -0.007617 -0.025462
v 0.001136 -0.007933 -0.026071
v -0.000754 -0.005558 -0.026860
v 0.001136 -0.007933 -0.026071
v -0.000855 -0.005988 -0.027742
v -0.000855 -0.005988 -0.027742
v 0.001136 -0.007933 -0.026071
v 0.001064 -0.008244 -0.026709
v -0.000855 -0.005988 -0.027742
v 0.001064 -0.008244 -0.026709
v -0.000785 -0.006398 -0.028636
v -0.000785 -0.006398 -0.028636
v 0.001064 -0.008244 -0.026709
v 0.001114 -0.008540 -0.027356
v -0.000785 -0.006398 -0.028636
v 0.001114 -0.008540 -0.027356
v -0.000547 -0.006776 -0.029516
v -0.000547 -0.006776 -0.029516
v 0.001114 -0.008540 -0.027356
v 0.001286 -0.008813 -0.027992
v -0.000547 -0.006776 -0.029516
v 0.001286 -0.008813 -0.027992
v -0.000148 -0.007110 -0.030353
v -0.000148 -0.007110 -0.030353
v 0.001286 -0.008813 -0.027992
v 0.001574 -0.009055 -0.028597
v -0.000148 -0.007110 -0.030353
v 0.001574 -0.009055 -0.028597
v 0.000400 -0.007390 -0.031125
v 0.000400 -0.007390 -0.031125
v 0.001574 -0.009055 -0.028597
v 0.001970 -0.009258 -0.029154
v 0.000400 -0.007390 -0.031125
v 0.001970 -0.009258 -0.029154
v 0.001079 -0.007608 -0.031805
v 0.001079 -0.007608 -0.031805
v 0.001970 -0.009258 -0.029154
v 0.002462 -0.009415 -0.029646
v 0.001079 -0.007608 -0.031805
v 0.002462 -0.009415 -0.029646
v 0.001870 -0.007757 -0.032374
v 0.001870 -0.007757 -0.032374
v 0.002462 -0.009415 -0.029646
v 0.003034 -0.009523 -0.030058
v 0.001870 -0.007757 -0.032374
v 0.003034 -0.009523 -0.030058
v 0.002750 -0.007832 -0.032815
v 0.002750 -0.007832 -0.032815
v 0.003034 -0.009523 -0.030058
v 0.003669 -0.009577 -0.030377
v 0.002750 -0.007832 -0.032815
v 0.003669 -0.009577 -0.030377
v 0.003690 -0.007832 -0.033114
v 0.003690 -0.007832 -0.033114
v 0.003669 -0.009577 -0.030377
v 0.004349 -0.009577 -0.030593
v 0.003690 -0.007832 -0.033114
v 0.004349 -0.009577 -0.030593
v 0.004662 -0.007757 -0.033262
v 0.004662 -0.007757 -0.033262
v 0.004349 -0.009577 -0.030593
v 0.005052 -0.009522 -0.030699
v 0.004662 -0.007757 -0.033262
v 0.005052 -0.009522 -0.030699
v 0.005637 -0.007606 -0.033255
v 0.005637 -0.007606 -0.033255
v 0.005052 -0.009522 -0.030699
v 0.005757 -0.009414 -0.030694
v 0.005637 -0.007606 -0.033255
v 0.005757 -0.009414 -0.030694
v 0.006585 -0.007388 -0.033092
v 0.006585 -0.007388 -0.033092
v 0.005757 -0.009414 -0.030694
v 0.006442 -0.009255 -0.030577
v 0.006585 -0.007388 -0.033092
v 0.006442 -0.009255 -0.030577
v 0.007477 -0.007107 -0.032780
v 0.007477 -0.007107 -0.032780
v 0.006442 -0.009255 -0.030577
v 0.007087 -0.009052 -0.030351
v 0.007477 -0.007107 -0.032780
v 0.007087 -0.009052 -0.030351
v 0.008287 -0.006773 -0.032326
v 0.008287 -0.006773 -0.032326
v 0.007087 -0.009052 -0.030351
v 0.007672 -0.008811 -0.030023
v 0.008287 -0.006773 -0.032326
v 0.007672 -0.008811 -0.030023
v 0.008989 -0.006395 -0.031746
v 0.008989 -0.006395 -0.031746
v 0.007672 -0.008811 -0.030023
v 0.008179 -0.008538 -0.029604
v 0.008989 -0.006395 -0.031746
v 0.008179 -0.008538 -0.029604
v 0.009563 -0.005984 -0.031055
v 0.009563 -0.005984 -0.031055
v 0.008179 -0.008538 -0.029604
v 0.008595 -0.008241 -0.029105
v 0.009563 -0.005984 -0.031055
v 0.008595 -0.008241 -0.029105
v 0.009990 -0.005554 -0.030278
v 0.009990 -0.005554 -0.030278
v 0.008595 -0.008241 -0.029105
v 0.008903 -0.007930 -0.028542
v 0.009990 -0.005554 -0.030278
v 0.008903 -0.007930 -0.028542
v 0.010257 -0.005118 -0.029434
v 0.010257 -0.005118 -0.029434
v 0.008903 -0.007930 -0.028542
v 0.009096 -0.007615 -0.027933
v 0.010257 -0.005118 -0.029434
v 0.009096 -0.007615 -0.027933
v 0.010358 -0.004689 -0.028552
v 0.010358 -0.004689 -0.028552
v 0.009096 -0.007615 -0.027933
v 0.009169 -0.007304 -0.027295
v 0.010358 -0.004689 -0.028552
v 0.009169 -0.007304 -0.027295
v 0.010289 -0.004278 -0.027658
v 0.010289 -0.004278 -0.027658
v 0.009169 -0.007304 -0.027295
v 0.009119 -0.007008 -0.026648
v 0.010289 -0.004278 -0.027658
v 0.009119 -0.007008 -0.026648
v 0.010051 -0.003900 -0.026778
v 0.010051 -0.003900 -0.026778
v 0.009119 -0.007008 -0.026648
v 0.008947 -0.006735 -0.026013
v 0.010051 -0.003900 -0.026778
v 0.008947 -0.006735 -0.026013
v 0.009652 -0.003566 -0.025941
v 0.009652 -0.003566 -0.025941
v 0.008947 -0.006735 -0.026013
v 0.008659 -0.006493 -0.025407
v 0.009652 -0.003566 -0.025941
v 0.008659 -0.006493 -0.025407
v 0.009103 -0.003286 -0.025170
v 0.009103 -0.003286 -0.025170
v 0.008659 -0.006493 -0.025407
v 0.008263 -0.006290 -0.024850
v 0.009103 -0.003286 -0.025170
v 0.008263 -0.006290 -0.024850
v 0.008424 -0.003068 -0.024490
v 0.008424 -0.003068 -0.024490
v 0.008263 -0.006290 -0.024850
v 0.007771 -0.006133 -0.024358
v 0.008424 -0.003068 -0.024490
v 0.007771 -0.006133 -0.024358
v 0.007632 -0.002919 -0.023920
v 0.007632 -0.002919 -0.023920
v 0.007771 -0.006133 -0.024358
v 0.007199 -0.006026 -0.023946
v 0.007632 -0.002919 -0.023920
v 0.007199 -0.006026 -0.023946
v 0.006753 -0.002844 -0.023479
v 0.006753 -0.002844 -0.023479
v 0.007199 -0.006026 -0.023946
v 0.006563 -0.005971 -0.023628
v 0.006753 -0.002844 -0.023479
v 0.006563 -0.005971 -0.023628
v 0.005813 -0.002844 -0.023180
v 0.005813 -0.002844 -0.023180
v 0.006563 -0.005971 -0.023628
v 0.005883 -0.005971 -0.023412
v 0.005813 -0.002844 -0.023180
v 0.005883 -0.005971 -0.023412
v 0.004841 -0.002920 -0.023032
v 0.004841 -0.002920 -0.023032
v 0.005883 -0.005971 -0.023412
v 0.005181 -0.006026 -0.023304
v 0.004841 -0.002920 -0.023032
v 0.005181 -0.006026 -0.023304
v 0.003865 -0.003069 -0.023039
v 0.003865 -0.003069 -0.023039
v 0.005181 -0.006026 -0.023304
v 0.004476 -0.006134 -0.023310
v 0.003865 -0.003069 -0.023039
v 0.004476 -0.006134 -0.023310
v 0.002918 -0.003289 -0.023202
v 0.002918 -0.003289 -0.023202
v 0.004476 -0.006134 -0.023310
v 0.003791 -0.006292 -0.023427
v -0.001182 0.009165 0.020670
v 0.010125 0.010074 0.021628
v -0.000949 0.007955 0.020650
v -0.000949 0.007955 0.020650
v 0.010125 0.010074 0.021628
v 0.010338 0.008875 0.021821
v -0.000949 0.007955 0.020650
v 0.010338 0.008875 0.021821
v -0.000736 0.006756 0.020842
v -0.000736 0.006756 0.020842
v 0.010338 0.008875 0.021821
v 0.010523 0.007724 0.022222
v -0.000736 0.006756 0.020842
v 0.010523 0.007724 0.022222
v -0.000550 0.005604 0.021244
v -0.000550 0.005604 0.021244
v 0.010523 0.007724 0.022222
v 0.010675 0.006656 0.022819
v -0.000550 0.005604 0.021244
v 0.010675 0.006656 0.022819
v -0.000399 0.004536 0.021840
v -0.000399 0.004536 0.021840
v 0.010675 0.006656 0.022819
v 0.010789 0.005703 0.023592
v -0.000399 0.004536 0.021840
v 0.010789 0.005703 0.023592
v -0.000285 0.003583 0.022614
v -0.000285 0.003583 0.022614
v 0.010789 0.005703 0.023592
v 0.010862 0.004894 0.024520
v -0.000285 0.003583 0.022614
v 0.010862 0.004894 0.024520
v -0.000212 0.002774 0.023542
v -0.000212 0.002774 0.023542
v 0.010862 0.004894 0.024520
v 0.010891 0.004254 0.025574
v -0.000212 0.002774 0.023542
v 0.010891 0.004254 0.025574
v -0.000183 0.002134 0.024595
v -0.000183 0.002134 0.024595
v 0.010891 0.004254 0.025574
v 0.010876 0.003802 0.026721
v -0.000183 0.002134 0.024595
v 0.010876 0.003802 0.026721
v -0.000197 0.001683 0.025743
v -0.000197 0.001683 0.025743
v 0.010876 0.003802 0.026721
v 0.010818 0.003553 0.027927
v -0.000197 0.001683 0.025743
v 0.010818 0.003553 0.027927
v -0.000256 0.001433 0.026949
v -0.000256 0.001433 0.026949
v 0.010818 0.003553 0.027927
v 0.010717 0.003513 0.029155
v -0.000256 0.001433 0.026949
v 0.010717 0.003513 0.029155
v -0.000357 0.001393 0.028176
v -0.000357 0.001393 0.028176
v 0.010717 0.003513 0.029155
v 0.010577 0.003683 0.030368
v -0.000357 0.001393 0.028176
v 0.010577 0.003683 0.030368
v -0.000497 0.001563 0.029389
v -0.000497 0.001563 0.029389
v 0.010577 0.003683 0.030368
v 0.010403 0.004059 0.031529
v -0.000497 0.001563 0.029389
v 0.010403 0.004059 0.031529
v -0.000671 0.001940 0.030551
v -0.000671 0.001940 0.030551
v 0.010403 0.004059 0.031529
v 0.010198 0.004631 0.032602
v -0.000671 0.001940 0.030551
v 0.010198 0.004631 0.032602
v -0.000876 0.002510 0.031625
v -0.000876 0.002510 0.031625
v 0.010198 0.004631 0.032602
v 0.009971 0.005378 0.033557
v -0.000876 0.002510 0.031625
v 0.009971 0.005378 0.033557
v -0.001103 0.003258 0.032578
v -0.001103 0.003258 0.032578
v 0.009971 0.005378 0.033557
v 0.009727 0.006279 0.034362
v -0.001103 0.003258 0.032578
v 0.009727 0.006279 0.034362
v -0.001347 0.004159 0.033383
v -0.001347 0.004159 0.033383
v 0.009727 0.006279 0.034362
v 0.009475 0.007307 0.034994
v -0.001347 0.004159 0.033383
v 0.009475 0.007307 0.034994
v -0.001600 0.005188 0.034015
v -0.001600 0.005188 0.034015
v 0.009475 0.007307 0.034994
v 0.009220 0.008431 0.035433
v -0.001600 0.005188 0.034015
v 0.009220 0.008431 0.035433
v -0.001854 0.006311 0.034455
v -0.001854 0.006311 0.034455
v 0.009220 0.008431 0.035433
v 0.008973 0.009616 0.035666
v -0.001854 0.006311 0.034455
v 0.008973 0.009616 0.035666
v -0.002101 0.007496 0.034688
v -0.002101 0.007496 0.034688
v 0.008973 0.009616 0.035666
v 0.008739 0.010827 0.035686
v -0.002101 0.007496 0.034688
v 0.008739 0.010827 0.035686
v -0.002334 0.008707 0.034708
v -0.002334 0.008707 0.034708
v 0.008739 0.010827 0.035686
v 0.008527 0.012026 0.035493
v -0.002334 0.008707 0.034708
v 0.008527 0.012026 0.035493
v -0.002547 0.009906 0.034515
v -0.002547 0.009906 0.034515
v 0.008527 0.012026 0.035493
v 0.008342 0.013177 0.035092
v -0.002547 0.009906 0.034515
v 0.008342 0.013177 0.035092
v -0.002732 0.011057 0.034114
v -0.002732 0.011057 0.034114
v 0.008342 0.013177 0.035092
v 0.008191 0.014246 0.034495
v -0.002732 0.011057 0.034114
v 0.008191 0.014246 0.034495
v -0.002883 0.012125 0.033517
v -0.002883 0.012125 0.033517
v 0.008191 0.014246 0.034495
v 0.008076 0.015198 0.033722
v -0.002883 0.012125 0.033517
v 0.008076 0.015198 0.033722
v -0.002997 0.013078 0.032743
v -0.002997 0.013078 0.032743
v 0.008076 0.015198 0.033722
v 0.008003 0.016007 0.032794
v -0.002997 0.013078 0.032743
v 0.008003 0.016007 0.032794
v -0.003070 0.013887 0.031816
v -0.003070 0.013887 0.031816
v 0.008003 0.016007 0.032794
v 0.007974 0.016647 0.031741
v -0.003070 0.013887 0.031816
v 0.007974 0.016647 0.031741
v -0.003100 0.014527 0.030762
v -0.003100 0.014527 0.030762
v 0.007974 0.016647 0.031741
v 0.007989 0.017099 0.030593
v -0.003100 0.014527 0.030762
v 0.007989 0.017099 0.030593
v -0.003085 0.014979 0.029615
v -0.003085 0.014979 0.029615
v 0.007989 0.017099 0.030593
v 0.008047 0.017348 0.029387
v -0.003085 0.014979 0.029615
v 0.008047 0.017348 0.029387
v -0.003026 0.015228 0.028410
v -0.003026 0.015228 0.028410
v 0.008047 0.017348 0.029387
v 0.008148 0.017389 0.028159
v -0.003026 0.015228 0.028410
v 0.008148 0.017389 0.028159
v -0.002925 0.015268 0.027181
v -0.002925 0.015268 0.027181
v 0.008148 0.017389 0.028159
v 0.008289 0.017218 0.026946
v -0.002925 0.015268 0.027181
v 0.008289 0.017218 0.026946
v -0.002785 0.015098 0.025968
v -0.002785 0.015098 0.025968
v 0.008289 0.017218 0.026946
v 0.008463 0.016841 0.025785
v -0.002785 0.015098 0.025968
v 0.008463 0.016841 0.025785
v -0.002611 0.014722 0.024807
v -0.002611 0.014722 0.024807
v 0.008463 0.016841 0.025785
v 0.008667 0.016271 0.024711
v -0.002611 0.014722 0.024807
v 0.008667 0.016271 0.024711
v -0.002407 0.014151 0.023733
v -0.002407 0.014151 0.023733
v 0.008667 0.016271 0.024711
v 0.008894 0.015523 0.023757
v -0.002407 0.014151 0.023733
v 0.008894 0.015523 0.023757
v -0.002179 0.013404 0.022779
v -0.002179 0.013404 0.022779
v 0.008894 0.015523 0.023757
v 0.009138 0.014622 0.022952
v -0.002179 0.013404 0.022779
v 0.009138 0.014622 0.022952
v -0.001936 0.012503 0.021974
v -0.001936 0.012503 0.021974
v 0.009138 0.014622 0.022952
v 0.009391 0.013593 0.022321
v -0.001936 0.012503 0.021974
v 0.009391 0.013593 0.022321
v -0.001683 0.011474 0.021342
v -0.001683 0.011474 0.021342
v 0.009391 0.013593 0.022321
v 0.009645 0.012471 0.021882
v -0.001683 0.011474 0.021342
v 0.009645 0.012471 0.021882
v -0.001429 0.010350 0.020903
v -0.001429 0.010350 0.020903
v 0.009645 0.012471 0.021882
v 0.009892 0.011285 0.021648
v -0.001429 0.010350 0.020903
v 0.009892 0.011285 0.021648
v -0.001182 0.009165 0.020670
v -0.001182 0.009165 0.020670
v 0.009892 0.011285 0.021648
v 0.010125 0.010074 0.021628
v -0.000475 0.003373 0.025212
v -0.000183 0.002134 0.024595
v -0.000486 0.003012 0.026130
v -0.000486 0.003012 0.026130
v -0.000183 0.002134 0.024595
v -0.000197 0.001683 0.025743
v -0.000486 0.003012 0.026130
v -0.000197 0.001683 0.025743
v -0.000533 0.002813 0.027094
v -0.000533 0.002813 0.027094
v -0.000197 0.001683 0.025743
v -0.000256 0.001433 0.026949
v -0.000533 0.002813 0.027094
v -0.000256 0.001433 0.026949
v -0.000614 0.002780 0.028077
v -0.000614 0.002780 0.028077
v -0.000256 0.001433 0.026949
v -0.000357 0.001393 0.028176
v -0.000614 0.002780 0.028077
v -0.000357 0.001393 0.028176
v -0.000726 0.002917 0.029047
v -0.000726 0.002917 0.029047
v -0.000357 0.001393 0.028176
v -0.000497 0.001563 0.029389
v -0.000726 0.002917 0.029047
v -0.000497 0.001563 0.029389
v -0.000865 0.003219 0.029977
v -0.000865 0.003219 0.029977
v -0.000497 0.001563 0.029389
v -0.000671 0.001940 0.030551
v -0.000865 0.003219 0.029977
v -0.000671 0.001940 0.030551
v -0.001029 0.003674 0.030835
v -0.001029 0.003674 0.030835
v -0.000671 0.001940 0.030551
v -0.000876 0.002510 0.031625
v -0.001029 0.003674 0.030835
v -0.000876 0.002510 0.031625
v -0.001210 0.004273 0.031599
v -0.001210 0.004273 0.031599
v -0.000876 0.002510 0.031625
v -0.001103 0.003258 0.032578
v -0.001210 0.004273 0.031599
v -0.001103 0.003258 0.032578
v -0.001406 0.004994 0.032242
v -0.001406 0.004994 0.032242
v -0.001103 0.003258 0.032578
v -0.001347 0.004159 0.033383
v -0.001406 0.004994 0.032242
v -0.001347 0.004159 0.033383
v -0.001607 0.005816 0.032747
v -0.001607 0.005816 0.032747
v -0.001347 0.004159 0.033383
v -0.001600 0.005188 0.034015
v -0.001607 0.005816 0.032747
v -0.001600 0.005188 0.034015
v -0.001811 0.006715 0.033099
v -0.001811 0.006715 0.033099
v -0.001600 0.005188 0.034015
v -0.001854 0.006311 0.034455
v -0.001811 0.006715 0.033099
v -0.001854 0.006311 0.034455
v -0.002009 0.007664 0.033286
v -0.002009 0.007664 0.033286
v -0.001854 0.006311 0.034455
v -0.002101 0.007496 0.034688
v -0.002009 0.007664 0.033286
v -0.002101 0.007496 0.034688
v -0.002195 0.008632 0.033302
v -0.002195 0.008632 0.033302
v -0.002101 0.007496 0.034688
v -0.002334 0.008707 0.034708
v -0.002195 0.008632 0.033302
v -0.002334 0.008707 0.034708
v -0.002366 0.009591 0.033147
v -0.002366 0.009591 0.033147
v -0.002334 0.008707 0.034708
v -0.002547 0.009906 0.034515
v -0.002366 0.009591 0.033147
v -0.002547 0.009906 0.034515
v -0.002514 0.010512 0.032826
v -0.002514 0.010512 0.032826
v -0.002547 0.009906 0.034515
v -0.002732 0.011057 0.034114
v -0.002514 0.010512 0.032826
v -0.002732 0.011057 0.034114
v -0.002635 0.011367 0.032349
v -0.002635 0.011367 0.032349
v -0.002732 0.011057 0.034114
v -0.002883 0.012125 0.033517
v -0.002635 0.011367 0.032349
v -0.002883 0.012125 0.033517
v -0.002726 0.012129 0.031730
v -0.002726 0.012129 0.031730
v -0.002883 0.012125 0.033517
v -0.002997 0.013078 0.032743
v -0.002726 0.012129 0.031730
v -0.002997 0.013078 0.032743
v -0.002785 0.012776 0.030988
v -0.002785 0.012776 0.030988
v -0.002997 0.013078 0.032743
v -0.003070 0.013887 0.031816
v -0.002785 0.012776 0.030988
v -0.003070 0.013887 0.031816
v -0.002808 0.013287 0.030145
v -0.002808 0.013287 0.030145
v -0.003070 0.013887 0.031816
v -0.003100 0.014527 0.030762
v -0.002808 0.013287 0.030145
v -0.003100 0.014527 0.030762
v -0.002796 0.013649 0.029228
v -0.002796 0.013649 0.029228
v -0.003100 0.014527 0.030762
v -0.003085 0.014979 0.029615
v -0.002796 0.013649 0.029228
v -0.003085 0.014979 0.029615
v -0.002749 0.013849 0.028263
v -0.002749 0.013849 0.028263
v -0.003085 0.014979 0.029615
v -0.003026 0.015228 0.028410
v -0.002749 0.013849 0.028263
v -0.003026 0.015228 0.028410
v -0.002668 0.013881 0.027280
v -0.002668 0.013881 0.027280
v -0.003026 0.015228 0.028410
v -0.002925 0.015268 0.027181
v -0.002668 0.013881 0.027280
v -0.002925 0.015268 0.027181
v -0.002556 0.013744 0.026310
v -0.002556 0.013744 0.026310
v -0.002925 0.015268 0.027181
v -0.002785 0.015098 0.025968
v -0.002556 0.013744 0.026310
v -0.002785 0.015098 0.025968
v -0.002416 0.013443 0.025381
v -0.002416 0.013443 0.025381
v -0.002785 0.015098 0.025968
v -0.002611 0.014722 0.024807
v -0.002416 0.013443 0.025381
v -0.002611 0.014722 0.024807
v -0.002254 0.012987 0.024522
v -0.002254 0.012987 0.024522
v -0.002611 0.014722 0.024807
v -0.002407 0.014151 0.023733
v -0.002254 0.012987 0.024522
v -0.002407 0.014151 0.023733
v -0.002071 0.012389 0.023759
v -0.002071 0.012389 0.023759
v -0.002407 0.014151 0.023733
v -0.002179 0.013404 0.022779
v -0.002071 0.012389 0.023759
v -0.002179 0.013404 0.022779
v -0.001877 0.011668 0.023115
v -0.001877 0.011668 0.023115
v -0.002179 0.013404 0.022779
v -0.001936 0.012503 0.021974
v -0.001877 0.011668 0.023115
v -0.001936 0.012503 0.021974
v -0.001675 0.010846 0.022610
v -0.001675 0.010846 0.022610
v -0.001936 0.012503 0.021974
v -0.001683 0.011474 0.021342
v -0.001675 0.010846 0.022610
v -0.001683 0.011474 0.021342
v -0.001471 0.009946 0.022258
v -0.001471 0.009946 0.022258
v -0.001683 0.011474 0.021342
v -0.001429 0.010350 0.020903
v -0.001471 0.009946 0.022258
v -0.001429 0.010350 0.020903
v -0.001273 0.008998 0.022072
v -0.001273 0.008998 0.022072
v -0.001429 0.010350 0.020903
v -0.001182 0.009165 0.020670
v -0.001273 0.008998 0.022072
v -0.001182 0.009165 0.020670
v -0.001087 0.008030 0.022056
v -0.001087 0.008030 0.022056
v -0.001182 0.009165 0.020670
v -0.000949 0.007955 0.020650
v -0.001087 0.008030 0.022056
v -0.000949 0.007955 0.020650
v -0.000916 0.007071 0.022210
v -0.000916 0.007071 0.022210
v -0.000949 0.007955 0.020650
v -0.000736 0.006756 0.020842
v -0.000916 0.007071 0.022210
v -0.000736 0.006756 0.020842
v -0.000769 0.006149 0.022531
v -0.000769 0.006149 0.022531
v -0.000736 0.006756 0.020842
v -0.000550 0.005604 0.021244
v -0.000769 0.006149 0.022531
v -0.000550 0.005604 0.021244
v -0.000647 0.005295 0.023008
v -0.000647 0.005295 0.023008
v -0.000550 0.005604 0.021244
v -0.000399 0.004536 0.021840
v -0.000647 0.005295 0.023008
v -0.000399 0.004536 0.021840
v -0.000556 0.004532 0.023627
v -0.000556 0.004532 0.023627
v -0.000399 0.004536 0.021840
v -0.000285 0.003583 0.022614
v -0.000556 0.004532 0.023627
v -0.000285 0.003583 0.022614
v -0.000498 0.003886 0.024369
v -0.000498 0.003886 0.024369
v -0.000285 0.003583 0.022614
v -0.000212 0.002774 0.023542
v -0.000498 0.003886 0.024369
v -0.000212 0.002774 0.023542
v -0.000475 0.003373 0.025212
v -0.000475 0.003373 0.025212
v -0.000212 0.002774 0.023542
v -0.000183 0.002134 0.024595
v 0.001593 -0.003681 -0.035817
v 0.001682 -0.003729 -0.036716
v 0.001858 -0.003681 -0.036702
v 0.001593 -0.003681 -0.035817
v 0.001858 -0.003681 -0.036702
v 0.001770 -0.003632 -0.035802
v 0.001770 -0.003632 -0.035802
v 0.001858 -0.003681 -0.036702
v 0.002027 -0.003605 -0.036689
v 0.001770 -0.003632 -0.035802
v 0.002027 -0.003605 -0.036689
v 0.001938 -0.003557 -0.035790
v 0.001938 -0.003557 -0.035790
v 0.002027 -0.003605 -0.036689
v 0.002181 -0.003504 -0.036679
v 0.001938 -0.003557 -0.035790
v 0.002181 -0.003504 -0.036679
v 0.002092 -0.003456 -0.035780
v 0.002092 -0.003456 -0.035780
v 0.002181 -0.003504 -0.036679
v 0.002316 -0.003380 -0.036672
v 0.002092 -0.003456 -0.035780
v 0.002316 -0.003380 -0.036672
v 0.002227 -0.003332 -0.035773
v 0.002227 -0.003332 -0.035773
v 0.002316 -0.003380 -0.036672
v 0.002432 -0.003237 -0.036669
v 0.002227 -0.003332 -0.035773
v 0.002432 -0.003237 -0.036669
v 0.002343 -0.003188 -0.035769
v 0.002343 -0.003188 -0.035769
v 0.002432 -0.003237 -0.036669
v 0.002524 -0.003076 -0.036668
v 0.002343 -0.003188 -0.035769
v 0.002524 -0.003076 -0.036668
v 0.002435 -0.003028 -0.035769
v 0.002435 -0.003028 -0.035769
v 0.002524 -0.003076 -0.036668
v 0.002589 -0.002905 -0.036671
v 0.002435 -0.003028 -0.035769
v 0.002589 -0.002905 -0.036671
v 0.002500 -0.002856 -0.035771
v 0.002500 -0.002856 -0.035771
v 0.002589 -0.002905 -0.036671
v 0.002627 -0.002724 -0.036677
v 0.002500 -0.002856 -0.035771
v 0.002627 -0.002724 -0.036677
v 0.002538 -0.002676 -0.035778
v 0.002538 -0.002676 -0.035778
v 0.002627 -0.002724 -0.036677
v 0.002636 -0.002540 -0.036686
v 0.002538 -0.002676 -0.035778
v 0.002636 -0.002540 -0.036686
v 0.002548 -0.002492 -0.035786
v 0.002548 -0.002492 -0.035786
v 0.002636 -0.002540 -0.036686
v 0.002617 -0.002358 -0.036697
v 0.002548 -0.002492 -0.035786
v 0.002617 -0.002358 -0.036697
v 0.002528 -0.002309 -0.035798
v 0.002493 -0.002117 -0.035811
v 0.002528 -0.002309 -0.035798
v 0.002582 -0.002166 -0.036711
v 0.002582 -0.002166 -0.036711
v 0.002528 -0.002309 -0.035798
v 0.002617 -0.002358 -0.036697
v 0.002493 -0.002117 -0.035811
v 0.002582 -0.002166 -0.036711
v 0.002527 -0.001969 -0.036728
v 0.002493 -0.002117 -0.035811
v 0.002527 -0.001969 -0.036728
v 0.002439 -0.001921 -0.035827
v 0.002439 -0.001921 -0.035827
v 0.002527 -0.001969 -0.036728
v 0.002439 -0.001785 -0.036746
v 0.002439 -0.001921 -0.035827
v 0.002439 -0.001785 -0.036746
v 0.002351 -0.001737 -0.035846
v 0.002351 -0.001737 -0.035846
v 0.002439 -0.001785 -0.036746
v 0.002322 -0.001620 -0.036767
v 0.002351 -0.001737 -0.035846
v 0.002322 -0.001620 -0.036767
v 0.002233 -0.001571 -0.035867
v 0.002233 -0.001571 -0.035867
v 0.002322 -0.001620 -0.036767
v 0.002176 -0.001477 -0.036788
v 0.002233 -0.001571 -0.035867
v 0.002176 -0.001477 -0.036788
v 0.002087 -0.001429 -0.035889
v 0.002087 -0.001429 -0.035889
v 0.002176 -0.001477 -0.036788
v 0.002008 -0.001362 -0.036811
v 0.002087 -0.001429 -0.035889
v 0.002008 -0.001362 -0.036811
v 0.001919 -0.001314 -0.035911
v 0.001919 -0.001314 -0.035911
v 0.002008 -0.001362 -0.036811
v 0.001823 -0.001278 -0.036833
v 0.001919 -0.001314 -0.035911
v 0.001823 -0.001278 -0.036833
v 0.001735 -0.001230 -0.035934
v 0.001735 -0.001230 -0.035934
v 0.001823 -0.001278 -0.036833
v 0.001625 -0.001228 -0.036856
v 0.001735 -0.001230 -0.035934
v 0.001625 -0.001228 -0.036856
v 0.001536 -0.001180 -0.035956
v 0.001536 -0.001180 -0.035956
v 0.001625 -0.001228 -0.036856
v 0.001423 -0.001214 -0.036877
v 0.001536 -0.001180 -0.035956
v 0.001423 -0.001214 -0.036877
v 0.001334 -0.001165 -0.035977
v 0.001334 -0.001165 -0.035977
v 0.001423 -0.001214 -0.036877
v 0.001219 -0.001234 -0.036896
v 0.001334 -0.001165 -0.035977
v 0.001219 -0.001234 -0.036896
v 0.001131 -0.001186 -0.035996
v -0.000784 -0.001553 -0.036165
v 0.001131 -0.001186 -0.035996
v -0.000694 -0.001600 -0.037064
v -0.000694 -0.001600 -0.037064
v 0.001131 -0.001186 -0.035996
v 0.001219 -0.001234 -0.036896
v -0.001139 0.000367 -0.036303
v -0.000784 -0.001553 -0.036165
v -0.001050 0.000319 -0.037202
v -0.001050 0.000319 -0.037202
v -0.000784 -0.001553 -0.036165
v -0.000694 -0.001600 -0.037064
v 0.000776 0.000734 -0.036133
v -0.001139 0.000367 -0.036303
v 0.000864 0.000685 -0.037033
v 0.000864 0.000685 -0.037033
v -0.001139 0.000367 -0.036303
v -0.001050 0.000319 -0.037202
v 0.000776 0.000734 -0.036133
v 0.000864 0.000685 -0.037033
v 0.000930 0.000704 -0.037028
v 0.000776 0.000734 -0.036133
v 0.000930 0.000704 -0.037028
v 0.000841 0.000752 -0.036128
v 0.000841 0.000752 -0.036128
v 0.000930 0.000704 -0.037028
v 0.000991 0.000734 -0.037024
v 0.000841 0.000752 -0.036128
v 0.000991 0.000734 -0.037024
v 0.000903 0.000782 -0.036123
v 0.000903 0.000782 -0.036123
v 0.000991 0.000734 -0.037024
v 0.001046 0.000773 -0.037020
v 0.000903 0.000782 -0.036123
v 0.001046 0.000773 -0.037020
v 0.000958 0.000822 -0.036121
v 0.000958 0.000822 -0.036121
v 0.001046 0.000773 -0.037020
v 0.001094 0.000822 -0.037018
v 0.000958 0.000822 -0.036121
v 0.001094 0.000822 -0.037018
v 0.001006 0.000871 -0.036118
v 0.001006 0.000871 -0.036118
v 0.001094 0.000822 -0.037018
v 0.001133 0.000878 -0.037017
v 0.001006 0.000871 -0.036118
v 0.001133 0.000878 -0.037017
v 0.001044 0.000927 -0.036117
v 0.001044 0.000927 -0.036117
v 0.001133 0.000878 -0.037017
v 0.001161 0.000941 -0.037017
v 0.001044 0.000927 -0.036117
v 0.001161 0.000941 -0.037017
v 0.001072 0.000988 -0.036118
v 0.001072 0.000988 -0.036118
v 0.001161 0.000941 -0.037017
v 0.001177 0.001007 -0.037019
v 0.001072 0.000988 -0.036118
v 0.001177 0.001007 -0.037019
v 0.001089 0.001055 -0.036120
v 0.001089 0.001055 -0.036120
v 0.001177 0.001007 -0.037019
v 0.001183 0.001074 -0.037022
v 0.001089 0.001055 -0.036120
v 0.001183 0.001074 -0.037022
v 0.001095 0.001123 -0.036123
v 0.001095 0.001123 -0.036123
v 0.001183 0.001074 -0.037022
v 0.001177 0.001142 -0.037026
v 0.001095 0.001123 -0.036123
v 0.001177 0.001142 -0.037026
v 0.001088 0.001191 -0.036127
v 0.000981 0.001767 -0.036169
v 0.001088 0.001191 -0.036127
v 0.001070 0.001718 -0.037068
v 0.001070 0.001718 -0.037068
v 0.001088 0.001191 -0.036127
v 0.001177 0.001142 -0.037026
v 0.000981 0.001767 -0.036169
v 0.001070 0.001718 -0.037068
v 0.001054 0.001778 -0.037073
v 0.000981 0.001767 -0.036169
v 0.001054 0.001778 -0.037073
v 0.000965 0.001826 -0.036173
v 0.000965 0.001826 -0.036173
v 0.001054 0.001778 -0.037073
v 0.001030 0.001833 -0.037079
v 0.000965 0.001826 -0.036173
v 0.001030 0.001833 -0.037079
v 0.000941 0.001882 -0.036179
v 0.000941 0.001882 -0.036179
v 0.001030 0.001833 -0.037079
v 0.000996 0.001885 -0.037085
v 0.000941 0.001882 -0.036179
v 0.000996 0.001885 -0.037085
v 0.000907 0.001933 -0.036185
v 0.000907 0.001933 -0.036185
v 0.000996 0.001885 -0.037085
v 0.000955 0.001930 -0.037091
v 0.000907 0.001933 -0.036185
v 0.000955 0.001930 -0.037091
v 0.000867 0.001978 -0.036191
v 0.000867 0.001978 -0.036191
v 0.000955 0.001930 -0.037091
v 0.000907 0.001968 -0.037098
v 0.000867 0.001978 -0.036191
v 0.000907 0.001968 -0.037098
v 0.000819 0.002016 -0.036198
v 0.000819 0.002016 -0.036198
v 0.000907 0.001968 -0.037098
v 0.000855 0.001998 -0.037104
v 0.000819 0.002016 -0.036198
v 0.000855 0.001998 -0.037104
v 0.000766 0.002047 -0.036205
v 0.000766 0.002047 -0.036205
v 0.000855 0.001998 -0.037104
v 0.000798 0.002020 -0.037111
v 0.000766 0.002047 -0.036205
v 0.000798 0.002020 -0.037111
v 0.000708 0.002069 -0.036212
v 0.000708 0.002069 -0.036212
v 0.000798 0.002020 -0.037111
v 0.000738 0.002033 -0.037118
v 0.000708 0.002069 -0.036212
v 0.000738 0.002033 -0.037118
v 0.000649 0.002080 -0.036219
v 0.000649 0.002080 -0.036219
v 0.000738 0.002033 -0.037118
v 0.000677 0.002036 -0.037124
v 0.000649 0.002080 -0.036219
v 0.000677 0.002036 -0.037124
v 0.000588 0.002084 -0.036224
v 0.000588 0.002084 -0.036224
v 0.000677 0.002036 -0.037124
v 0.000616 0.002029 -0.037129
v 0.000588 0.002084 -0.036224
v 0.000616 0.002029 -0.037129
v 0.000527 0.002077 -0.036230
v -0.001770 0.001637 -0.036433
v 0.000527 0.002077 -0.036230
v -0.001682 0.001589 -0.037332
v -0.001682 0.001589 -0.037332
v 0.000527 0.002077 -0.036230
v 0.000616 0.002029 -0.037129
v -0.001770 0.001637 -0.036433
v -0.001682 0.001589 -0.037332
v -0.001741 0.001573 -0.037337
v -0.001770 0.001637 -0.036433
v -0.001741 0.001573 -0.037337
v -0.001829 0.001620 -0.036438
v -0.001829 0.001620 -0.036438
v -0.001741 0.001573 -0.037337
v -0.001797 0.001548 -0.037341
v -0.001829 0.001620 -0.036438
v -0.001797 0.001548 -0.037341
v -0.001886 0.001595 -0.036442
v -0.001886 0.001595 -0.036442
v -0.001797 0.001548 -0.037341
v -0.001848 0.001514 -0.037345
v -0.001886 0.001595 -0.036442
v -0.001848 0.001514 -0.037345
v -0.001936 0.001562 -0.036445
v -0.001936 0.001562 -0.036445
v -0.001848 0.001514 -0.037345
v -0.001893 0.001473 -0.037347
v -0.001936 0.001562 -0.036445
v -0.001893 0.001473 -0.037347
v -0.001982 0.001520 -0.036448
v -0.001982 0.001520 -0.036448
v -0.001893 0.001473 -0.037347
v -0.001931 0.001424 -0.037348
v -0.001982 0.001520 -0.036448
v -0.001931 0.001424 -0.037348
v -0.002021 0.001473 -0.036449
v -0.002021 0.001473 -0.036449
v -0.001931 0.001424 -0.037348
v -0.001962 0.001371 -0.037349
v -0.002021 0.001473 -0.036449
v -0.001962 0.001371 -0.037349
v -0.002051 0.001420 -0.036449
v -0.002051 0.001420 -0.036449
v -0.001962 0.001371 -0.037349
v -0.001984 0.001315 -0.037348
v -0.002051 0.001420 -0.036449
v -0.001984 0.001315 -0.037348
v -0.002073 0.001362 -0.036448
v -0.002073 0.001362 -0.036448
v -0.001984 0.001315 -0.037348
v -0.001997 0.001254 -0.037346
v -0.002073 0.001362 -0.036448
v -0.001997 0.001254 -0.037346
v -0.002085 0.001302 -0.036446
v -0.002085 0.001302 -0.036446
v -0.001997 0.001254 -0.037346
v -0.002000 0.001193 -0.037343
v -0.002085 0.001302 -0.036446
v -0.002000 0.001193 -0.037343
v -0.002089 0.001241 -0.036443
v -0.002089 0.001241 -0.036443
v -0.002000 0.001193 -0.037343
v -0.001994 0.001132 -0.037339
v -0.002089 0.001241 -0.036443
v -0.001994 0.001132 -0.037339
v -0.002083 0.001179 -0.036439
v -0.003614 0.000887 -0.036574
v -0.002083 0.001179 -0.036439
v -0.003526 0.000839 -0.037474
v -0.003526 0.000839 -0.037474
v -0.002083 0.001179 -0.036439
v -0.001994 0.001132 -0.037339
v -0.002832 -0.003335 -0.036272
v -0.003614 0.000887 -0.036574
v -0.002744 -0.003384 -0.037171
v -0.002744 -0.003384 -0.037171
v -0.003614 0.000887 -0.036574
v -0.003526 0.000839 -0.037474
v -0.001301 -0.003042 -0.036136
v -0.002832 -0.003335 -0.036272
v -0.001212 -0.003091 -0.037036
v -0.001212 -0.003091 -0.037036
v -0.002832 -0.003335 -0.036272
v -0.002744 -0.003384 -0.037171
v -0.001301 -0.003042 -0.036136
v -0.001212 -0.003091 -0.037036
v -0.001158 -0.003288 -0.037020
v -0.001301 -0.003042 -0.036136
v -0.001158 -0.003288 -0.037020
v -0.001246 -0.003239 -0.036121
v -0.001246 -0.003239 -0.036121
v -0.001158 -0.003288 -0.037020
v -0.001070 -0.003471 -0.037001
v -0.001246 -0.003239 -0.036121
v -0.001070 -0.003471 -0.037001
v -0.001159 -0.003423 -0.036102
v -0.001159 -0.003423 -0.036102
v -0.001070 -0.003471 -0.037001
v -0.000952 -0.003637 -0.036981
v -0.001159 -0.003423 -0.036102
v -0.000952 -0.003637 -0.036981
v -0.001040 -0.003589 -0.036081
v -0.001040 -0.003589 -0.036081
v -0.000952 -0.003637 -0.036981
v -0.000806 -0.003779 -0.036959
v -0.001040 -0.003589 -0.036081
v -0.000806 -0.003779 -0.036959
v -0.000895 -0.003732 -0.036059
v -0.000895 -0.003732 -0.036059
v -0.000806 -0.003779 -0.036959
v -0.000638 -0.003894 -0.036937
v -0.000895 -0.003732 -0.036059
v -0.000638 -0.003894 -0.036937
v -0.000727 -0.003846 -0.036037
v -0.000727 -0.003846 -0.036037
v -0.000638 -0.003894 -0.036937
v -0.000453 -0.003978 -0.036914
v -0.000727 -0.003846 -0.036037
v -0.000453 -0.003978 -0.036914
v -0.000542 -0.003930 -0.036014
v -0.000542 -0.003930 -0.036014
v -0.000453 -0.003978 -0.036914
v -0.000255 -0.004028 -0.036891
v -0.000542 -0.003930 -0.036014
v -0.000255 -0.004028 -0.036891
v -0.000344 -0.003980 -0.035992
v -0.000344 -0.003980 -0.035992
v -0.000255 -0.004028 -0.036891
v -0.000053 -0.004043 -0.036870
v -0.000344 -0.003980 -0.035992
v -0.000053 -0.004043 -0.036870
v -0.000141 -0.003995 -0.035971
v -0.000141 -0.003995 -0.035971
v -0.000053 -0.004043 -0.036870
v 0.000150 -0.004022 -0.036851
v -0.000141 -0.003995 -0.035971
v 0.000150 -0.004022 -0.036851
v 0.000061 -0.003975 -0.035952
v 0.001593 -0.003681 -0.035817
v 0.000061 -0.003975 -0.035952
v 0.001682 -0.003729 -0.036716
v 0.001682 -0.003729 -0.036716
v 0.000061 -0.003975 -0.035952
v 0.000150 -0.004022 -0.036851
v -0.002083 0.001179 -0.036439
v -0.003614 0.000887 -0.036574
v -0.001139 0.000367 -0.036303
v -0.001139 0.000367 -0.036303
v -0.003614 0.000887 -0.036574
v -0.002832 -0.003335 -0.036272
v -0.001139 0.000367 -0.036303
v -0.002832 -0.003335 -0.036272
v -0.000784 -0.001553 -0.036165
v -0.000784 -0.001553 -0.036165
v -0.002832 -0.003335 -0.036272
v -0.001301 -0.003042 -0.036136
v -0.000784 -0.001553 -0.036165
v -0.001301 -0.003042 -0.036136
v 0.001131 -0.001186 -0.035996
v -0.001936 0.001562 -0.036445
v -0.001982 0.001520 -0.036448
v -0.001139 0.000367 -0.036303
v 0.000061 -0.003975 -0.035952
v 0.001593 -0.003681 -0.035817
v 0.002528 -0.002309 -0.035798
v 0.001095 0.001123 -0.036123
v 0.001088 0.001191 -0.036127
v 0.000776 0.000734 -0.036133
v 0.000776 0.000734 -0.036133
v 0.001088 0.001191 -0.036127
v 0.000981 0.001767 -0.036169
v 0.000776 0.000734 -0.036133
v 0.000981 0.001767 -0.036169
v -0.001139 0.000367 -0.036303
v 0.000649 0.002080 -0.036219
v 0.000588 0.002084 -0.036224
v 0.000981 0.001767 -0.036169
v -0.001936 0.001562 -0.036445
v -0.001139 0.000367 -0.036303
v -0.001886 0.001595 -0.036442
v -0.001982 0.001520 -0.036448
v -0.002021 0.001473 -0.036449
v -0.001139 0.000367 -0.036303
v -0.001139 0.000367 -0.036303
v -0.002021 0.001473 -0.036449
v -0.002051 0.001420 -0.036449
v -0.001139 0.000367 -0.036303
v -0.002051 0.001420 -0.036449
v -0.002073 0.001362 -0.036448
v 0.000588 0.002084 -0.036224
v 0.000527 0.002077 -0.036230
v 0.000981 0.001767 -0.036169
v 0.000981 0.001767 -0.036169
v 0.000527 0.002077 -0.036230
v -0.001770 0.001637 -0.036433
v 0.000981 0.001767 -0.036169
v -0.001770 0.001637 -0.036433
v -0.001139 0.000367 -0.036303
v -0.001139 0.000367 -0.036303
v -0.001770 0.001637 -0.036433
v -0.001829 0.001620 -0.036438
v -0.001139 0.000367 -0.036303
v -0.001829 0.001620 -0.036438
v -0.001886 0.001595 -0.036442
v -0.002073 0.001362 -0.036448
v -0.002085 0.001302 -0.036446
v -0.001139 0.000367 -0.036303
v -0.001139 0.000367 -0.036303
v -0.002085 0.001302 -0.036446
v -0.002089 0.001241 -0.036443
v -0.001139 0.000367 -0.036303
v -0.002089 0.001241 -0.036443
v -0.002083 0.001179 -0.036439
v -0.000141 -0.003995 -0.035971
v 0.000061 -0.003975 -0.035952
v -0.001301 -0.003042 -0.036136
v -0.001301 -0.003042 -0.036136
v 0.000061 -0.003975 -0.035952
v 0.002528 -0.002309 -0.035798
v -0.001301 -0.003042 -0.036136
v 0.002528 -0.002309 -0.035798
v 0.001131 -0.001186 -0.035996
v 0.001131 -0.001186 -0.035996
v 0.002528 -0.002309 -0.035798
v 0.002493 -0.002117 -0.035811
v 0.001131 -0.001186 -0.035996
v 0.002493 -0.002117 -0.035811
v 0.001334 -0.001165 -0.035977
v 0.001334 -0.001165 -0.035977
v 0.002493 -0.002117 -0.035811
v 0.002439 -0.001921 -0.035827
v 0.000841 0.000752 -0.036128
v 0.000903 0.000782 -0.036123
v 0.000958 0.000822 -0.036121
v -0.001159 -0.003423 -0.036102
v -0.001040 -0.003589 -0.036081
v -0.000895 -0.003732 -0.036059
v 0.000841 0.000752 -0.036128
v 0.000958 0.000822 -0.036121
v 0.000776 0.000734 -0.036133
v 0.000776 0.000734 -0.036133
v 0.000958 0.000822 -0.036121
v 0.001006 0.000871 -0.036118
v 0.000776 0.000734 -0.036133
v 0.001006 0.000871 -0.036118
v 0.001044 0.000927 -0.036117
v 0.001044 0.000927 -0.036117
v 0.001072 0.000988 -0.036118
v 0.000776 0.000734 -0.036133
v 0.000776 0.000734 -0.036133
v 0.001072 0.000988 -0.036118
v 0.001089 0.001055 -0.036120
v 0.000776 0.000734 -0.036133
v 0.001089 0.001055 -0.036120
v 0.001095 0.001123 -0.036123
v 0.000981 0.001767 -0.036169
v 0.000965 0.001826 -0.036173
v 0.000941 0.001882 -0.036179
v 0.000941 0.001882 -0.036179
v 0.000907 0.001933 -0.036185
v 0.000981 0.001767 -0.036169
v 0.000981 0.001767 -0.036169
v 0.000907 0.001933 -0.036185
v 0.000867 0.001978 -0.036191
v 0.000981 0.001767 -0.036169
v 0.000867 0.001978 -0.036191
v 0.000819 0.002016 -0.036198
v 0.000819 0.002016 -0.036198
v 0.000766 0.002047 -0.036205
v 0.000981 0.001767 -0.036169
v 0.000981 0.001767 -0.036169
v 0.000766 0.002047 -0.036205
v 0.000708 0.002069 -0.036212
v 0.000981 0.001767 -0.036169
v 0.000708 0.002069 -0.036212
v 0.000649 0.002080 -0.036219
v -0.000727 -0.003846 -0.036037
v -0.000542 -0.003930 -0.036014
v -0.001301 -0.003042 -0.036136
v -0.001301 -0.003042 -0.036136
v -0.000542 -0.003930 -0.036014
v -0.000344 -0.003980 -0.035992
v -0.001301 -0.003042 -0.036136
v -0.000344 -0.003980 -0.035992
v -0.000141 -0.003995 -0.035971
v 0.002343 -0.003188 -0.035769
v 0.001938 -0.003557 -0.035790
v 0.002227 -0.003332 -0.035773
v 0.002227 -0.003332 -0.035773
v 0.001938 -0.003557 -0.035790
v 0.002092 -0.003456 -0.035780
v 0.002343 -0.003188 -0.035769
v 0.002435 -0.003028 -0.035769
v 0.001938 -0.003557 -0.035790
v 0.001938 -0.003557 -0.035790
v 0.002435 -0.003028 -0.035769
v 0.002500 -0.002856 -0.035771
v 0.001938 -0.003557 -0.035790
v 0.002500 -0.002856 -0.035771
v 0.002538 -0.002676 -0.035778
v 0.001593 -0.003681 -0.035817
v 0.001770 -0.003632 -0.035802
v 0.002528 -0.002309 -0.035798
v 0.002528 -0.002309 -0.035798
v 0.001770 -0.003632 -0.035802
v 0.001938 -0.003557 -0.035790
v 0.002528 -0.002309 -0.035798
v 0.001938 -0.003557 -0.035790
v 0.002548 -0.002492 -0.035786
v 0.002548 -0.002492 -0.035786
v 0.001938 -0.003557 -0.035790
v 0.002538 -0.002676 -0.035778
v -0.000727 -0.003846 -0.036037
v -0.001301 -0.003042 -0.036136
v -0.000895 -0.003732 -0.036059
v -0.000895 -0.003732 -0.036059
v -0.001301 -0.003042 -0.036136
v -0.001246 -0.003239 -0.036121
v -0.000895 -0.003732 -0.036059
v -0.001246 -0.003239 -0.036121
v -0.001159 -0.003423 -0.036102
v 0.002439 -0.001921 -0.035827
v 0.002351 -0.001737 -0.035846
v 0.001334 -0.001165 -0.035977
v 0.001334 -0.001165 -0.035977
v 0.002351 -0.001737 -0.035846
v 0.002233 -0.001571 -0.035867
v 0.001334 -0.001165 -0.035977
v 0.002233 -0.001571 -0.035867
v 0.002087 -0.001429 -0.035889
v 0.002087 -0.001429 -0.035889
v 0.001919 -0.001314 -0.035911
v 0.001334 -0.001165 -0.035977
v 0.001334 -0.001165 -0.035977
v 0.001919 -0.001314 -0.035911
v 0.001735 -0.001230 -0.035934
v 0.001334 -0.001165 -0.035977
v 0.001735 -0.001230 -0.035934
v 0.001536 -0.001180 -0.035956
v 0.004534 0.001851 -0.035822
v 0.004623 0.001802 -0.036723
v 0.004574 0.002311 -0.036754
v 0.004534 0.001851 -0.035822
v 0.004574 0.002311 -0.036754
v 0.004486 0.002359 -0.035855
v 0.004486 0.002359 -0.035855
v 0.004574 0.002311 -0.036754
v 0.004614 0.002820 -0.036778
v 0.004486 0.002359 -0.035855
v 0.004614 0.002820 -0.036778
v 0.004526 0.002868 -0.035879
v 0.004526 0.002868 -0.035879
v 0.004614 0.002820 -0.036778
v 0.004742 0.003316 -0.036792
v 0.004526 0.002868 -0.035879
v 0.004742 0.003316 -0.036792
v 0.004653 0.003364 -0.035893
v 0.004653 0.003364 -0.035893
v 0.004742 0.003316 -0.036792
v 0.004952 0.003782 -0.036796
v 0.004653 0.003364 -0.035893
v 0.004952 0.003782 -0.036796
v 0.004864 0.003830 -0.035896
v 0.004864 0.003830 -0.035896
v 0.004952 0.003782 -0.036796
v 0.005241 0.004204 -0.036791
v 0.004864 0.003830 -0.035896
v 0.005241 0.004204 -0.036791
v 0.005152 0.004252 -0.035890
v 0.005152 0.004252 -0.035890
v 0.005241 0.004204 -0.036791
v 0.005598 0.004570 -0.036774
v 0.005152 0.004252 -0.035890
v 0.005598 0.004570 -0.036774
v 0.005509 0.004619 -0.035875
v 0.005509 0.004619 -0.035875
v 0.005598 0.004570 -0.036774
v 0.006012 0.004870 -0.036749
v 0.005509 0.004619 -0.035875
v 0.006012 0.004870 -0.036749
v 0.005923 0.004917 -0.035850
v 0.005923 0.004917 -0.035850
v 0.006012 0.004870 -0.036749
v 0.006472 0.005092 -0.036716
v 0.005923 0.004917 -0.035850
v 0.006472 0.005092 -0.036716
v 0.006383 0.005140 -0.035816
v 0.006383 0.005140 -0.035816
v 0.006472 0.005092 -0.036716
v 0.006962 0.005231 -0.036676
v 0.006383 0.005140 -0.035816
v 0.006962 0.005231 -0.036676
v 0.006874 0.005279 -0.035776
v 0.010894 0.006049 -0.035420
v 0.006874 0.005279 -0.035776
v 0.010983 0.006001 -0.036320
v 0.010983 0.006001 -0.036320
v 0.006874 0.005279 -0.035776
v 0.006962 0.005231 -0.036676
v 0.010894 0.006049 -0.035420
v 0.010983 0.006001 -0.036320
v 0.010874 0.006395 -0.036352
v 0.010894 0.006049 -0.035420
v 0.010874 0.006395 -0.036352
v 0.010786 0.006442 -0.035452
v 0.010786 0.006442 -0.035452
v 0.010874 0.006395 -0.036352
v 0.010699 0.006763 -0.036389
v 0.010786 0.006442 -0.035452
v 0.010699 0.006763 -0.036389
v 0.010611 0.006810 -0.035489
v 0.010611 0.006810 -0.035489
v 0.010699 0.006763 -0.036389
v 0.010462 0.007094 -0.036429
v 0.010611 0.006810 -0.035489
v 0.010462 0.007094 -0.036429
v 0.010373 0.007141 -0.035530
v 0.010373 0.007141 -0.035530
v 0.010462 0.007094 -0.036429
v 0.010172 0.007379 -0.036473
v 0.010373 0.007141 -0.035530
v 0.010172 0.007379 -0.036473
v 0.010083 0.007426 -0.035574
v 0.010083 0.007426 -0.035574
v 0.010172 0.007379 -0.036473
v 0.009836 0.007608 -0.036520
v 0.010083 0.007426 -0.035574
v 0.009836 0.007608 -0.036520
v 0.009747 0.007656 -0.035619
v 0.009747 0.007656 -0.035619
v 0.009836 0.007608 -0.036520
v 0.009465 0.007776 -0.036564
v 0.009747 0.007656 -0.035619
v 0.009465 0.007776 -0.036564
v 0.009376 0.007824 -0.035665
v 0.009376 0.007824 -0.035665
v 0.009465 0.007776 -0.036564
v 0.009071 0.007876 -0.036609
v 0.009376 0.007824 -0.035665
v 0.009071 0.007876 -0.036609
v 0.008982 0.007924 -0.035709
v 0.008982 0.007924 -0.035709
v 0.009071 0.007876 -0.036609
v 0.008665 0.007906 -0.036651
v 0.008982 0.007924 -0.035709
v 0.008665 0.007906 -0.036651
v 0.008576 0.007953 -0.035750
v 0.008576 0.007953 -0.035750
v 0.008665 0.007906 -0.036651
v 0.008259 0.007864 -0.036688
v 0.008576 0.007953 -0.035750
v 0.008259 0.007864 -0.036688
v 0.008171 0.007912 -0.035788
v -0.002169 0.005933 -0.036702
v 0.008171 0.007912 -0.035788
v -0.002080 0.005885 -0.037602
v -0.002080 0.005885 -0.037602
v 0.008171 0.007912 -0.035788
v 0.008259 0.007864 -0.036688
v -0.002169 0.005933 -0.036702
v -0.002080 0.005885 -0.037602
v -0.002473 0.005774 -0.037635
v -0.002169 0.005933 -0.036702
v -0.002473 0.005774 -0.037635
v -0.002561 0.005822 -0.036735
v -0.002561 0.005822 -0.036735
v -0.002473 0.005774 -0.037635
v -0.002841 0.005596 -0.037661
v -0.002561 0.005822 -0.036735
v -0.002841 0.005596 -0.037661
v -0.002929 0.005644 -0.036762
v -0.002929 0.005644 -0.036762
v -0.002841 0.005596 -0.037661
v -0.003172 0.005356 -0.037682
v -0.002929 0.005644 -0.036762
v -0.003172 0.005356 -0.037682
v -0.003261 0.005405 -0.036782
v -0.003261 0.005405 -0.036782
v -0.003172 0.005356 -0.037682
v -0.003458 0.005064 -0.037694
v -0.003261 0.005405 -0.036782
v -0.003458 0.005064 -0.037694
v -0.003546 0.005111 -0.036794
v -0.003546 0.005111 -0.036794
v -0.003458 0.005064 -0.037694
v -0.003688 0.004726 -0.037698
v -0.003546 0.005111 -0.036794
v -0.003688 0.004726 -0.037698
v -0.003777 0.004773 -0.036798
v -0.003777 0.004773 -0.036798
v -0.003688 0.004726 -0.037698
v -0.003857 0.004353 -0.037695
v -0.003777 0.004773 -0.036798
v -0.003857 0.004353 -0.037695
v -0.003946 0.004401 -0.036795
v -0.003946 0.004401 -0.036795
v -0.003857 0.004353 -0.037695
v -0.003959 0.003956 -0.037684
v -0.003946 0.004401 -0.036795
v -0.003959 0.003956 -0.037684
v -0.004048 0.004004 -0.036784
v -0.004048 0.004004 -0.036784
v -0.003959 0.003956 -0.037684
v -0.003991 0.003549 -0.037666
v -0.004048 0.004004 -0.036784
v -0.003991 0.003549 -0.037666
v -0.004080 0.003597 -0.036765
v -0.004080 0.003597 -0.036765
v -0.003991 0.003549 -0.037666
v -0.003952 0.003142 -0.037640
v -0.004080 0.003597 -0.036765
v -0.003952 0.003142 -0.037640
v -0.004040 0.003190 -0.036739
v -0.003850 0.002160 -0.036666
v -0.004040 0.003190 -0.036739
v -0.003761 0.002112 -0.037565
v -0.003761 0.002112 -0.037565
v -0.004040 0.003190 -0.036739
v -0.003952 0.003142 -0.037640
v -0.003850 0.002160 -0.036666
v -0.003761 0.002112 -0.037565
v -0.003583 0.002453 -0.037566
v -0.003850 0.002160 -0.036666
v -0.003583 0.002453 -0.037566
v -0.003671 0.002501 -0.036667
v -0.003671 0.002501 -0.036667
v -0.003583 0.002453 -0.037566
v -0.003352 0.002761 -0.037560
v -0.003671 0.002501 -0.036667
v -0.003352 0.002761 -0.037560
v -0.003440 0.002809 -0.036660
v -0.003440 0.002809 -0.036660
v -0.003352 0.002761 -0.037560
v -0.003073 0.003027 -0.037547
v -0.003440 0.002809 -0.036660
v -0.003073 0.003027 -0.037547
v -0.003161 0.003074 -0.036647
v -0.003161 0.003074 -0.036647
v -0.003073 0.003027 -0.037547
v -0.002755 0.003243 -0.037527
v -0.003161 0.003074 -0.036647
v -0.002755 0.003243 -0.037527
v -0.002844 0.003292 -0.036628
v -0.002844 0.003292 -0.036628
v -0.002755 0.003243 -0.037527
v -0.002407 0.003406 -0.037502
v -0.002844 0.003292 -0.036628
v -0.002407 0.003406 -0.037502
v -0.002495 0.003454 -0.036602
v -0.002495 0.003454 -0.036602
v -0.002407 0.003406 -0.037502
v -0.002037 0.003508 -0.037470
v -0.002495 0.003454 -0.036602
v -0.002037 0.003508 -0.037470
v -0.002126 0.003557 -0.036571
v 0.000172 0.003996 -0.036368
v -0.002126 0.003557 -0.036571
v 0.000261 0.003948 -0.037267
v 0.000261 0.003948 -0.037267
v -0.002126 0.003557 -0.036571
v -0.002037 0.003508 -0.037470
v 0.000172 0.003996 -0.036368
v 0.000261 0.003948 -0.037267
v 0.000651 0.003989 -0.037231
v 0.000172 0.003996 -0.036368
v 0.000651 0.003989 -0.037231
v 0.000562 0.004038 -0.036331
v 0.000562 0.004038 -0.036331
v 0.000651 0.003989 -0.037231
v 0.001042 0.003965 -0.037191
v 0.000562 0.004038 -0.036331
v 0.001042 0.003965 -0.037191
v 0.000953 0.004012 -0.036291
v 0.000953 0.004012 -0.036291
v 0.001042 0.003965 -0.037191
v 0.001424 0.003874 -0.037149
v 0.000953 0.004012 -0.036291
v 0.001424 0.003874 -0.037149
v 0.001335 0.003922 -0.036249
v 0.001335 0.003922 -0.036249
v 0.001424 0.003874 -0.037149
v 0.001784 0.003721 -0.037105
v 0.001335 0.003922 -0.036249
v 0.001784 0.003721 -0.037105
v 0.001695 0.003769 -0.036205
v 0.001695 0.003769 -0.036205
v 0.001784 0.003721 -0.037105
v 0.002114 0.003509 -0.037061
v 0.001695 0.003769 -0.036205
v 0.002114 0.003509 -0.037061
v 0.002025 0.003558 -0.036161
v 0.002025 0.003558 -0.036161
v 0.002114 0.003509 -0.037061
v 0.002403 0.003245 -0.037018
v 0.002025 0.003558 -0.036161
v 0.002403 0.003245 -0.037018
v 0.002314 0.003293 -0.036119
v 0.002314 0.003293 -0.036119
v 0.002403 0.003245 -0.037018
v 0.002645 0.002936 -0.036978
v 0.002314 0.003293 -0.036119
v 0.002645 0.002936 -0.036978
v 0.002556 0.002984 -0.036079
v 0.002556 0.002984 -0.036079
v 0.002645 0.002936 -0.036978
v 0.002831 0.002591 -0.036942
v 0.002556 0.002984 -0.036079
v 0.002831 0.002591 -0.036942
v 0.002741 0.002639 -0.036042
v 0.002741 0.002639 -0.036042
v 0.002831 0.002591 -0.036942
v 0.002955 0.002219 -0.036909
v 0.002741 0.002639 -0.036042
v 0.002955 0.002219 -0.036909
v 0.002867 0.002267 -0.036009
v 0.002867 0.002267 -0.036009
v 0.002955 0.002219 -0.036909
v 0.003018 0.001830 -0.036882
v 0.002867 0.002267 -0.036009
v 0.003018 0.001830 -0.036882
v 0.002929 0.001879 -0.035982
v 0.002929 0.001879 -0.035982
v 0.003018 0.001830 -0.036882
v 0.003013 0.001437 -0.036861
v 0.002929 0.001879 -0.035982
v 0.003013 0.001437 -0.036861
v 0.002925 0.001485 -0.035962
v 0.002925 0.001485 -0.035962
v 0.003013 0.001437 -0.036861
v 0.002944 0.001049 -0.036847
v 0.002925 0.001485 -0.035962
v 0.002944 0.001049 -0.036847
v 0.002855 0.001098 -0.035948
v 0.002855 0.001098 -0.035948
v 0.002944 0.001049 -0.036847
v 0.002811 0.000678 -0.036841
v 0.002855 0.001098 -0.035948
v 0.002811 0.000678 -0.036841
v 0.002722 0.000727 -0.035942
v 0.002722 0.000727 -0.035942
v 0.002811 0.000678 -0.036841
v 0.002618 0.000335 -0.036842
v 0.002722 0.000727 -0.035942
v 0.002618 0.000335 -0.036842
v 0.002529 0.000383 -0.035942
v 0.002529 0.000383 -0.035942
v 0.002618 0.000335 -0.036842
v 0.003097 0.000097 -0.036782
v 0.002529 0.000383 -0.035942
v 0.003097 0.000097 -0.036782
v 0.003008 0.000145 -0.035882
v 0.003008 0.000145 -0.035882
v 0.003097 0.000097 -0.036782
v 0.003527 -0.000220 -0.036723
v 0.003008 0.000145 -0.035882
v 0.003527 -0.000220 -0.036723
v 0.003439 -0.000172 -0.035822
v 0.003439 -0.000172 -0.035822
v 0.003527 -0.000220 -0.036723
v 0.003898 -0.000606 -0.036665
v 0.003439 -0.000172 -0.035822
v 0.003898 -0.000606 -0.036665
v 0.003809 -0.000559 -0.035766
v 0.003809 -0.000559 -0.035766
v 0.003898 -0.000606 -0.036665
v 0.004196 -0.001051 -0.036612
v 0.003809 -0.000559 -0.035766
v 0.004196 -0.001051 -0.036612
v 0.004107 -0.001002 -0.035713
v 0.004107 -0.001002 -0.035713
v 0.004196 -0.001051 -0.036612
v 0.004413 -0.001541 -0.036564
v 0.004107 -0.001002 -0.035713
v 0.004413 -0.001541 -0.036564
v 0.004325 -0.001492 -0.035665
v 0.004325 -0.001492 -0.035665
v 0.004413 -0.001541 -0.036564
v 0.004544 -0.002061 -0.036524
v 0.004325 -0.001492 -0.035665
v 0.004544 -0.002061 -0.036524
v 0.004455 -0.002012 -0.035624
v 0.004455 -0.002012 -0.035624
v 0.004544 -0.002061 -0.036524
v 0.004584 -0.002596 -0.036491
v 0.004455 -0.002012 -0.035624
v 0.004584 -0.002596 -0.036491
v 0.004496 -0.002548 -0.035591
v 0.004496 -0.002548 -0.035591
v 0.004584 -0.002596 -0.036491
v 0.004532 -0.003131 -0.036467
v 0.004496 -0.002548 -0.035591
v 0.004532 -0.003131 -0.036467
v 0.004444 -0.003083 -0.035568
v 0.004444 -0.003083 -0.035568
v 0.004532 -0.003131 -0.036467
v 0.004390 -0.003650 -0.036454
v 0.004444 -0.003083 -0.035568
v 0.004390 -0.003650 -0.036454
v 0.004301 -0.003602 -0.035554
v 0.004301 -0.003602 -0.035554
v 0.004390 -0.003650 -0.036454
v 0.004161 -0.004136 -0.036450
v 0.004301 -0.003602 -0.035554
v 0.004161 -0.004136 -0.036450
v 0.004073 -0.004089 -0.035550
v 0.004073 -0.004089 -0.035550
v 0.004161 -0.004136 -0.036450
v 0.003853 -0.004577 -0.036457
v 0.004073 -0.004089 -0.035550
v 0.003853 -0.004577 -0.036457
v 0.003765 -0.004529 -0.035557
v 0.003765 -0.004529 -0.035557
v 0.003853 -0.004577 -0.036457
v 0.003475 -0.004959 -0.036473
v 0.003765 -0.004529 -0.035557
v 0.003475 -0.004959 -0.036473
v 0.003386 -0.004911 -0.035574
v 0.003386 -0.004911 -0.035574
v 0.003475 -0.004959 -0.036473
v 0.003037 -0.005271 -0.036501
v 0.003386 -0.004911 -0.035574
v 0.003037 -0.005271 -0.036501
v 0.002948 -0.005223 -0.035601
v 0.002948 -0.005223 -0.035601
v 0.003037 -0.005271 -0.036501
v 0.002553 -0.005503 -0.036536
v 0.002948 -0.005223 -0.035601
v 0.002553 -0.005503 -0.036536
v 0.002465 -0.005454 -0.035636
v 0.002465 -0.005454 -0.035636
v 0.002553 -0.005503 -0.036536
v 0.002037 -0.005649 -0.036579
v 0.002465 -0.005454 -0.035636
v 0.002037 -0.005649 -0.036579
v 0.001948 -0.005601 -0.035679
v 0.000416 -0.005893 -0.035815
v 0.001948 -0.005601 -0.035679
v 0.000505 -0.005942 -0.036714
v 0.000505 -0.005942 -0.036714
v 0.001948 -0.005601 -0.035679
v 0.002037 -0.005649 -0.036579
v 0.000416 -0.005893 -0.035815
v 0.000505 -0.005942 -0.036714
v 0.000034 -0.005995 -0.036758
v 0.000416 -0.005893 -0.035815
v 0.000034 -0.005995 -0.036758
v -0.000055 -0.005947 -0.035858
v -0.000055 -0.005947 -0.035858
v 0.000034 -0.005995 -0.036758
v -0.000440 -0.005977 -0.036805
v -0.000055 -0.005947 -0.035858
v -0.000440 -0.005977 -0.036805
v -0.000528 -0.005928 -0.035906
v -0.000528 -0.005928 -0.035906
v -0.000440 -0.005977 -0.036805
v -0.000904 -0.005886 -0.036856
v -0.000528 -0.005928 -0.035906
v -0.000904 -0.005886 -0.036856
v -0.000993 -0.005837 -0.035956
v -0.000993 -0.005837 -0.035956
v -0.000904 -0.005886 -0.036856
v -0.001349 -0.005725 -0.036909
v -0.000993 -0.005837 -0.035956
v -0.001349 -0.005725 -0.036909
v -0.001438 -0.005677 -0.036009
v -0.001438 -0.005677 -0.036009
v -0.001349 -0.005725 -0.036909
v -0.001765 -0.005499 -0.036962
v -0.001438 -0.005677 -0.036009
v -0.001765 -0.005499 -0.036962
v -0.001854 -0.005451 -0.036062
v -0.001854 -0.005451 -0.036062
v -0.001765 -0.005499 -0.036962
v -0.002141 -0.005212 -0.037014
v -0.001854 -0.005451 -0.036062
v -0.002141 -0.005212 -0.037014
v -0.002229 -0.005164 -0.036114
v -0.002229 -0.005164 -0.036114
v -0.002141 -0.005212 -0.037014
v -0.002469 -0.004871 -0.037064
v -0.002229 -0.005164 -0.036114
v -0.002469 -0.004871 -0.037064
v -0.002558 -0.004822 -0.036165
v -0.002264 -0.006406 -0.036051
v -0.002558 -0.004822 -0.036165
v -0.002176 -0.006455 -0.036951
v -0.002176 -0.006455 -0.036951
v -0.002558 -0.004822 -0.036165
v -0.002469 -0.004871 -0.037064
v -0.002264 -0.006406 -0.036051
v -0.002176 -0.006455 -0.036951
v -0.002066 -0.006849 -0.036919
v -0.002264 -0.006406 -0.036051
v -0.002066 -0.006849 -0.036919
v -0.002155 -0.006800 -0.036020
v -0.002155 -0.006800 -0.036020
v -0.002066 -0.006849 -0.036919
v -0.001891 -0.007216 -0.036882
v -0.002155 -0.006800 -0.036020
v -0.001891 -0.007216 -0.036882
v -0.001980 -0.007168 -0.035982
v -0.001980 -0.007168 -0.035982
v -0.001891 -0.007216 -0.036882
v -0.001655 -0.007548 -0.036841
v -0.001980 -0.007168 -0.035982
v -0.001655 -0.007548 -0.036841
v -0.001743 -0.007500 -0.035942
v -0.001743 -0.007500 -0.035942
v -0.001655 -0.007548 -0.036841
v -0.001364 -0.007832 -0.036798
v -0.001743 -0.007500 -0.035942
v -0.001364 -0.007832 -0.036798
v -0.001453 -0.007785 -0.035897
v -0.001453 -0.007785 -0.035897
v -0.001364 -0.007832 -0.036798
v -0.001028 -0.008062 -0.036752
v -0.001453 -0.007785 -0.035897
v -0.001028 -0.008062 -0.036752
v -0.001116 -0.008014 -0.035852
v -0.001116 -0.008014 -0.035852
v -0.001028 -0.008062 -0.036752
v -0.000657 -0.008230 -0.036706
v -0.001116 -0.008014 -0.035852
v -0.000657 -0.008230 -0.036706
v -0.000746 -0.008182 -0.035806
v -0.000746 -0.008182 -0.035806
v -0.000657 -0.008230 -0.036706
v -0.000263 -0.008330 -0.036662
v -0.000746 -0.008182 -0.035806
v -0.000263 -0.008330 -0.036662
v -0.000352 -0.008282 -0.035762
v -0.000352 -0.008282 -0.035762
v -0.000263 -0.008330 -0.036662
v 0.000143 -0.008359 -0.036621
v -0.000352 -0.008282 -0.035762
v 0.000143 -0.008359 -0.036621
v 0.000054 -0.008312 -0.035720
v 0.000054 -0.008312 -0.035720
v 0.000143 -0.008359 -0.036621
v 0.000549 -0.008318 -0.036583
v 0.000054 -0.008312 -0.035720
v 0.000549 -0.008318 -0.036583
v 0.000460 -0.008271 -0.035682
v 0.010800 -0.006291 -0.034769
v 0.000460 -0.008271 -0.035682
v 0.010888 -0.006339 -0.035669
v 0.010888 -0.006339 -0.035669
v 0.000460 -0.008271 -0.035682
v 0.000549 -0.008318 -0.036583
v 0.010800 -0.006291 -0.034769
v 0.010888 -0.006339 -0.035669
v 0.011281 -0.006228 -0.035636
v 0.010800 -0.006291 -0.034769
v 0.011281 -0.006228 -0.035636
v 0.011192 -0.006180 -0.034737
v 0.011192 -0.006180 -0.034737
v 0.011281 -0.006228 -0.035636
v 0.011648 -0.006049 -0.035610
v 0.011192 -0.006180 -0.034737
v 0.011648 -0.006049 -0.035610
v 0.011560 -0.006002 -0.034709
v 0.011560 -0.006002 -0.034709
v 0.011648 -0.006049 -0.035610
v 0.011980 -0.005811 -0.035589
v 0.011560 -0.006002 -0.034709
v 0.011980 -0.005811 -0.035589
v 0.011891 -0.005762 -0.034690
v 0.011891 -0.005762 -0.034690
v 0.011980 -0.005811 -0.035589
v 0.012265 -0.005517 -0.035577
v 0.011891 -0.005762 -0.034690
v 0.012265 -0.005517 -0.035577
v 0.012177 -0.005469 -0.034678
v 0.012177 -0.005469 -0.034678
v 0.012265 -0.005517 -0.035577
v 0.012496 -0.005179 -0.035573
v 0.012177 -0.005469 -0.034678
v 0.012496 -0.005179 -0.035573
v 0.012408 -0.005132 -0.034673
v 0.012408 -0.005132 -0.034673
v 0.012496 -0.005179 -0.035573
v 0.012665 -0.004807 -0.035575
v 0.012408 -0.005132 -0.034673
v 0.012665 -0.004807 -0.035575
v 0.012576 -0.004758 -0.034676
v 0.012576 -0.004758 -0.034676
v 0.012665 -0.004807 -0.035575
v 0.012767 -0.004410 -0.035587
v 0.012576 -0.004758 -0.034676
v 0.012767 -0.004410 -0.035587
v 0.012678 -0.004362 -0.034688
v 0.012678 -0.004362 -0.034688
v 0.012767 -0.004410 -0.035587
v 0.012799 -0.004003 -0.035606
v 0.012678 -0.004362 -0.034688
v 0.012799 -0.004003 -0.035606
v 0.012710 -0.003955 -0.034706
v 0.012710 -0.003955 -0.034706
v 0.012799 -0.004003 -0.035606
v 0.012760 -0.003596 -0.035631
v 0.012710 -0.003955 -0.034706
v 0.012760 -0.003596 -0.035631
v 0.012671 -0.003548 -0.034732
v 0.011250 0.004130 -0.035282
v 0.012671 -0.003548 -0.034732
v 0.011339 0.004082 -0.036182
v 0.011339 0.004082 -0.036182
v 0.012671 -0.003548 -0.034732
v 0.012760 -0.003596 -0.035631
v 0.007229 0.003360 -0.035638
v 0.011250 0.004130 -0.035282
v 0.007317 0.003312 -0.036537
v 0.007317 0.003312 -0.036537
v 0.011250 0.004130 -0.035282
v 0.011339 0.004082 -0.036182
v 0.007229 0.003360 -0.035638
v 0.007317 0.003312 -0.036537
v 0.007154 0.003265 -0.036551
v 0.007229 0.003360 -0.035638
v 0.007154 0.003265 -0.036551
v 0.007066 0.003313 -0.035651
v 0.007066 0.003313 -0.035651
v 0.007154 0.003265 -0.036551
v 0.007001 0.003191 -0.036562
v 0.007066 0.003313 -0.035651
v 0.007001 0.003191 -0.036562
v 0.006912 0.003239 -0.035662
v 0.006912 0.003239 -0.035662
v 0.007001 0.003191 -0.036562
v 0.006863 0.003092 -0.036571
v 0.006912 0.003239 -0.035662
v 0.006863 0.003092 -0.036571
v 0.006774 0.003139 -0.035671
v 0.006774 0.003139 -0.035671
v 0.006863 0.003092 -0.036571
v 0.006744 0.002969 -0.036576
v 0.006774 0.003139 -0.035671
v 0.006744 0.002969 -0.036576
v 0.006655 0.003018 -0.035676
v 0.006655 0.003018 -0.035676
v 0.006744 0.002969 -0.036576
v 0.006647 0.002829 -0.036578
v 0.006655 0.003018 -0.035676
v 0.006647 0.002829 -0.036578
v 0.006559 0.002877 -0.035678
v 0.006559 0.002877 -0.035678
v 0.006647 0.002829 -0.036578
v 0.006577 0.002673 -0.036576
v 0.006559 0.002877 -0.035678
v 0.006577 0.002673 -0.036576
v 0.006488 0.002721 -0.035676
v 0.006488 0.002721 -0.035676
v 0.006577 0.002673 -0.036576
v 0.006535 0.002508 -0.036572
v 0.006488 0.002721 -0.035676
v 0.006535 0.002508 -0.036572
v 0.006446 0.002556 -0.035672
v 0.006446 0.002556 -0.035672
v 0.006535 0.002508 -0.036572
v 0.006522 0.002339 -0.036564
v 0.006446 0.002556 -0.035672
v 0.006522 0.002339 -0.036564
v 0.006433 0.002386 -0.035664
v 0.006433 0.002386 -0.035664
v 0.006522 0.002339 -0.036564
v 0.006538 0.002169 -0.036553
v 0.006433 0.002386 -0.035664
v 0.006538 0.002169 -0.036553
v 0.006449 0.002217 -0.035653
v 0.006449 0.002217 -0.035653
v 0.006538 0.002169 -0.036553
v 0.006556 0.002103 -0.036548
v 0.006449 0.002217 -0.035653
v 0.006556 0.002103 -0.036548
v 0.006467 0.002151 -0.035648
v 0.006467 0.002151 -0.035648
v 0.006556 0.002103 -0.036548
v 0.006585 0.002042 -0.036541
v 0.006467 0.002151 -0.035648
v 0.006585 0.002042 -0.036541
v 0.006497 0.002090 -0.035642
v 0.006497 0.002090 -0.035642
v 0.006585 0.002042 -0.036541
v 0.006625 0.001987 -0.036535
v 0.006497 0.002090 -0.035642
v 0.006625 0.001987 -0.036535
v 0.006536 0.002035 -0.035636
v 0.006536 0.002035 -0.035636
v 0.006625 0.001987 -0.036535
v 0.006673 0.001939 -0.036527
v 0.006536 0.002035 -0.035636
v 0.006673 0.001939 -0.036527
v 0.006584 0.001987 -0.035628
v 0.006584 0.001987 -0.035628
v 0.006673 0.001939 -0.036527
v 0.006729 0.001901 -0.036520
v 0.006584 0.001987 -0.035628
v 0.006729 0.001901 -0.036520
v 0.006640 0.001950 -0.035621
v 0.006640 0.001950 -0.035621
v 0.006729 0.001901 -0.036520
v 0.006791 0.001873 -0.036513
v 0.006640 0.001950 -0.035621
v 0.006791 0.001873 -0.036513
v 0.006702 0.001921 -0.035612
v 0.006702 0.001921 -0.035612
v 0.006791 0.001873 -0.036513
v 0.006856 0.001856 -0.036505
v 0.006702 0.001921 -0.035612
v 0.006856 0.001856 -0.036505
v 0.006768 0.001904 -0.035605
v 0.006768 0.001904 -0.035605
v 0.006856 0.001856 -0.036505
v 0.006924 0.001852 -0.036498
v 0.006768 0.001904 -0.035605
v 0.006924 0.001852 -0.036498
v 0.006835 0.001900 -0.035598
v 0.006835 0.001900 -0.035598
v 0.006924 0.001852 -0.036498
v 0.006992 0.001858 -0.036492
v 0.006835 0.001900 -0.035598
v 0.006992 0.001858 -0.036492
v 0.006903 0.001906 -0.035592
v 0.009967 0.002493 -0.035321
v 0.006903 0.001906 -0.035592
v 0.010055 0.002444 -0.036221
v 0.010055 0.002444 -0.036221
v 0.006903 0.001906 -0.035592
v 0.006992 0.001858 -0.036492
v 0.010321 0.000574 -0.035184
v 0.009967 0.002493 -0.035321
v 0.010411 0.000525 -0.036084
v 0.010411 0.000525 -0.036084
v 0.009967 0.002493 -0.035321
v 0.010055 0.002444 -0.036221
v 0.007258 -0.000013 -0.035454
v 0.010321 0.000574 -0.035184
v 0.007347 -0.000061 -0.036354
v 0.007347 -0.000061 -0.036354
v 0.010321 0.000574 -0.035184
v 0.010411 0.000525 -0.036084
v 0.007258 -0.000013 -0.035454
v 0.007347 -0.000061 -0.036354
v 0.007282 -0.000080 -0.036360
v 0.007258 -0.000013 -0.035454
v 0.007282 -0.000080 -0.036360
v 0.007192 -0.000031 -0.035460
v 0.007192 -0.000031 -0.035460
v 0.007282 -0.000080 -0.036360
v 0.007220 -0.000109 -0.036364
v 0.007192 -0.000031 -0.035460
v 0.007220 -0.000109 -0.036364
v 0.007132 -0.000061 -0.035465
v 0.007132 -0.000061 -0.035465
v 0.007220 -0.000109 -0.036364
v 0.007165 -0.000149 -0.036367
v 0.007132 -0.000061 -0.035465
v 0.007165 -0.000149 -0.036367
v 0.007076 -0.000101 -0.035468
v 0.007076 -0.000101 -0.035468
v 0.007165 -0.000149 -0.036367
v 0.007118 -0.000198 -0.036370
v 0.007076 -0.000101 -0.035468
v 0.007118 -0.000198 -0.036370
v 0.007029 -0.000150 -0.035470
v 0.007029 -0.000150 -0.035470
v 0.007118 -0.000198 -0.036370
v 0.007079 -0.000254 -0.036370
v 0.007029 -0.000150 -0.035470
v 0.007079 -0.000254 -0.036370
v 0.006991 -0.000207 -0.035470
v 0.006991 -0.000207 -0.035470
v 0.007079 -0.000254 -0.036370
v 0.007051 -0.000316 -0.036370
v 0.006991 -0.000207 -0.035470
v 0.007051 -0.000316 -0.036370
v 0.006962 -0.000268 -0.035470
v 0.006962 -0.000268 -0.035470
v 0.007051 -0.000316 -0.036370
v 0.007034 -0.000383 -0.036368
v 0.006962 -0.000268 -0.035470
v 0.007034 -0.000383 -0.036368
v 0.006945 -0.000335 -0.035468
v 0.006945 -0.000335 -0.035468
v 0.007034 -0.000383 -0.036368
v 0.007029 -0.000450 -0.036365
v 0.006945 -0.000335 -0.035468
v 0.007029 -0.000450 -0.036365
v 0.006940 -0.000402 -0.035465
v 0.006940 -0.000402 -0.035465
v 0.007029 -0.000450 -0.036365
v 0.007036 -0.000518 -0.036360
v 0.006940 -0.000402 -0.035465
v 0.007036 -0.000518 -0.036360
v 0.006947 -0.000470 -0.035461
v 0.007692 -0.004501 -0.035171
v 0.006947 -0.000470 -0.035461
v 0.007781 -0.004549 -0.036071
v 0.007781 -0.004549 -0.036071
v 0.006947 -0.000470 -0.035461
v 0.007036 -0.000518 -0.036360
v 0.005778 -0.004867 -0.035340
v 0.007692 -0.004501 -0.035171
v 0.005867 -0.004915 -0.036240
v 0.005867 -0.004915 -0.036240
v 0.007692 -0.004501 -0.035171
v 0.007781 -0.004549 -0.036071
v 0.004534 0.001851 -0.035822
v 0.005778 -0.004867 -0.035340
v 0.004623 0.001802 -0.036723
v 0.004623 0.001802 -0.036723
v 0.005778 -0.004867 -0.035340
v 0.005867 -0.004915 -0.036240
v 0.006488 0.002721 -0.035676
v 0.006446 0.002556 -0.035672
v 0.006903 0.001906 -0.035592
v 0.006903 0.001906 -0.035592
v 0.006446 0.002556 -0.035672
v 0.006433 0.002386 -0.035664
v 0.006903 0.001906 -0.035592
v 0.006433 0.002386 -0.035664
v 0.006449 0.002217 -0.035653
v 0.006640 0.001950 -0.035621
v 0.006903 0.001906 -0.035592
v 0.006584 0.001987 -0.035628
v 0.006584 0.001987 -0.035628
v 0.006903 0.001906 -0.035592
v 0.006536 0.002035 -0.035636
v 0.000460 -0.008271 -0.035682
v 0.010800 -0.006291 -0.034769
v 0.007692 -0.004501 -0.035171
v 0.007692 -0.004501 -0.035171
v 0.010800 -0.006291 -0.034769
v 0.007258 -0.000013 -0.035454
v 0.007692 -0.004501 -0.035171
v 0.007258 -0.000013 -0.035454
v 0.006947 -0.000470 -0.035461
v 0.004864 0.003830 -0.035896
v 0.005152 0.004252 -0.035890
v -0.002169 0.005933 -0.036702
v 0.007066 0.003313 -0.035651
v 0.006912 0.003239 -0.035662
v 0.006903 0.001906 -0.035592
v 0.006903 0.001906 -0.035592
v 0.006912 0.003239 -0.035662
v 0.006774 0.003139 -0.035671
v 0.006449 0.002217 -0.035653
v 0.006467 0.002151 -0.035648
v 0.006903 0.001906 -0.035592
v 0.006903 0.001906 -0.035592
v 0.006467 0.002151 -0.035648
v 0.006497 0.002090 -0.035642
v 0.006903 0.001906 -0.035592
v 0.006497 0.002090 -0.035642
v 0.006536 0.002035 -0.035636
v 0.006702 0.001921 -0.035612
v 0.006768 0.001904 -0.035605
v 0.006640 0.001950 -0.035621
v 0.006640 0.001950 -0.035621
v 0.006768 0.001904 -0.035605
v 0.006835 0.001900 -0.035598
v 0.006640 0.001950 -0.035621
v 0.006835 0.001900 -0.035598
v 0.006903 0.001906 -0.035592
v 0.010800 -0.006291 -0.034769
v 0.011192 -0.006180 -0.034737
v 0.007258 -0.000013 -0.035454
v 0.007258 -0.000013 -0.035454
v 0.011192 -0.006180 -0.034737
v 0.011560 -0.006002 -0.034709
v 0.007258 -0.000013 -0.035454
v 0.011560 -0.006002 -0.034709
v 0.011891 -0.005762 -0.034690
v 0.011891 -0.005762 -0.034690
v 0.012177 -0.005469 -0.034678
v 0.007258 -0.000013 -0.035454
v 0.007258 -0.000013 -0.035454
v 0.012177 -0.005469 -0.034678
v 0.012408 -0.005132 -0.034673
v 0.007258 -0.000013 -0.035454
v 0.012408 -0.005132 -0.034673
v 0.012576 -0.004758 -0.034676
v 0.012576 -0.004758 -0.034676
v 0.012678 -0.004362 -0.034688
v 0.007258 -0.000013 -0.035454
v 0.007258 -0.000013 -0.035454
v 0.012678 -0.004362 -0.034688
v 0.012710 -0.003955 -0.034706
v 0.007258 -0.000013 -0.035454
v 0.012710 -0.003955 -0.034706
v 0.010321 0.000574 -0.035184
v 0.010321 0.000574 -0.035184
v 0.012710 -0.003955 -0.034706
v 0.012671 -0.003548 -0.034732
v 0.010321 0.000574 -0.035184
v 0.012671 -0.003548 -0.034732
v 0.009967 0.002493 -0.035321
v 0.009967 0.002493 -0.035321
v 0.012671 -0.003548 -0.034732
v 0.011250 0.004130 -0.035282
v 0.009967 0.002493 -0.035321
v 0.011250 0.004130 -0.035282
v 0.006903 0.001906 -0.035592
v 0.006903 0.001906 -0.035592
v 0.011250 0.004130 -0.035282
v 0.007229 0.003360 -0.035638
v 0.006903 0.001906 -0.035592
v 0.007229 0.003360 -0.035638
v 0.007066 0.003313 -0.035651
v 0.007192 -0.000031 -0.035460
v 0.006991 -0.000207 -0.035470
v 0.007258 -0.000013 -0.035454
v 0.007258 -0.000013 -0.035454
v 0.006991 -0.000207 -0.035470
v 0.006962 -0.000268 -0.035470
v 0.004864 0.003830 -0.035896
v -0.002169 0.005933 -0.036702
v 0.004653 0.003364 -0.035893
v 0.010894 0.006049 -0.035420
v 0.010786 0.006442 -0.035452
v 0.006874 0.005279 -0.035776
v 0.006874 0.005279 -0.035776
v 0.010786 0.006442 -0.035452
v 0.010611 0.006810 -0.035489
v 0.006874 0.005279 -0.035776
v 0.010611 0.006810 -0.035489
v 0.010373 0.007141 -0.035530
v 0.009376 0.007824 -0.035665
v 0.008982 0.007924 -0.035709
v 0.006874 0.005279 -0.035776
v 0.006874 0.005279 -0.035776
v 0.008982 0.007924 -0.035709
v 0.008576 0.007953 -0.035750
v 0.006874 0.005279 -0.035776
v 0.008576 0.007953 -0.035750
v 0.008171 0.007912 -0.035788
v 0.006774 0.003139 -0.035671
v 0.006655 0.003018 -0.035676
v 0.006903 0.001906 -0.035592
v 0.006903 0.001906 -0.035592
v 0.006655 0.003018 -0.035676
v 0.006559 0.002877 -0.035678
v 0.006903 0.001906 -0.035592
v 0.006559 0.002877 -0.035678
v 0.006488 0.002721 -0.035676
v 0.006962 -0.000268 -0.035470
v 0.006945 -0.000335 -0.035468
v 0.007258 -0.000013 -0.035454
v 0.007258 -0.000013 -0.035454
v 0.006945 -0.000335 -0.035468
v 0.006940 -0.000402 -0.035465
v 0.007258 -0.000013 -0.035454
v 0.006940 -0.000402 -0.035465
v 0.006947 -0.000470 -0.035461
v 0.000562 0.004038 -0.036331
v 0.000953 0.004012 -0.036291
v -0.002561 0.005822 -0.036735
v -0.002561 0.005822 -0.036735
v 0.000953 0.004012 -0.036291
v 0.001335 0.003922 -0.036249
v 0.005152 0.004252 -0.035890
v 0.005509 0.004619 -0.035875
v -0.002169 0.005933 -0.036702
v -0.002169 0.005933 -0.036702
v 0.005509 0.004619 -0.035875
v 0.005923 0.004917 -0.035850
v -0.002169 0.005933 -0.036702
v 0.005923 0.004917 -0.035850
v 0.008171 0.007912 -0.035788
v 0.008171 0.007912 -0.035788
v 0.005923 0.004917 -0.035850
v 0.006383 0.005140 -0.035816
v 0.008171 0.007912 -0.035788
v 0.006383 0.005140 -0.035816
v 0.006874 0.005279 -0.035776
v 0.010373 0.007141 -0.035530
v 0.010083 0.007426 -0.035574
v 0.006874 0.005279 -0.035776
v 0.006874 0.005279 -0.035776
v 0.010083 0.007426 -0.035574
v 0.009747 0.007656 -0.035619
v 0.006874 0.005279 -0.035776
v 0.009747 0.007656 -0.035619
v 0.009376 0.007824 -0.035665
v 0.007192 -0.000031 -0.035460
v 0.007132 -0.000061 -0.035465
v 0.006991 -0.000207 -0.035470
v 0.006991 -0.000207 -0.035470
v 0.007132 -0.000061 -0.035465
v 0.007076 -0.000101 -0.035468
v 0.006991 -0.000207 -0.035470
v 0.007076 -0.000101 -0.035468
v 0.007029 -0.000150 -0.035470
v 0.004534 0.001851 -0.035822
v 0.004486 0.002359 -0.035855
v 0.003008 0.000145 -0.035882
v 0.004526 0.002868 -0.035879
v 0.002025 0.003558 -0.036161
v 0.002314 0.003293 -0.036119
v -0.002495 0.003454 -0.036602
v -0.003261 0.005405 -0.036782
v -0.003546 0.005111 -0.036794
v -0.002169 0.005933 -0.036702
v -0.002561 0.005822 -0.036735
v 0.004653 0.003364 -0.035893
v 0.004653 0.003364 -0.035893
v -0.002561 0.005822 -0.036735
v 0.001335 0.003922 -0.036249
v 0.004653 0.003364 -0.035893
v 0.001335 0.003922 -0.036249
v 0.004526 0.002868 -0.035879
v 0.004526 0.002868 -0.035879
v 0.001335 0.003922 -0.036249
v 0.001695 0.003769 -0.036205
v 0.004526 0.002868 -0.035879
v 0.001695 0.003769 -0.036205
v 0.002025 0.003558 -0.036161
v 0.003008 0.000145 -0.035882
v 0.003439 -0.000172 -0.035822
v 0.004534 0.001851 -0.035822
v 0.004534 0.001851 -0.035822
v 0.003439 -0.000172 -0.035822
v 0.003809 -0.000559 -0.035766
v 0.004534 0.001851 -0.035822
v 0.003809 -0.000559 -0.035766
v 0.004107 -0.001002 -0.035713
v 0.002314 0.003293 -0.036119
v 0.002556 0.002984 -0.036079
v 0.004526 0.002868 -0.035879
v 0.004526 0.002868 -0.035879
v 0.002556 0.002984 -0.036079
v 0.002741 0.002639 -0.036042
v 0.004526 0.002868 -0.035879
v 0.002741 0.002639 -0.036042
v 0.004486 0.002359 -0.035855
v 0.004486 0.002359 -0.035855
v 0.002741 0.002639 -0.036042
v 0.002867 0.002267 -0.036009
v 0.004486 0.002359 -0.035855
v 0.002867 0.002267 -0.036009
v 0.002929 0.001879 -0.035982
v -0.002495 0.003454 -0.036602
v -0.003546 0.005111 -0.036794
v -0.002844 0.003292 -0.036628
v 0.002929 0.001879 -0.035982
v 0.002925 0.001485 -0.035962
v 0.004486 0.002359 -0.035855
v 0.004486 0.002359 -0.035855
v 0.002925 0.001485 -0.035962
v 0.002855 0.001098 -0.035948
v 0.004486 0.002359 -0.035855
v 0.002855 0.001098 -0.035948
v 0.003008 0.000145 -0.035882
v 0.003008 0.000145 -0.035882
v 0.002855 0.001098 -0.035948
v 0.002722 0.000727 -0.035942
v 0.003008 0.000145 -0.035882
v 0.002722 0.000727 -0.035942
v 0.002529 0.000383 -0.035942
v 0.004444 -0.003083 -0.035568
v 0.004301 -0.003602 -0.035554
v 0.005778 -0.004867 -0.035340
v 0.005778 -0.004867 -0.035340
v 0.004301 -0.003602 -0.035554
v 0.004073 -0.004089 -0.035550
v 0.007692 -0.004501 -0.035171
v 0.005778 -0.004867 -0.035340
v 0.000460 -0.008271 -0.035682
v 0.000460 -0.008271 -0.035682
v 0.005778 -0.004867 -0.035340
v 0.002948 -0.005223 -0.035601
v 0.000460 -0.008271 -0.035682
v 0.002948 -0.005223 -0.035601
v 0.002465 -0.005454 -0.035636
v -0.003546 0.005111 -0.036794
v -0.003777 0.004773 -0.036798
v -0.002844 0.003292 -0.036628
v -0.002844 0.003292 -0.036628
v -0.003777 0.004773 -0.036798
v -0.003946 0.004401 -0.036795
v -0.002844 0.003292 -0.036628
v -0.003946 0.004401 -0.036795
v -0.003161 0.003074 -0.036647
v -0.003161 0.003074 -0.036647
v -0.003946 0.004401 -0.036795
v -0.004048 0.004004 -0.036784
v -0.003161 0.003074 -0.036647
v -0.004048 0.004004 -0.036784
v -0.003440 0.002809 -0.036660
v -0.003440 0.002809 -0.036660
v -0.004048 0.004004 -0.036784
v -0.004080 0.003597 -0.036765
v -0.003440 0.002809 -0.036660
v -0.004080 0.003597 -0.036765
v -0.003671 0.002501 -0.036667
v -0.003671 0.002501 -0.036667
v -0.004080 0.003597 -0.036765
v -0.004040 0.003190 -0.036739
v -0.003671 0.002501 -0.036667
v -0.004040 0.003190 -0.036739
v -0.003850 0.002160 -0.036666
v 0.004107 -0.001002 -0.035713
v 0.004325 -0.001492 -0.035665
v 0.004534 0.001851 -0.035822
v 0.004534 0.001851 -0.035822
v 0.004325 -0.001492 -0.035665
v 0.004455 -0.002012 -0.035624
v 0.004534 0.001851 -0.035822
v 0.004455 -0.002012 -0.035624
v 0.005778 -0.004867 -0.035340
v 0.005778 -0.004867 -0.035340
v 0.004455 -0.002012 -0.035624
v 0.004496 -0.002548 -0.035591
v 0.005778 -0.004867 -0.035340
v 0.004496 -0.002548 -0.035591
v 0.004444 -0.003083 -0.035568
v 0.004073 -0.004089 -0.035550
v 0.003765 -0.004529 -0.035557
v 0.005778 -0.004867 -0.035340
v 0.005778 -0.004867 -0.035340
v 0.003765 -0.004529 -0.035557
v 0.003386 -0.004911 -0.035574
v 0.005778 -0.004867 -0.035340
v 0.003386 -0.004911 -0.035574
v 0.002948 -0.005223 -0.035601
v -0.003261 0.005405 -0.036782
v -0.002495 0.003454 -0.036602
v -0.002929 0.005644 -0.036762
v -0.002929 0.005644 -0.036762
v -0.002495 0.003454 -0.036602
v -0.002126 0.003557 -0.036571
v -0.002929 0.005644 -0.036762
v -0.002126 0.003557 -0.036571
v -0.002561 0.005822 -0.036735
v -0.002561 0.005822 -0.036735
v -0.002126 0.003557 -0.036571
v 0.000172 0.003996 -0.036368
v -0.002561 0.005822 -0.036735
v 0.000172 0.003996 -0.036368
v 0.000562 0.004038 -0.036331
v -0.001453 -0.007785 -0.035897
v -0.001116 -0.008014 -0.035852
v -0.000993 -0.005837 -0.035956
v -0.000993 -0.005837 -0.035956
v -0.001116 -0.008014 -0.035852
v -0.000528 -0.005928 -0.035906
v -0.001438 -0.005677 -0.036009
v -0.001854 -0.005451 -0.036062
v -0.002264 -0.006406 -0.036051
v -0.002264 -0.006406 -0.036051
v -0.001854 -0.005451 -0.036062
v -0.002229 -0.005164 -0.036114
v -0.002264 -0.006406 -0.036051
v -0.002229 -0.005164 -0.036114
v -0.002558 -0.004822 -0.036165
v -0.001116 -0.008014 -0.035852
v -0.000746 -0.008182 -0.035806
v -0.000528 -0.005928 -0.035906
v -0.000528 -0.005928 -0.035906
v -0.000746 -0.008182 -0.035806
v -0.000352 -0.008282 -0.035762
v -0.000528 -0.005928 -0.035906
v -0.000352 -0.008282 -0.035762
v -0.000055 -0.005947 -0.035858
v -0.000055 -0.005947 -0.035858
v -0.000352 -0.008282 -0.035762
v 0.000054 -0.008312 -0.035720
v -0.000055 -0.005947 -0.035858
v 0.000054 -0.008312 -0.035720
v 0.000416 -0.005893 -0.035815
v 0.000416 -0.005893 -0.035815
v 0.000054 -0.008312 -0.035720
v 0.000460 -0.008271 -0.035682
v 0.000416 -0.005893 -0.035815
v 0.000460 -0.008271 -0.035682
v 0.001948 -0.005601 -0.035679
v 0.001948 -0.005601 -0.035679
v 0.000460 -0.008271 -0.035682
v 0.002465 -0.005454 -0.035636
v -0.002264 -0.006406 -0.036051
v -0.002155 -0.006800 -0.036020
v -0.001438 -0.005677 -0.036009
v -0.001438 -0.005677 -0.036009
v -0.002155 -0.006800 -0.036020
v -0.001980 -0.007168 -0.035982
v -0.001438 -0.005677 -0.036009
v -0.001980 -0.007168 -0.035982
v -0.000993 -0.005837 -0.035956
v -0.000993 -0.005837 -0.035956
v -0.001980 -0.007168 -0.035982
v -0.001743 -0.007500 -0.035942
v -0.000993 -0.005837 -0.035956
v -0.001743 -0.007500 -0.035942
v -0.001453 -0.007785 -0.035897
v 0.007981 0.019974 0.013983
v 0.008550 0.019666 0.008210
v 0.008867 0.020145 0.014062
v 0.008867 0.020145 0.014062
v 0.008550 0.019666 0.008210
v 0.009436 0.019835 0.008287
v 0.007731 0.021322 0.013887
v 0.007981 0.019974 0.013983
v 0.008618 0.021491 0.013964
v 0.008618 0.021491 0.013964
v 0.007981 0.019974 0.013983
v 0.008867 0.020145 0.014062
v 0.008145 0.021097 0.009687
v 0.007731 0.021322 0.013887
v 0.009031 0.021267 0.009765
v 0.009031 0.021267 0.009765
v 0.007731 0.021322 0.013887
v 0.008618 0.021491 0.013964
v 0.006898 0.027831 0.009204
v 0.008145 0.021097 0.009687
v 0.007785 0.028001 0.009282
v 0.007785 0.028001 0.009282
v 0.008145 0.021097 0.009687
v 0.009031 0.021267 0.009765
v 0.007054 0.027747 0.007629
v 0.006898 0.027831 0.009204
v 0.007940 0.027917 0.007708
v 0.007940 0.027917 0.007708
v 0.006898 0.027831 0.009204
v 0.007785 0.028001 0.009282
v 0.008550 0.019666 0.008210
v 0.007054 0.027747 0.007629
v 0.009436 0.019835 0.008287
v 0.009436 0.019835 0.008287
v 0.007054 0.027747 0.007629
v 0.007940 0.027917 0.007708
v 0.006898 0.027831 0.009204
v 0.007054 0.027747 0.007629
v 0.008145 0.021097 0.009687
v 0.008145 0.021097 0.009687
v 0.007054 0.027747 0.007629
v 0.008550 0.019666 0.008210
v 0.008145 0.021097 0.009687
v 0.008550 0.019666 0.008210
v 0.007731 0.021322 0.013887
v 0.007731 0.021322 0.013887
v 0.008550 0.019666 0.008210
v 0.007981 0.019974 0.013983
v 0.007739 0.014965 0.038042
v -0.016623 0.010301 0.035890
v 0.007405 0.018682 0.033778
v 0.007405 0.018682 0.033778
v -0.016623 0.010301 0.035890
v -0.017095 0.015550 0.029868
v 0.007405 0.018682 0.033778
v -0.017095 0.015550 0.029868
v 0.007267 0.020214 0.032021
v 0.007234 -0.020072 0.033282
v 0.014542 -0.018673 0.033928
v 0.014843 -0.020089 0.033592
v 0.007234 -0.020072 0.033282
v 0.014843 -0.020089 0.033592
v 0.007534 -0.021488 0.032946
v 0.007534 -0.021488 0.032946
v 0.014843 -0.020089 0.033592
v 0.015149 -0.021434 0.033043
v 0.007534 -0.021488 0.032946
v 0.015149 -0.021434 0.033043
v 0.007840 -0.022833 0.032397
v 0.007840 -0.022833 0.032397
v 0.015149 -0.021434 0.033043
v 0.015453 -0.022679 0.032291
v 0.007840 -0.022833 0.032397
v 0.015453 -0.022679 0.032291
v 0.008145 -0.024078 0.031645
v 0.008145 -0.024078 0.031645
v 0.015453 -0.022679 0.032291
v 0.015749 -0.023793 0.031355
v 0.008145 -0.024078 0.031645
v 0.015749 -0.023793 0.031355
v 0.008441 -0.025192 0.030709
v 0.008441 -0.025192 0.030709
v 0.015749 -0.023793 0.031355
v 0.016031 -0.024753 0.030257
v 0.008441 -0.025192 0.030709
v 0.016031 -0.024753 0.030257
v 0.008722 -0.026152 0.029611
v 0.008722 -0.026152 0.029611
v 0.016031 -0.024753 0.030257
v 0.016289 -0.025535 0.029021
v 0.008722 -0.026152 0.029611
v 0.016289 -0.025535 0.029021
v 0.008981 -0.026935 0.028375
v -0.009820 -0.023337 0.031776
v -0.002512 -0.021937 0.032421
v -0.002211 -0.023353 0.032086
v -0.009820 -0.023337 0.031776
v -0.002211 -0.023353 0.032086
v -0.009520 -0.024752 0.031440
v -0.009520 -0.024752 0.031440
v -0.002211 -0.023353 0.032086
v -0.001905 -0.024699 0.031536
v -0.009520 -0.024752 0.031440
v -0.001905 -0.024699 0.031536
v -0.009213 -0.026097 0.030890
v -0.009213 -0.026097 0.030890
v -0.001905 -0.024699 0.031536
v -0.001600 -0.025943 0.030785
v -0.009213 -0.026097 0.030890
v -0.001600 -0.025943 0.030785
v -0.008909 -0.027342 0.030138
v -0.008909 -0.027342 0.030138
v -0.001600 -0.025943 0.030785
v -0.001304 -0.027058 0.029848
v -0.008909 -0.027342 0.030138
v -0.001304 -0.027058 0.029848
v -0.008613 -0.028457 0.029203
v -0.008613 -0.028457 0.029203
v -0.001304 -0.027058 0.029848
v -0.001023 -0.028017 0.028750
v -0.008613 -0.028457 0.029203
v -0.001023 -0.028017 0.028750
v -0.008331 -0.029417 0.028104
v -0.008331 -0.029417 0.028104
v -0.001023 -0.028017 0.028750
v -0.000764 -0.028800 0.027514
v -0.008331 -0.029417 0.028104
v -0.000764 -0.028800 0.027514
v -0.008072 -0.030199 0.026869
v -0.002512 -0.021937 0.032421
v -0.009820 -0.023337 0.031776
v -0.004098 -0.014207 0.033633
v -0.004098 -0.014207 0.033633
v -0.009820 -0.023337 0.031776
v -0.015468 0.004175 0.036088
v -0.004098 -0.014207 0.033633
v -0.015468 0.004175 0.036088
v 0.005647 -0.012342 0.034494
v 0.005647 -0.012342 0.034494
v -0.015468 0.004175 0.036088
v 0.008895 0.008838 0.038240
v 0.005647 -0.012342 0.034494
v 0.008895 0.008838 0.038240
v 0.007234 -0.020072 0.033282
v 0.007234 -0.020072 0.033282
v 0.008895 0.008838 0.038240
v 0.014542 -0.018673 0.033928
v 0.005961 -0.012858 0.032044
v -0.003783 -0.014723 0.031183
v -0.003762 -0.014900 0.031329
v 0.005961 -0.012858 0.032044
v -0.003762 -0.014900 0.031329
v 0.005983 -0.013035 0.032190
v 0.005983 -0.013035 0.032190
v -0.003762 -0.014900 0.031329
v -0.003749 -0.015051 0.031504
v 0.005983 -0.013035 0.032190
v -0.003749 -0.015051 0.031504
v 0.005996 -0.013186 0.032365
v 0.005996 -0.013186 0.032365
v -0.003749 -0.015051 0.031504
v -0.003743 -0.015171 0.031702
v 0.005996 -0.013186 0.032365
v -0.003743 -0.015171 0.031702
v 0.006002 -0.013306 0.032563
v 0.006002 -0.013306 0.032563
v -0.003743 -0.015171 0.031702
v -0.003746 -0.015256 0.031916
v 0.006002 -0.013306 0.032563
v -0.003746 -0.015256 0.031916
v 0.005999 -0.013391 0.032777
v 0.005999 -0.013391 0.032777
v -0.003746 -0.015256 0.031916
v -0.003756 -0.015305 0.032141
v 0.005999 -0.013391 0.032777
v -0.003756 -0.015305 0.032141
v 0.005988 -0.013440 0.033003
v 0.005988 -0.013440 0.033003
v -0.003756 -0.015305 0.032141
v -0.003774 -0.015315 0.032371
v 0.005988 -0.013440 0.033003
v -0.003774 -0.015315 0.032371
v 0.005970 -0.013450 0.033232
v 0.005970 -0.013450 0.033232
v -0.003774 -0.015315 0.032371
v -0.003800 -0.015287 0.032599
v 0.005970 -0.013450 0.033232
v -0.003800 -0.015287 0.032599
v 0.005945 -0.013422 0.033460
v 0.005945 -0.013422 0.033460
v -0.003800 -0.015287 0.032599
v -0.003832 -0.015221 0.032818
v 0.005945 -0.013422 0.033460
v -0.003832 -0.015221 0.032818
v 0.005912 -0.013356 0.033679
v 0.005912 -0.013356 0.033679
v -0.003832 -0.015221 0.032818
v -0.003870 -0.015120 0.033022
v 0.005912 -0.013356 0.033679
v -0.003870 -0.015120 0.033022
v 0.005875 -0.013254 0.033883
v 0.005875 -0.013254 0.033883
v -0.003870 -0.015120 0.033022
v -0.003912 -0.014985 0.033204
v 0.005875 -0.013254 0.033883
v -0.003912 -0.014985 0.033204
v 0.005833 -0.013119 0.034066
v 0.005833 -0.013119 0.034066
v -0.003912 -0.014985 0.033204
v -0.003957 -0.014822 0.033362
v 0.005833 -0.013119 0.034066
v -0.003957 -0.014822 0.033362
v 0.005788 -0.012956 0.034223
v 0.005788 -0.012956 0.034223
v -0.003957 -0.014822 0.033362
v -0.004004 -0.014634 0.033487
v 0.005788 -0.012956 0.034223
v -0.004004 -0.014634 0.033487
v 0.005741 -0.012768 0.034348
v 0.005741 -0.012768 0.034348
v -0.004004 -0.014634 0.033487
v -0.004052 -0.014427 0.033578
v 0.005741 -0.012768 0.034348
v -0.004052 -0.014427 0.033578
v 0.005694 -0.012561 0.034440
v 0.005694 -0.012561 0.034440
v -0.004052 -0.014427 0.033578
v -0.004098 -0.014207 0.033633
v 0.005694 -0.012561 0.034440
v -0.004098 -0.014207 0.033633
v 0.005647 -0.012342 0.034494
v -0.008072 -0.030199 0.026869
v -0.000764 -0.028800 0.027514
v -0.000612 -0.029180 0.026618
v -0.008072 -0.030199 0.026869
v -0.000612 -0.029180 0.026618
v -0.007921 -0.030579 0.025971
v -0.007921 -0.030579 0.025971
v -0.000612 -0.029180 0.026618
v -0.000486 -0.029399 0.025664
v -0.007921 -0.030579 0.025971
v -0.000486 -0.029399 0.025664
v -0.007795 -0.030799 0.025019
v -0.007795 -0.030799 0.025019
v -0.000486 -0.029399 0.025664
v -0.000390 -0.029451 0.024684
v -0.007795 -0.030799 0.025019
v -0.000390 -0.029451 0.024684
v -0.007699 -0.030850 0.024039
v -0.007699 -0.030850 0.024039
v -0.000390 -0.029451 0.024684
v -0.000325 -0.029334 0.023708
v -0.007699 -0.030850 0.024039
v -0.000325 -0.029334 0.023708
v -0.007634 -0.030734 0.023061
v -0.007634 -0.030734 0.023061
v -0.000325 -0.029334 0.023708
v -0.000296 -0.029053 0.022763
v -0.007634 -0.030734 0.023061
v -0.000296 -0.029053 0.022763
v -0.007605 -0.030452 0.022117
v -0.007605 -0.030452 0.022117
v -0.000296 -0.029053 0.022763
v -0.000302 -0.028615 0.021879
v -0.007605 -0.030452 0.022117
v -0.000302 -0.028615 0.021879
v -0.007610 -0.030014 0.021234
v -0.007610 -0.030014 0.021234
v -0.000302 -0.028615 0.021879
v -0.000343 -0.028033 0.021085
v -0.007610 -0.030014 0.021234
v -0.000343 -0.028033 0.021085
v -0.007652 -0.029432 0.020439
v 0.008981 -0.026935 0.028375
v 0.016289 -0.025535 0.029021
v 0.016442 -0.025915 0.028124
v 0.008981 -0.026935 0.028375
v 0.016442 -0.025915 0.028124
v 0.009133 -0.027314 0.027478
v 0.009133 -0.027314 0.027478
v 0.016442 -0.025915 0.028124
v 0.016568 -0.026134 0.027171
v 0.009133 -0.027314 0.027478
v 0.016568 -0.026134 0.027171
v 0.009259 -0.027534 0.026525
v 0.009259 -0.027534 0.026525
v 0.016568 -0.026134 0.027171
v 0.016664 -0.026186 0.026190
v 0.009259 -0.027534 0.026525
v 0.016664 -0.026186 0.026190
v 0.009355 -0.027586 0.025545
v 0.009355 -0.027586 0.025545
v 0.016664 -0.026186 0.026190
v 0.016728 -0.026070 0.025214
v 0.009355 -0.027586 0.025545
v 0.016728 -0.026070 0.025214
v 0.009419 -0.027469 0.024568
v 0.009419 -0.027469 0.024568
v 0.016728 -0.026070 0.025214
v 0.016757 -0.025788 0.024270
v 0.009419 -0.027469 0.024568
v 0.016757 -0.025788 0.024270
v 0.009449 -0.027187 0.023624
v 0.009449 -0.027187 0.023624
v 0.016757 -0.025788 0.024270
v 0.016752 -0.025350 0.023386
v 0.009449 -0.027187 0.023624
v 0.016752 -0.025350 0.023386
v 0.009443 -0.026749 0.022741
v 0.009443 -0.026749 0.022741
v 0.016752 -0.025350 0.023386
v 0.016711 -0.024768 0.022591
v 0.009443 -0.026749 0.022741
v 0.016711 -0.024768 0.022591
v 0.009402 -0.026167 0.021946
v 0.007494 0.020587 0.018161
v 0.008380 0.020756 0.018240
v 0.008398 0.020652 0.018262
v 0.007494 0.020587 0.018161
v 0.008398 0.020652 0.018262
v 0.007512 0.020482 0.018183
v 0.007512 0.020482 0.018183
v 0.008398 0.020652 0.018262
v 0.008436 0.020423 0.018333
v 0.007512 0.020482 0.018183
v 0.008436 0.020423 0.018333
v 0.007549 0.020254 0.018255
v 0.007549 0.020254 0.018255
v 0.008436 0.020423 0.018333
v 0.008469 0.020205 0.018438
v 0.007549 0.020254 0.018255
v 0.008469 0.020205 0.018438
v 0.007582 0.020035 0.018360
v 0.007582 0.020035 0.018360
v 0.008469 0.020205 0.018438
v 0.008492 0.020019 0.018570
v 0.007582 0.020035 0.018360
v 0.008492 0.020019 0.018570
v 0.007606 0.019849 0.018492
v 0.007606 0.019849 0.018492
v 0.008492 0.020019 0.018570
v 0.008510 0.019852 0.018731
v 0.007606 0.019849 0.018492
v 0.008510 0.019852 0.018731
v 0.007624 0.019683 0.018654
v 0.007624 0.019683 0.018654
v 0.008510 0.019852 0.018731
v 0.008520 0.019718 0.018911
v 0.007624 0.019683 0.018654
v 0.008520 0.019718 0.018911
v 0.007634 0.019547 0.018833
v 0.007634 0.019547 0.018833
v 0.008520 0.019718 0.018911
v 0.008522 0.019613 0.019111
v 0.007634 0.019547 0.018833
v 0.008522 0.019613 0.019111
v 0.007636 0.019443 0.019032
v 0.007636 0.019443 0.019032
v 0.008522 0.019613 0.019111
v 0.008517 0.019547 0.019307
v 0.007636 0.019443 0.019032
v 0.008517 0.019547 0.019307
v 0.007631 0.019378 0.019230
v 0.007631 0.019378 0.019230
v 0.008517 0.019547 0.019307
v 0.008504 0.019506 0.019550
v 0.007631 0.019378 0.019230
v 0.008504 0.019506 0.019550
v 0.007617 0.019337 0.019471
v 0.007617 0.019337 0.019471
v 0.008504 0.019506 0.019550
v 0.008482 0.019502 0.019807
v 0.007617 0.019337 0.019471
v 0.008482 0.019502 0.019807
v 0.007596 0.019333 0.019730
v 0.007596 0.019333 0.019730
v 0.008482 0.019502 0.019807
v 0.008448 0.019544 0.020108
v 0.007596 0.019333 0.019730
v 0.008448 0.019544 0.020108
v 0.007561 0.019375 0.020030
v 0.007561 0.019375 0.020030
v 0.008448 0.019544 0.020108
v 0.008414 0.019613 0.020331
v 0.007561 0.019375 0.020030
v 0.008414 0.019613 0.020331
v 0.007528 0.019443 0.020254
v 0.007528 0.019443 0.020254
v 0.008414 0.019613 0.020331
v 0.008375 0.019718 0.020543
v 0.007528 0.019443 0.020254
v 0.008375 0.019718 0.020543
v 0.007490 0.019548 0.020465
v 0.007490 0.019548 0.020465
v 0.008375 0.019718 0.020543
v 0.008335 0.019849 0.020723
v 0.007490 0.019548 0.020465
v 0.008335 0.019849 0.020723
v 0.007449 0.019679 0.020645
v 0.007449 0.019679 0.020645
v 0.008335 0.019849 0.020723
v 0.008295 0.019987 0.020866
v 0.007449 0.019679 0.020645
v 0.008295 0.019987 0.020866
v 0.007410 0.019817 0.020786
v 0.007410 0.019817 0.020786
v 0.008295 0.019987 0.020866
v 0.008249 0.020167 0.021004
v 0.007410 0.019817 0.020786
v 0.008249 0.020167 0.021004
v 0.007363 0.019997 0.020927
v 0.007363 0.019997 0.020927
v 0.008249 0.020167 0.021004
v 0.008207 0.020341 0.021099
v 0.007363 0.019997 0.020927
v 0.008207 0.020341 0.021099
v 0.007321 0.020171 0.021022
v 0.007321 0.020171 0.021022
v 0.008207 0.020341 0.021099
v 0.008166 0.020523 0.021167
v 0.007321 0.020171 0.021022
v 0.008166 0.020523 0.021167
v 0.007281 0.020354 0.021087
v 0.007281 0.020354 0.021087
v 0.008166 0.020523 0.021167
v 0.008121 0.020737 0.021206
v 0.007281 0.020354 0.021087
v 0.008121 0.020737 0.021206
v 0.007236 0.020568 0.021128
v 0.007236 0.020568 0.021128
v 0.008121 0.020737 0.021206
v 0.008074 0.020986 0.021209
v 0.007236 0.020568 0.021128
v 0.008074 0.020986 0.021209
v 0.007188 0.020817 0.021131
v 0.007188 0.020817 0.021131
v 0.008074 0.020986 0.021209
v 0.008045 0.021146 0.021189
v 0.007188 0.020817 0.021131
v 0.008045 0.021146 0.021189
v 0.007160 0.020977 0.021111
v 0.007160 0.020977 0.021111
v 0.008045 0.021146 0.021189
v 0.008016 0.021316 0.021141
v 0.007160 0.020977 0.021111
v 0.008016 0.021316 0.021141
v 0.007131 0.021147 0.021062
v 0.007131 0.021147 0.021062
v 0.008016 0.021316 0.021141
v 0.007995 0.021461 0.021075
v 0.007131 0.021147 0.021062
v 0.007995 0.021461 0.021075
v 0.007109 0.021291 0.020997
v 0.007109 0.021291 0.020997
v 0.007995 0.021461 0.021075
v 0.007978 0.021589 0.020992
v 0.007109 0.021291 0.020997
v 0.007978 0.021589 0.020992
v 0.007092 0.021420 0.020913
v 0.007092 0.021420 0.020913
v 0.007978 0.021589 0.020992
v 0.007965 0.021707 0.020886
v 0.007092 0.021420 0.020913
v 0.007965 0.021707 0.020886
v 0.007078 0.021538 0.020807
v 0.007078 0.021538 0.020807
v 0.007965 0.021707 0.020886
v 0.007955 0.021811 0.020763
v 0.007078 0.021538 0.020807
v 0.007955 0.021811 0.020763
v 0.007070 0.021641 0.020686
v 0.007070 0.021641 0.020686
v 0.007955 0.021811 0.020763
v 0.007952 0.021885 0.020637
v 0.007070 0.021641 0.020686
v 0.007952 0.021885 0.020637
v 0.007066 0.021716 0.020560
v 0.007066 0.021716 0.020560
v 0.007952 0.021885 0.020637
v 0.007953 0.021949 0.020483
v 0.007066 0.021716 0.020560
v 0.007953 0.021949 0.020483
v 0.007067 0.021779 0.020405
v 0.007067 0.021779 0.020405
v 0.007953 0.021949 0.020483
v 0.007961 0.021991 0.020305
v 0.007067 0.021779 0.020405
v 0.007961 0.021991 0.020305
v 0.007076 0.021821 0.020226
v 0.007076 0.021821 0.020226
v 0.007961 0.021991 0.020305
v 0.007923 0.022111 0.020477
v 0.007076 0.021821 0.020226
v 0.007923 0.022111 0.020477
v 0.007037 0.021941 0.020399
v 0.007037 0.021941 0.020399
v 0.007923 0.022111 0.020477
v 0.007877 0.022273 0.020651
v 0.007037 0.021941 0.020399
v 0.007877 0.022273 0.020651
v 0.006991 0.022104 0.020572
v 0.006991 0.022104 0.020572
v 0.007877 0.022273 0.020651
v 0.007845 0.022396 0.020745
v 0.006991 0.022104 0.020572
v 0.007845 0.022396 0.020745
v 0.006959 0.022227 0.020667
v 0.006959 0.022227 0.020667
v 0.007845 0.022396 0.020745
v 0.007813 0.022529 0.020817
v 0.006959 0.022227 0.020667
v 0.007813 0.022529 0.020817
v 0.006927 0.022359 0.020739
v 0.006927 0.022359 0.020739
v 0.007813 0.022529 0.020817
v 0.007783 0.022664 0.020864
v 0.006927 0.022359 0.020739
v 0.007783 0.022664 0.020864
v 0.006897 0.022494 0.020786
v 0.006897 0.022494 0.020786
v 0.007783 0.022664 0.020864
v 0.007755 0.022803 0.020890
v 0.006897 0.022494 0.020786
v 0.007755 0.022803 0.020890
v 0.006868 0.022634 0.020812
v 0.006868 0.022634 0.020812
v 0.007755 0.022803 0.020890
v 0.007722 0.022970 0.020891
v 0.006868 0.022634 0.020812
v 0.007722 0.022970 0.020891
v 0.006836 0.022800 0.020813
v 0.006836 0.022800 0.020813
v 0.007722 0.022970 0.020891
v 0.007699 0.023101 0.020874
v 0.006836 0.022800 0.020813
v 0.007699 0.023101 0.020874
v 0.006812 0.022931 0.020796
v 0.006812 0.022931 0.020796
v 0.007699 0.023101 0.020874
v 0.007672 0.023258 0.020830
v 0.006812 0.022931 0.020796
v 0.007672 0.023258 0.020830
v 0.006786 0.023089 0.020751
v 0.006786 0.023089 0.020751
v 0.007672 0.023258 0.020830
v 0.007650 0.023403 0.020762
v 0.006786 0.023089 0.020751
v 0.007650 0.023403 0.020762
v 0.006765 0.023234 0.020684
v 0.006765 0.023234 0.020684
v 0.007650 0.023403 0.020762
v 0.007631 0.023549 0.020666
v 0.006765 0.023234 0.020684
v 0.007631 0.023549 0.020666
v 0.006745 0.023379 0.020587
v 0.006745 0.023379 0.020587
v 0.007631 0.023549 0.020666
v 0.007615 0.023700 0.020526
v 0.006745 0.023379 0.020587
v 0.007615 0.023700 0.020526
v 0.006728 0.023530 0.020448
v 0.006728 0.023530 0.020448
v 0.007615 0.023700 0.020526
v 0.007611 0.023744 0.020476
v 0.006728 0.023530 0.020448
v 0.007611 0.023744 0.020476
v 0.006725 0.023575 0.020397
v 0.006725 0.023575 0.020397
v 0.007611 0.023744 0.020476
v 0.007603 0.023860 0.020317
v 0.006725 0.023575 0.020397
v 0.007603 0.023860 0.020317
v 0.006716 0.023691 0.020240
v 0.006716 0.023691 0.020240
v 0.007603 0.023860 0.020317
v 0.007601 0.023947 0.020150
v 0.006716 0.023691 0.020240
v 0.007601 0.023947 0.020150
v 0.006715 0.023778 0.020072
v 0.006715 0.023778 0.020072
v 0.007601 0.023947 0.020150
v 0.007605 0.024009 0.019965
v 0.006715 0.023778 0.020072
v 0.007605 0.024009 0.019965
v 0.006719 0.023839 0.019887
v 0.006719 0.023839 0.019887
v 0.007605 0.024009 0.019965
v 0.007617 0.024046 0.019749
v 0.006719 0.023839 0.019887
v 0.007617 0.024046 0.019749
v 0.006731 0.023876 0.019671
v 0.006731 0.023876 0.019671
v 0.007617 0.024046 0.019749
v 0.007639 0.024050 0.019493
v 0.006731 0.023876 0.019671
v 0.007639 0.024050 0.019493
v 0.006753 0.023880 0.019414
v 0.006753 0.023880 0.019414
v 0.007639 0.024050 0.019493
v 0.007649 0.024042 0.019395
v 0.006753 0.023880 0.019414
v 0.007649 0.024042 0.019395
v 0.006763 0.023872 0.019317
v 0.006763 0.023872 0.019317
v 0.007649 0.024042 0.019395
v 0.007677 0.024001 0.019164
v 0.006763 0.023872 0.019317
v 0.007677 0.024001 0.019164
v 0.006791 0.023831 0.019085
v 0.006791 0.023831 0.019085
v 0.007677 0.024001 0.019164
v 0.007710 0.023927 0.018950
v 0.006791 0.023831 0.019085
v 0.007710 0.023927 0.018950
v 0.006824 0.023757 0.018872
v 0.006824 0.023757 0.018872
v 0.007710 0.023927 0.018950
v 0.007743 0.023834 0.018777
v 0.006824 0.023757 0.018872
v 0.007743 0.023834 0.018777
v 0.006857 0.023665 0.018699
v 0.006857 0.023665 0.018699
v 0.007743 0.023834 0.018777
v 0.007777 0.023727 0.018632
v 0.006857 0.023665 0.018699
v 0.007777 0.023727 0.018632
v 0.006891 0.023557 0.018554
v 0.006891 0.023557 0.018554
v 0.007777 0.023727 0.018632
v 0.007811 0.023602 0.018509
v 0.006891 0.023557 0.018554
v 0.007811 0.023602 0.018509
v 0.006926 0.023432 0.018431
v 0.006926 0.023432 0.018431
v 0.007811 0.023602 0.018509
v 0.007844 0.023471 0.018418
v 0.006926 0.023432 0.018431
v 0.007844 0.023471 0.018418
v 0.006959 0.023302 0.018340
v 0.006959 0.023302 0.018340
v 0.007844 0.023471 0.018418
v 0.007883 0.023307 0.018338
v 0.006959 0.023302 0.018340
v 0.007883 0.023307 0.018338
v 0.006997 0.023138 0.018260
v 0.006997 0.023138 0.018260
v 0.007883 0.023307 0.018338
v 0.007941 0.023038 0.018256
v 0.006997 0.023138 0.018260
v 0.007941 0.023038 0.018256
v 0.007056 0.022869 0.018178
v 0.007056 0.022869 0.018178
v 0.007941 0.023038 0.018256
v 0.007995 0.022783 0.018212
v 0.007056 0.022869 0.018178
v 0.007995 0.022783 0.018212
v 0.007109 0.022613 0.018134
v 0.007047 0.022530 0.019018
v 0.007109 0.022613 0.018134
v 0.007932 0.022700 0.019096
v 0.007932 0.022700 0.019096
v 0.007109 0.022613 0.018134
v 0.007995 0.022783 0.018212
v 0.007047 0.022530 0.019018
v 0.007932 0.022700 0.019096
v 0.007897 0.022879 0.019116
v 0.007047 0.022530 0.019018
v 0.007897 0.022879 0.019116
v 0.007010 0.022710 0.019038
v 0.007010 0.022710 0.019038
v 0.007897 0.022879 0.019116
v 0.007872 0.022991 0.019148
v 0.007010 0.022710 0.019038
v 0.007872 0.022991 0.019148
v 0.006986 0.022821 0.019069
v 0.006986 0.022821 0.019069
v 0.007872 0.022991 0.019148
v 0.007853 0.023072 0.019187
v 0.006986 0.022821 0.019069
v 0.007853 0.023072 0.019187
v 0.006967 0.022903 0.019109
v 0.006967 0.022903 0.019109
v 0.007853 0.023072 0.019187
v 0.007834 0.023146 0.019239
v 0.006967 0.022903 0.019109
v 0.007834 0.023146 0.019239
v 0.006948 0.022976 0.019161
v 0.006948 0.022976 0.019161
v 0.007834 0.023146 0.019239
v 0.007820 0.023197 0.019289
v 0.006948 0.022976 0.019161
v 0.007820 0.023197 0.019289
v 0.006935 0.023027 0.019210
v 0.006935 0.023027 0.019210
v 0.007820 0.023197 0.019289
v 0.007806 0.023241 0.019348
v 0.006935 0.023027 0.019210
v 0.007806 0.023241 0.019348
v 0.006921 0.023071 0.019270
v 0.006921 0.023071 0.019270
v 0.007806 0.023241 0.019348
v 0.007795 0.023273 0.019414
v 0.006921 0.023071 0.019270
v 0.007795 0.023273 0.019414
v 0.006908 0.023104 0.019336
v 0.006908 0.023104 0.019336
v 0.007795 0.023273 0.019414
v 0.007786 0.023290 0.019468
v 0.006908 0.023104 0.019336
v 0.007786 0.023290 0.019468
v 0.006901 0.023121 0.019390
v 0.006901 0.023121 0.019390
v 0.007786 0.023290 0.019468
v 0.007776 0.023302 0.019554
v 0.006901 0.023121 0.019390
v 0.007776 0.023302 0.019554
v 0.006891 0.023133 0.019476
v 0.006891 0.023133 0.019476
v 0.007776 0.023302 0.019554
v 0.007769 0.023300 0.019645
v 0.006891 0.023133 0.019476
v 0.007769 0.023300 0.019645
v 0.006883 0.023130 0.019566
v 0.006883 0.023130 0.019566
v 0.007769 0.023300 0.019645
v 0.007766 0.023289 0.019705
v 0.006883 0.023130 0.019566
v 0.007766 0.023289 0.019705
v 0.006880 0.023119 0.019627
v 0.006880 0.023119 0.019627
v 0.007766 0.023289 0.019705
v 0.007764 0.023267 0.019766
v 0.006880 0.023119 0.019627
v 0.007764 0.023267 0.019766
v 0.006879 0.023096 0.019688
v 0.006879 0.023096 0.019688
v 0.007764 0.023267 0.019766
v 0.007766 0.023237 0.019819
v 0.006879 0.023096 0.019688
v 0.007766 0.023237 0.019819
v 0.006880 0.023067 0.019741
v 0.006880 0.023067 0.019741
v 0.007766 0.023237 0.019819
v 0.007769 0.023193 0.019875
v 0.006880 0.023067 0.019741
v 0.007769 0.023193 0.019875
v 0.006884 0.023023 0.019797
v 0.006884 0.023023 0.019797
v 0.007769 0.023193 0.019875
v 0.007775 0.023140 0.019922
v 0.006884 0.023023 0.019797
v 0.007775 0.023140 0.019922
v 0.006889 0.022970 0.019844
v 0.006889 0.022970 0.019844
v 0.007775 0.023140 0.019922
v 0.007783 0.023084 0.019958
v 0.006889 0.022970 0.019844
v 0.007783 0.023084 0.019958
v 0.006897 0.022914 0.019880
v 0.006897 0.022914 0.019880
v 0.007783 0.023084 0.019958
v 0.007793 0.023017 0.019988
v 0.006897 0.022914 0.019880
v 0.007793 0.023017 0.019988
v 0.006907 0.022847 0.019911
v 0.006907 0.022847 0.019911
v 0.007793 0.023017 0.019988
v 0.007806 0.022938 0.020009
v 0.006907 0.022847 0.019911
v 0.007806 0.022938 0.020009
v 0.006920 0.022768 0.019931
v 0.006920 0.022768 0.019931
v 0.007806 0.022938 0.020009
v 0.007822 0.022847 0.020022
v 0.006920 0.022768 0.019931
v 0.007822 0.022847 0.020022
v 0.006936 0.022678 0.019944
v 0.006936 0.022678 0.019944
v 0.007822 0.022847 0.020022
v 0.007845 0.022730 0.020021
v 0.006936 0.022678 0.019944
v 0.007845 0.022730 0.020021
v 0.006959 0.022561 0.019943
v 0.006959 0.022561 0.019943
v 0.007845 0.022730 0.020021
v 0.007861 0.022650 0.020009
v 0.006959 0.022561 0.019943
v 0.007861 0.022650 0.020009
v 0.006975 0.022480 0.019931
v 0.006975 0.022480 0.019931
v 0.007861 0.022650 0.020009
v 0.007878 0.022576 0.019985
v 0.006975 0.022480 0.019931
v 0.007878 0.022576 0.019985
v 0.006992 0.022406 0.019907
v 0.006992 0.022406 0.019907
v 0.007878 0.022576 0.019985
v 0.007895 0.022502 0.019949
v 0.006992 0.022406 0.019907
v 0.007895 0.022502 0.019949
v 0.007009 0.022333 0.019870
v 0.007009 0.022333 0.019870
v 0.007895 0.022502 0.019949
v 0.007910 0.022441 0.019905
v 0.007009 0.022333 0.019870
v 0.007910 0.022441 0.019905
v 0.007024 0.022272 0.019827
v 0.007024 0.022272 0.019827
v 0.007910 0.022441 0.019905
v 0.007921 0.022405 0.019871
v 0.007024 0.022272 0.019827
v 0.007921 0.022405 0.019871
v 0.007034 0.022235 0.019793
v 0.007034 0.022235 0.019793
v 0.007921 0.022405 0.019871
v 0.007935 0.022357 0.019813
v 0.007034 0.022235 0.019793
v 0.007935 0.022357 0.019813
v 0.007049 0.022188 0.019734
v 0.007049 0.022188 0.019734
v 0.007935 0.022357 0.019813
v 0.007946 0.022322 0.019751
v 0.007049 0.022188 0.019734
v 0.007946 0.022322 0.019751
v 0.007061 0.022153 0.019674
v 0.007061 0.022153 0.019674
v 0.007946 0.022322 0.019751
v 0.007962 0.022287 0.019659
v 0.007061 0.022153 0.019674
v 0.007962 0.022287 0.019659
v 0.007076 0.022117 0.019581
v 0.007076 0.022117 0.019581
v 0.007962 0.022287 0.019659
v 0.007976 0.022265 0.019553
v 0.007076 0.022117 0.019581
v 0.007976 0.022265 0.019553
v 0.007090 0.022095 0.019475
v 0.007090 0.022095 0.019475
v 0.007976 0.022265 0.019553
v 0.007986 0.022256 0.019445
v 0.007090 0.022095 0.019475
v 0.007986 0.022256 0.019445
v 0.007101 0.022087 0.019365
v 0.007237 0.021386 0.019334
v 0.007101 0.022087 0.019365
v 0.008124 0.021555 0.019412
v 0.008124 0.021555 0.019412
v 0.007101 0.022087 0.019365
v 0.007986 0.022256 0.019445
v 0.007237 0.021386 0.019334
v 0.008124 0.021555 0.019412
v 0.008098 0.021609 0.019580
v 0.007237 0.021386 0.019334
v 0.008098 0.021609 0.019580
v 0.007213 0.021439 0.019502
v 0.007213 0.021439 0.019502
v 0.008098 0.021609 0.019580
v 0.008077 0.021638 0.019755
v 0.007213 0.021439 0.019502
v 0.008077 0.021638 0.019755
v 0.007192 0.021468 0.019676
v 0.007192 0.021468 0.019676
v 0.008077 0.021638 0.019755
v 0.008069 0.021631 0.019862
v 0.007192 0.021468 0.019676
v 0.008069 0.021631 0.019862
v 0.007183 0.021461 0.019783
v 0.007183 0.021461 0.019783
v 0.008069 0.021631 0.019862
v 0.008067 0.021616 0.019929
v 0.007183 0.021461 0.019783
v 0.008067 0.021616 0.019929
v 0.007181 0.021447 0.019851
v 0.007181 0.021447 0.019851
v 0.008067 0.021616 0.019929
v 0.008065 0.021591 0.019989
v 0.007181 0.021447 0.019851
v 0.008065 0.021591 0.019989
v 0.007180 0.021421 0.019911
v 0.007180 0.021421 0.019911
v 0.008065 0.021591 0.019989
v 0.008068 0.021552 0.020054
v 0.007180 0.021421 0.019911
v 0.008068 0.021552 0.020054
v 0.007181 0.021382 0.019977
v 0.007181 0.021382 0.019977
v 0.008068 0.021552 0.020054
v 0.008073 0.021486 0.020132
v 0.007181 0.021382 0.019977
v 0.008073 0.021486 0.020132
v 0.007188 0.021317 0.020053
v 0.007188 0.021317 0.020053
v 0.008073 0.021486 0.020132
v 0.008080 0.021423 0.020188
v 0.007188 0.021317 0.020053
v 0.008080 0.021423 0.020188
v 0.007195 0.021253 0.020109
v 0.007195 0.021253 0.020109
v 0.008080 0.021423 0.020188
v 0.008091 0.021344 0.020239
v 0.007195 0.021253 0.020109
v 0.008091 0.021344 0.020239
v 0.007206 0.021174 0.020160
v 0.007206 0.021174 0.020160
v 0.008091 0.021344 0.020239
v 0.008105 0.021248 0.020281
v 0.007206 0.021174 0.020160
v 0.008105 0.021248 0.020281
v 0.007220 0.021079 0.020203
v 0.007220 0.021079 0.020203
v 0.008105 0.021248 0.020281
v 0.008125 0.021131 0.020312
v 0.007220 0.021079 0.020203
v 0.008125 0.021131 0.020312
v 0.007239 0.020961 0.020234
v 0.007239 0.020961 0.020234
v 0.008125 0.021131 0.020312
v 0.008150 0.020996 0.020330
v 0.007239 0.020961 0.020234
v 0.008150 0.020996 0.020330
v 0.007264 0.020826 0.020252
v 0.007264 0.020826 0.020252
v 0.008150 0.020996 0.020330
v 0.008179 0.020841 0.020331
v 0.007264 0.020826 0.020252
v 0.008179 0.020841 0.020331
v 0.007293 0.020672 0.020252
v 0.007293 0.020672 0.020252
v 0.008179 0.020841 0.020331
v 0.008207 0.020707 0.020310
v 0.007293 0.020672 0.020252
v 0.008207 0.020707 0.020310
v 0.007321 0.020538 0.020231
v 0.007321 0.020538 0.020231
v 0.008207 0.020707 0.020310
v 0.008228 0.020614 0.020278
v 0.007321 0.020538 0.020231
v 0.008228 0.020614 0.020278
v 0.007342 0.020443 0.020201
v 0.007342 0.020443 0.020201
v 0.008228 0.020614 0.020278
v 0.008247 0.020528 0.020234
v 0.007342 0.020443 0.020201
v 0.008247 0.020528 0.020234
v 0.007362 0.020359 0.020156
v 0.007362 0.020359 0.020156
v 0.008247 0.020528 0.020234
v 0.008267 0.020453 0.020181
v 0.007362 0.020359 0.020156
v 0.008267 0.020453 0.020181
v 0.007381 0.020284 0.020102
v 0.007381 0.020284 0.020102
v 0.008267 0.020453 0.020181
v 0.008288 0.020377 0.020104
v 0.007381 0.020284 0.020102
v 0.008288 0.020377 0.020104
v 0.007402 0.020208 0.020026
v 0.007402 0.020208 0.020026
v 0.008288 0.020377 0.020104
v 0.008303 0.020330 0.020037
v 0.007402 0.020208 0.020026
v 0.008303 0.020330 0.020037
v 0.007417 0.020161 0.019958
v 0.007417 0.020161 0.019958
v 0.008303 0.020330 0.020037
v 0.008317 0.020291 0.019958
v 0.007417 0.020161 0.019958
v 0.008317 0.020291 0.019958
v 0.007431 0.020121 0.019880
v 0.007431 0.020121 0.019880
v 0.008317 0.020291 0.019958
v 0.008329 0.020266 0.019878
v 0.007431 0.020121 0.019880
v 0.008329 0.020266 0.019878
v 0.007444 0.020096 0.019800
v 0.007444 0.020096 0.019800
v 0.008329 0.020266 0.019878
v 0.008342 0.020252 0.019771
v 0.007444 0.020096 0.019800
v 0.008342 0.020252 0.019771
v 0.007456 0.020082 0.019693
v 0.007456 0.020082 0.019693
v 0.008342 0.020252 0.019771
v 0.008346 0.020252 0.019716
v 0.007456 0.020082 0.019693
v 0.008346 0.020252 0.019716
v 0.007461 0.020082 0.019638
v 0.007461 0.020082 0.019638
v 0.008346 0.020252 0.019716
v 0.008352 0.020259 0.019637
v 0.007461 0.020082 0.019638
v 0.008352 0.020259 0.019637
v 0.007465 0.020089 0.019559
v 0.007465 0.020089 0.019559
v 0.008352 0.020259 0.019637
v 0.008354 0.020278 0.019565
v 0.007465 0.020089 0.019559
v 0.008354 0.020278 0.019565
v 0.007469 0.020108 0.019487
v 0.007469 0.020108 0.019487
v 0.008354 0.020278 0.019565
v 0.008355 0.020315 0.019479
v 0.007469 0.020108 0.019487
v 0.008355 0.020315 0.019479
v 0.007469 0.020145 0.019400
v 0.007469 0.020145 0.019400
v 0.008355 0.020315 0.019479
v 0.008353 0.020362 0.019404
v 0.007469 0.020145 0.019400
v 0.008353 0.020362 0.019404
v 0.007467 0.020193 0.019326
v 0.007467 0.020193 0.019326
v 0.008353 0.020362 0.019404
v 0.008347 0.020432 0.019326
v 0.007467 0.020193 0.019326
v 0.008347 0.020432 0.019326
v 0.007461 0.020263 0.019247
v 0.007461 0.020263 0.019247
v 0.008347 0.020432 0.019326
v 0.008336 0.020513 0.019260
v 0.007461 0.020263 0.019247
v 0.008336 0.020513 0.019260
v 0.007451 0.020343 0.019181
v 0.007451 0.020343 0.019181
v 0.008336 0.020513 0.019260
v 0.008323 0.020611 0.019202
v 0.007451 0.020343 0.019181
v 0.008323 0.020611 0.019202
v 0.007437 0.020442 0.019124
v 0.007437 0.020442 0.019124
v 0.008323 0.020611 0.019202
v 0.008300 0.020755 0.019145
v 0.007437 0.020442 0.019124
v 0.008300 0.020755 0.019145
v 0.007414 0.020586 0.019067
v 0.007414 0.020586 0.019067
v 0.008300 0.020755 0.019145
v 0.008274 0.020910 0.019107
v 0.007414 0.020586 0.019067
v 0.008274 0.020910 0.019107
v 0.007388 0.020740 0.019029
v 0.007494 0.020587 0.018161
v 0.007388 0.020740 0.019029
v 0.008380 0.020756 0.018240
v 0.008380 0.020756 0.018240
v 0.007388 0.020740 0.019029
v 0.008274 0.020910 0.019107
v 0.007076 0.021821 0.020226
v 0.007237 0.021386 0.019334
v 0.007213 0.021439 0.019502
v 0.007213 0.021439 0.019502
v 0.007192 0.021468 0.019676
v 0.007076 0.021821 0.020226
v 0.007076 0.021821 0.020226
v 0.007192 0.021468 0.019676
v 0.007183 0.021461 0.019783
v 0.007076 0.021821 0.020226
v 0.007183 0.021461 0.019783
v 0.007181 0.021447 0.019851
v 0.007596 0.019333 0.019730
v 0.007561 0.019375 0.020030
v 0.007444 0.020096 0.019800
v 0.007109 0.022613 0.018134
v 0.007047 0.022530 0.019018
v 0.007056 0.022869 0.018178
v 0.007056 0.022869 0.018178
v 0.007047 0.022530 0.019018
v 0.007010 0.022710 0.019038
v 0.007056 0.022869 0.018178
v 0.007010 0.022710 0.019038
v 0.006997 0.023138 0.018260
v 0.006997 0.023138 0.018260
v 0.007010 0.022710 0.019038
v 0.006986 0.022821 0.019069
v 0.006997 0.023138 0.018260
v 0.006986 0.022821 0.019069
v 0.006959 0.023302 0.018340
v 0.006959 0.023302 0.018340
v 0.006986 0.022821 0.019069
v 0.006967 0.022903 0.019109
v 0.006959 0.023302 0.018340
v 0.006967 0.022903 0.019109
v 0.006926 0.023432 0.018431
v 0.006926 0.023432 0.018431
v 0.006967 0.022903 0.019109
v 0.006948 0.022976 0.019161
v 0.007101 0.022087 0.019365
v 0.007237 0.021386 0.019334
v 0.007090 0.022095 0.019475
v 0.007090 0.022095 0.019475
v 0.007237 0.021386 0.019334
v 0.007076 0.022117 0.019581
v 0.007076 0.022117 0.019581
v 0.007237 0.021386 0.019334
v 0.007061 0.022153 0.019674
v 0.007061 0.022153 0.019674
v 0.007237 0.021386 0.019334
v 0.007076 0.021821 0.020226
v 0.007061 0.022153 0.019674
v 0.007076 0.021821 0.020226
v 0.007049 0.022188 0.019734
v 0.006897 0.022914 0.019880
v 0.006745 0.023379 0.020587
v 0.006889 0.022970 0.019844
v 0.006889 0.022970 0.019844
v 0.006745 0.023379 0.020587
v 0.006728 0.023530 0.020448
v 0.006889 0.022970 0.019844
v 0.006728 0.023530 0.020448
v 0.006884 0.023023 0.019797
v 0.006884 0.023023 0.019797
v 0.006728 0.023530 0.020448
v 0.006725 0.023575 0.020397
v 0.006884 0.023023 0.019797
v 0.006725 0.023575 0.020397
v 0.006880 0.023067 0.019741
v 0.006880 0.023067 0.019741
v 0.006725 0.023575 0.020397
v 0.006716 0.023691 0.020240
v 0.006880 0.023067 0.019741
v 0.006716 0.023691 0.020240
v 0.006879 0.023096 0.019688
v 0.006879 0.023096 0.019688
v 0.006716 0.023691 0.020240
v 0.006715 0.023778 0.020072
v 0.006879 0.023096 0.019688
v 0.006715 0.023778 0.020072
v 0.006880 0.023119 0.019627
v 0.006880 0.023119 0.019627
v 0.006715 0.023778 0.020072
v 0.006719 0.023839 0.019887
v 0.006880 0.023119 0.019627
v 0.006719 0.023839 0.019887
v 0.006883 0.023130 0.019566
v 0.006883 0.023130 0.019566
v 0.006719 0.023839 0.019887
v 0.006731 0.023876 0.019671
v 0.006883 0.023130 0.019566
v 0.006731 0.023876 0.019671
v 0.006891 0.023133 0.019476
v 0.006891 0.023133 0.019476
v 0.006731 0.023876 0.019671
v 0.006753 0.023880 0.019414
v 0.006891 0.023133 0.019476
v 0.006753 0.023880 0.019414
v 0.006901 0.023121 0.019390
v 0.006901 0.023121 0.019390
v 0.006753 0.023880 0.019414
v 0.006763 0.023872 0.019317
v 0.006901 0.023121 0.019390
v 0.006763 0.023872 0.019317
v 0.006908 0.023104 0.019336
v 0.006908 0.023104 0.019336
v 0.006763 0.023872 0.019317
v 0.006791 0.023831 0.019085
v 0.006908 0.023104 0.019336
v 0.006791 0.023831 0.019085
v 0.006921 0.023071 0.019270
v 0.006921 0.023071 0.019270
v 0.006791 0.023831 0.019085
v 0.006824 0.023757 0.018872
v 0.006921 0.023071 0.019270
v 0.006824 0.023757 0.018872
v 0.006935 0.023027 0.019210
v 0.006935 0.023027 0.019210
v 0.006824 0.023757 0.018872
v 0.006857 0.023665 0.018699
v 0.006935 0.023027 0.019210
v 0.006857 0.023665 0.018699
v 0.006948 0.022976 0.019161
v 0.006948 0.022976 0.019161
v 0.006857 0.023665 0.018699
v 0.006891 0.023557 0.018554
v 0.006948 0.022976 0.019161
v 0.006891 0.023557 0.018554
v 0.006926 0.023432 0.018431
v 0.007037 0.021941 0.020399
v 0.006991 0.022104 0.020572
v 0.006992 0.022406 0.019907
v 0.006992 0.022406 0.019907
v 0.006991 0.022104 0.020572
v 0.006959 0.022227 0.020667
v 0.006992 0.022406 0.019907
v 0.006959 0.022227 0.020667
v 0.006975 0.022480 0.019931
v 0.006975 0.022480 0.019931
v 0.006959 0.022227 0.020667
v 0.006927 0.022359 0.020739
v 0.006975 0.022480 0.019931
v 0.006927 0.022359 0.020739
v 0.006959 0.022561 0.019943
v 0.007181 0.021447 0.019851
v 0.007180 0.021421 0.019911
v 0.007076 0.021821 0.020226
v 0.007076 0.021821 0.020226
v 0.007180 0.021421 0.019911
v 0.007181 0.021382 0.019977
v 0.007076 0.021821 0.020226
v 0.007181 0.021382 0.019977
v 0.007067 0.021779 0.020405
v 0.007067 0.021779 0.020405
v 0.007181 0.021382 0.019977
v 0.007188 0.021317 0.020053
v 0.007444 0.020096 0.019800
v 0.007561 0.019375 0.020030
v 0.007431 0.020121 0.019880
v 0.007431 0.020121 0.019880
v 0.007561 0.019375 0.020030
v 0.007528 0.019443 0.020254
v 0.007431 0.020121 0.019880
v 0.007528 0.019443 0.020254
v 0.007417 0.020161 0.019958
v 0.007417 0.020161 0.019958
v 0.007528 0.019443 0.020254
v 0.007490 0.019548 0.020465
v 0.007417 0.020161 0.019958
v 0.007490 0.019548 0.020465
v 0.007402 0.020208 0.020026
v 0.007402 0.020208 0.020026
v 0.007490 0.019548 0.020465
v 0.007449 0.019679 0.020645
v 0.007402 0.020208 0.020026
v 0.007449 0.019679 0.020645
v 0.007381 0.020284 0.020102
v 0.007381 0.020284 0.020102
v 0.007449 0.019679 0.020645
v 0.007410 0.019817 0.020786
v 0.007381 0.020284 0.020102
v 0.007410 0.019817 0.020786
v 0.007362 0.020359 0.020156
v 0.007362 0.020359 0.020156
v 0.007410 0.019817 0.020786
v 0.007363 0.019997 0.020927
v 0.007362 0.020359 0.020156
v 0.007363 0.019997 0.020927
v 0.007342 0.020443 0.020201
v 0.007342 0.020443 0.020201
v 0.007363 0.019997 0.020927
v 0.007321 0.020171 0.021022
v 0.007342 0.020443 0.020201
v 0.007321 0.020171 0.021022
v 0.007321 0.020538 0.020231
v 0.007321 0.020538 0.020231
v 0.007321 0.020171 0.021022
v 0.007281 0.020354 0.021087
v 0.007321 0.020538 0.020231
v 0.007281 0.020354 0.021087
v 0.007293 0.020672 0.020252
v 0.007293 0.020672 0.020252
v 0.007281 0.020354 0.021087
v 0.007236 0.020568 0.021128
v 0.007293 0.020672 0.020252
v 0.007236 0.020568 0.021128
v 0.007264 0.020826 0.020252
v 0.007220 0.021079 0.020203
v 0.007092 0.021420 0.020913
v 0.007206 0.021174 0.020160
v 0.007206 0.021174 0.020160
v 0.007092 0.021420 0.020913
v 0.007078 0.021538 0.020807
v 0.007206 0.021174 0.020160
v 0.007078 0.021538 0.020807
v 0.007195 0.021253 0.020109
v 0.007195 0.021253 0.020109
v 0.007078 0.021538 0.020807
v 0.007070 0.021641 0.020686
v 0.007195 0.021253 0.020109
v 0.007070 0.021641 0.020686
v 0.007188 0.021317 0.020053
v 0.007188 0.021317 0.020053
v 0.007070 0.021641 0.020686
v 0.007066 0.021716 0.020560
v 0.007188 0.021317 0.020053
v 0.007066 0.021716 0.020560
v 0.007067 0.021779 0.020405
v 0.006992 0.022406 0.019907
v 0.007009 0.022333 0.019870
v 0.007037 0.021941 0.020399
v 0.007037 0.021941 0.020399
v 0.007009 0.022333 0.019870
v 0.007024 0.022272 0.019827
v 0.007037 0.021941 0.020399
v 0.007024 0.022272 0.019827
v 0.007076 0.021821 0.020226
v 0.007076 0.021821 0.020226
v 0.007024 0.022272 0.019827
v 0.007034 0.022235 0.019793
v 0.007076 0.021821 0.020226
v 0.007034 0.022235 0.019793
v 0.007049 0.022188 0.019734
v 0.007444 0.020096 0.019800
v 0.007456 0.020082 0.019693
v 0.007596 0.019333 0.019730
v 0.007596 0.019333 0.019730
v 0.007456 0.020082 0.019693
v 0.007461 0.020082 0.019638
v 0.007596 0.019333 0.019730
v 0.007461 0.020082 0.019638
v 0.007617 0.019337 0.019471
v 0.007617 0.019337 0.019471
v 0.007461 0.020082 0.019638
v 0.007465 0.020089 0.019559
v 0.007617 0.019337 0.019471
v 0.007465 0.020089 0.019559
v 0.007631 0.019378 0.019230
v 0.007631 0.019378 0.019230
v 0.007465 0.020089 0.019559
v 0.007469 0.020108 0.019487
v 0.007631 0.019378 0.019230
v 0.007469 0.020108 0.019487
v 0.007636 0.019443 0.019032
v 0.007636 0.019443 0.019032
v 0.007469 0.020108 0.019487
v 0.007469 0.020145 0.019400
v 0.007636 0.019443 0.019032
v 0.007469 0.020145 0.019400
v 0.007634 0.019547 0.018833
v 0.007634 0.019547 0.018833
v 0.007469 0.020145 0.019400
v 0.007467 0.020193 0.019326
v 0.007634 0.019547 0.018833
v 0.007467 0.020193 0.019326
v 0.007624 0.019683 0.018654
v 0.007624 0.019683 0.018654
v 0.007467 0.020193 0.019326
v 0.007461 0.020263 0.019247
v 0.007624 0.019683 0.018654
v 0.007461 0.020263 0.019247
v 0.007606 0.019849 0.018492
v 0.007606 0.019849 0.018492
v 0.007461 0.020263 0.019247
v 0.007451 0.020343 0.019181
v 0.007606 0.019849 0.018492
v 0.007451 0.020343 0.019181
v 0.007582 0.020035 0.018360
v 0.007582 0.020035 0.018360
v 0.007451 0.020343 0.019181
v 0.007437 0.020442 0.019124
v 0.007582 0.020035 0.018360
v 0.007437 0.020442 0.019124
v 0.007549 0.020254 0.018255
v 0.007549 0.020254 0.018255
v 0.007437 0.020442 0.019124
v 0.007414 0.020586 0.019067
v 0.007549 0.020254 0.018255
v 0.007414 0.020586 0.019067
v 0.007512 0.020482 0.018183
v 0.007512 0.020482 0.018183
v 0.007414 0.020586 0.019067
v 0.007388 0.020740 0.019029
v 0.007512 0.020482 0.018183
v 0.007388 0.020740 0.019029
v 0.007494 0.020587 0.018161
v 0.006927 0.022359 0.020739
v 0.006897 0.022494 0.020786
v 0.006959 0.022561 0.019943
v 0.006959 0.022561 0.019943
v 0.006897 0.022494 0.020786
v 0.006868 0.022634 0.020812
v 0.006959 0.022561 0.019943
v 0.006868 0.022634 0.020812
v 0.006936 0.022678 0.019944
v 0.006936 0.022678 0.019944
v 0.006868 0.022634 0.020812
v 0.006836 0.022800 0.020813
v 0.006936 0.022678 0.019944
v 0.006836 0.022800 0.020813
v 0.006920 0.022768 0.019931
v 0.006920 0.022768 0.019931
v 0.006836 0.022800 0.020813
v 0.006812 0.022931 0.020796
v 0.006920 0.022768 0.019931
v 0.006812 0.022931 0.020796
v 0.006907 0.022847 0.019911
v 0.006907 0.022847 0.019911
v 0.006812 0.022931 0.020796
v 0.006786 0.023089 0.020751
v 0.006907 0.022847 0.019911
v 0.006786 0.023089 0.020751
v 0.006897 0.022914 0.019880
v 0.006897 0.022914 0.019880
v 0.006786 0.023089 0.020751
v 0.006765 0.023234 0.020684
v 0.006897 0.022914 0.019880
v 0.006765 0.023234 0.020684
v 0.006745 0.023379 0.020587
v 0.007236 0.020568 0.021128
v 0.007188 0.020817 0.021131
v 0.007264 0.020826 0.020252
v 0.007264 0.020826 0.020252
v 0.007188 0.020817 0.021131
v 0.007160 0.020977 0.021111
v 0.007264 0.020826 0.020252
v 0.007160 0.020977 0.021111
v 0.007239 0.020961 0.020234
v 0.007239 0.020961 0.020234
v 0.007160 0.020977 0.021111
v 0.007131 0.021147 0.021062
v 0.007239 0.020961 0.020234
v 0.007131 0.021147 0.021062
v 0.007220 0.021079 0.020203
v 0.007220 0.021079 0.020203
v 0.007131 0.021147 0.021062
v 0.007109 0.021291 0.020997
v 0.007220 0.021079 0.020203
v 0.007109 0.021291 0.020997
v 0.007092 0.021420 0.020913
v -0.016623 0.010301 0.035890
v 0.007739 0.014965 0.038042
v -0.015651 0.005087 0.036186
v -0.015651 0.005087 0.036186
v 0.007739 0.014965 0.038042
v 0.008711 0.009750 0.038338
usemtl 강철_-_새틴
f 1 3 2
f 4 6 5
f 7 9 8
f 10 12 11
f 13 15 14
f 16 18 17
f 19 21 20
f 22 24 23
f 25 27 26
f 28 30 29
f 31 33 32
f 34 36 35
f 37 39 38
f 40 42 41
f 43 45 44
f 46 48 47
f 49 51 50
f 52 54 53
f 55 57 56
f 58 60 59
f 61 63 62
f 64 66 65
f 67 69 68
f 70 72 71
f 73 75 74
f 76 78 77
f 79 81 80
f 82 84 83
f 85 87 86
f 88 90 89
f 91 93 92
f 94 96 95
f 97 99 98
f 100 102 101
f 103 105 104
f 106 108 107
f 109 111 110
f 112 114 113
f 115 117 116
f 118 120 119
f 121 123 122
f 124 126 125
f 127 129 128
f 130 132 131
f 133 135 134
f 136 138 137
f 139 141 140
f 142 144 143
f 145 147 146
f 148 150 149
f 151 153 152
f 154 156 155
f 157 159 158
f 160 162 161
f 163 165 164
f 166 168 167
f 169 171 170
f 172 174 173
f 175 177 176
f 178 180 179
f 181 183 182
f 184 186 185
f 187 189 188
f 190 192 191
f 193 195 194
f 196 198 197
f 199 201 200
f 202 204 203
f 205 207 206
f 208 210 209
f 211 213 212
f 214 216 215
f 217 219 218
f 220 222 221
f 223 225 224
f 226 228 227
f 229 231 230
f 232 234 233
f 235 237 236
f 238 240 239
f 241 243 242
f 244 246 245
f 247 249 248
f 250 252 251
f 253 255 254
f 256 258 257
f 259 261 260
f 262 264 263
f 265 267 266
f 268 270 269
f 271 273 272
f 274 276 275
f 277 279 278
f 280 282 281
f 283 285 284
f 286 288 287
f 289 291 290
f 292 294 293
f 295 297 296
f 298 300 299
f 301 303 302
f 304 306 305
f 307 309 308
f 310 312 311
f 313 315 314
f 316 318 317
f 319 321 320
f 322 324 323
f 325 327 326
f 328 330 329
f 331 333 332
f 334 336 335
f 337 339 338
f 340 342 341
f 343 345 344
f 346 348 347
f 349 351 350
f 352 354 353
f 355 357 356
f 358 360 359
f 361 363 362
f 364 366 365
f 367 369 368
f 370 372 371
f 373 375 374
f 376 378 377
f 379 381 380
f 382 384 383
f 385 387 386
f 388 390 389
f 391 393 392
f 394 396 395
f 397 399 398
f 400 402 401
f 403 405 404
f 406 408 407
f 409 411 410
f 412 414 413
f 415 417 416
f 418 420 419
f 421 423 422
f 424 426 425
f 427 429 428
f 430 432 431
f 433 435 434
f 436 438 437
f 439 441 440
f 442 444 443
f 445 447 446
f 448 450 449
f 451 453 452
f 454 456 455
f 457 459 458
f 460 462 461
f 463 465 464
f 466 468 467
f 469 471 470
f 472 474 473
f 475 477 476
f 478 480 479
f 481 483 482
f 484 486 485
f 487 489 488
f 490 492 491
f 493 495 494
f 496 498 497
f 499 501 500
f 502 504 503
f 505 507 506
f 508 510 509
f 511 513 512
f 514 516 515
f 517 519 518
f 520 522 521
f 523 525 524
f 526 528 527
f 529 531 530
f 532 534 533
f 535 537 536
f 538 540 539
f 541 543 542
f 544 546 545
f 547 549 548
f 550 552 551
f 553 555 554
f 556 558 557
f 559 561 560
f 562 564 563
f 565 567 566
f 568 570 569
f 571 573 572
f 574 576 575
f 577 579 578
f 580 582 581
f 583 585 584
f 586 588 587
f 589 591 590
f 592 594 593
f 595 597 596
f 598 600 599
f 601 603 602
f 604 606 605
f 607 609 608
f 610 612 611
f 613 615 614
f 616 618 617
f 619 621 620
f 622 624 623
f 625 627 626
f 628 630 629
f 631 633 632
f 634 636 635
f 637 639 638
f 640 642 641
f 643 645 644
f 646 648 647
f 649 651 650
f 652 654 653
f 655 657 656
f 658 660 659
f 661 663 662
f 664 666 665
f 667 669 668
f 670 672 671
f 673 675 674
f 676 678 677
f 679 681 680
f 682 684 683
f 685 687 686
f 688 690 689
f 691 693 692
f 694 696 695
f 697 699 698
f 700 702 701
f 703 705 704
f 706 708 707
f 709 711 710
f 712 714 713
f 715 717 716
f 718 720 719
f 721 723 722
f 724 726 725
f 727 729 728
f 730 732 731
f 733 735 734
f 736 738 737
f 739 741 740
f 742 744 743
f 745 747 746
f 748 750 749
f 751 753 752
f 754 756 755
f 757 759 758
f 760 762 761
f 763 765 764
f 766 768 767
f 769 771 770
f 772 774 773
f 775 777 776
f 778 780 779
f 781 783 782
f 784 786 785
f 787 789 788
f 790 792 791
f 793 795 794
f 796 798 797
f 799 801 800
f 802 804 803
f 805 807 806
f 808 810 809
f 811 813 812
f 814 816 815
f 817 819 818
f 820 822 821
f 823 825 824
f 826 828 827
f 829 831 830
f 832 834 833
f 835 837 836
f 838 840 839
f 841 843 842
f 844 846 845
f 847 849 848
f 850 852 851
f 853 855 854
f 856 858 857
f 859 861 860
f 862 864 863
f 865 867 866
f 868 870 869
f 871 873 872
f 874 876 875
f 877 879 878
f 880 882 881
f 883 885 884
f 886 888 887
f 889 891 890
f 892 894 893
f 895 897 896
f 898 900 899
f 901 903 902
f 904 906 905
f 907 909 908
f 910 912 911
f 913 915 914
f 916 918 917
f 919 921 920
f 922 924 923
f 925 927 926
f 928 930 929
f 931 933 932
f 934 936 935
f 937 939 938
f 940 942 941
f 943 945 944
f 946 948 947
f 949 951 950
f 952 954 953
f 955 957 956
f 958 960 959
f 961 963 962
f 964 966 965
f 967 969 968
f 970 972 971
f 973 975 974
f 976 978 977
f 979 981 980
f 982 984 983
f 985 987 986
f 988 990 989
f 991 993 992
f 994 996 995
f 997 999 998
f 1000 1002 1001
f 1003 1005 1004
f 1006 1008 1007
f 1009 1011 1010
f 1012 1014 1013
f 1015 1017 1016
f 1018 1020 1019
f 1021 1023 1022
f 1024 1026 1025
f 1027 1029 1028
f 1030 1032 1031
f 1033 1035 1034
f 1036 1038 1037
f 1039 1041 1040
f 1042 1044 1043
f 1045 1047 1046
f 1048 1050 1049
f 1051 1053 1052
f 1054 1056 1055
f 1057 1059 1058
f 1060 1062 1061
f 1063 1065 1064
f 1066 1068 1067
f 1069 1071 1070
f 1072 1074 1073
f 1075 1077 1076
f 1078 1080 1079
f 1081 1083 1082
f 1084 1086 1085
f 1087 1089 1088
f 1090 1092 1091
f 1093 1095 1094
f 1096 1098 1097
f 1099 1101 1100
f 1102 1104 1103
f 1105 1107 1106
f 1108 1110 1109
f 1111 1113 1112
f 1114 1116 1115
f 1117 1119 1118
f 1120 1122 1121
f 1123 1125 1124
f 1126 1128 1127
f 1129 1131 1130
f 1132 1134 1133
f 1135 1137 1136
f 1138 1140 1139
f 1141 1143 1142
f 1144 1146 1145
f 1147 1149 1148
f 1150 1152 1151
f 1153 1155 1154
f 1156 1158 1157
f 1159 1161 1160
f 1162 1164 1163
f 1165 1167 1166
f 1168 1170 1169
f 1171 1173 1172
f 1174 1176 1175
f 1177 1179 1178
f 1180 1182 1181
f 1183 1185 1184
f 1186 1188 1187
f 1189 1191 1190
f 1192 1194 1193
f 1195 1197 1196
f 1198 1200 1199
f 1201 1203 1202
f 1204 1206 1205
f 1207 1209 1208
f 1210 1212 1211
f 1213 1215 1214
f 1216 1218 1217
f 1219 1221 1220
f 1222 1224 1223
f 1225 1227 1226
f 1228 1230 1229
f 1231 1233 1232
f 1234 1236 1235
f 1237 1239 1238
f 1240 1242 1241
f 1243 1245 1244
f 1246 1248 1247
f 1249 1251 1250
f 1252 1254 1253
f 1255 1257 1256
f 1258 1260 1259
f 1261 1263 1262
f 1264 1266 1265
f 1267 1269 1268
f 1270 1272 1271
f 1273 1275 1274
f 1276 1278 1277
f 1279 1281 1280
f 1282 1284 1283
f 1285 1287 1286
f 1288 1290 1289
f 1291 1293 1292
f 1294 1296 1295
f 1297 1299 1298
f 1300 1302 1301
f 1303 1305 1304
f 1306 1308 1307
f 1309 1311 1310
f 1312 1314 1313
f 1315 1317 1316
f 1318 1320 1319
f 1321 1323 1322
f 1324 1326 1325
f 1327 1329 1328
f 1330 1332 1331
f 1333 1335 1334
f 1336 1338 1337
f 1339 1341 1340
f 1342 1344 1343
f 1345 1347 1346
f 1348 1350 1349
f 1351 1353 1352
f 1354 1356 1355
f 1357 1359 1358
f 1360 1362 1361
f 1363 1365 1364
f 1366 1368 1367
f 1369 1371 1370
f 1372 1374 1373
f 1375 1377 1376
f 1378 1380 1379
f 1381 1383 1382
f 1384 1386 1385
f 1387 1389 1388
f 1390 1392 1391
f 1393 1395 1394
f 1396 1398 1397
f 1399 1401 1400
f 1402 1404 1403
f 1405 1407 1406
f 1408 1410 1409
f 1411 1413 1412
f 1414 1416 1415
f 1417 1419 1418
f 1420 1422 1421
f 1423 1425 1424
f 1426 1428 1427
f 1429 1431 1430
f 1432 1434 1433
f 1435 1437 1436
f 1438 1440 1439
f 1441 1443 1442
f 1444 1446 1445
f 1447 1449 1448
f 1450 1452 1451
f 1453 1455 1454
f 1456 1458 1457
f 1459 1461 1460
f 1462 1464 1463
f 1465 1467 1466
f 1468 1470 1469
f 1471 1473 1472
f 1474 1476 1475
f 1477 1479 1478
f 1480 1482 1481
f 1483 1485 1484
f 1486 1488 1487
f 1489 1491 1490
f 1492 1494 1493
f 1495 1497 1496
f 1498 1500 1499
f 1501 1503 1502
f 1504 1506 1505
f 1507 1509 1508
f 1510 1512 1511
f 1513 1515 1514
f 1516 1518 1517
f 1519 1521 1520
f 1522 1524 1523
f 1525 1527 1526
f 1528 1530 1529
f 1531 1533 1532
f 1534 1536 1535
f 1537 1539 1538
f 1540 1542 1541
f 1543 1545 1544
f 1546 1548 1547
f 1549 1551 1550
f 1552 1554 1553
f 1555 1557 1556
f 1558 1560 1559
f 1561 1563 1562
f 1564 1566 1565
f 1567 1569 1568
f 1570 1572 1571
f 1573 1575 1574
f 1576 1578 1577
f 1579 1581 1580
f 1582 1584 1583
f 1585 1587 1586
f 1588 1590 1589
f 1591 1593 1592
f 1594 1596 1595
f 1597 1599 1598
f 1600 1602 1601
f 1603 1605 1604
f 1606 1608 1607
f 1609 1611 1610
f 1612 1614 1613
f 1615 1617 1616
f 1618 1620 1619
f 1621 1623 1622
f 1624 1626 1625
f 1627 1629 1628
f 1630 1632 1631
f 1633 1635 1634
f 1636 1638 1637
f 1639 1641 1640
f 1642 1644 1643
f 1645 1647 1646
f 1648 1650 1649
f 1651 1653 1652
f 1654 1656 1655
f 1657 1659 1658
f 1660 1662 1661
f 1663 1665 1664
f 1666 1668 1667
f 1669 1671 1670
f 1672 1674 1673
f 1675 1677 1676
f 1678 1680 1679
f 1681 1683 1682
f 1684 1686 1685
f 1687 1689 1688
f 1690 1692 1691
f 1693 1695 1694
f 1696 1698 1697
f 1699 1701 1700
f 1702 1704 1703
f 1705 1707 1706
f 1708 1710 1709
f 1711 1713 1712
f 1714 1716 1715
f 1717 1719 1718
f 1720 1722 1721
f 1723 1725 1724
f 1726 1728 1727
f 1729 1731 1730
f 1732 1734 1733
f 1735 1737 1736
f 1738 1740 1739
f 1741 1743 1742
f 1744 1746 1745
f 1747 1749 1748
f 1750 1752 1751
f 1753 1755 1754
f 1756 1758 1757
f 1759 1761 1760
f 1762 1764 1763
f 1765 1767 1766
f 1768 1770 1769
f 1771 1773 1772
f 1774 1776 1775
f 1777 1779 1778
f 1780 1782 1781
f 1783 1785 1784
f 1786 1788 1787
f 1789 1791 1790
f 1792 1794 1793
f 1795 1797 1796
f 1798 1800 1799
f 1801 1803 1802
f 1804 1806 1805
f 1807 1809 1808
f 1810 1812 1811
f 1813 1815 1814
f 1816 1818 1817
f 1819 1821 1820
f 1822 1824 1823
f 1825 1827 1826
f 1828 1830 1829
f 1831 1833 1832
f 1834 1836 1835
f 1837 1839 1838
f 1840 1842 1841
f 1843 1845 1844
f 1846 1848 1847
f 1849 1851 1850
f 1852 1854 1853
f 1855 1857 1856
f 1858 1860 1859
f 1861 1863 1862
f 1864 1866 1865
f 1867 1869 1868
f 1870 1872 1871
f 1873 1875 1874
f 1876 1878 1877
f 1879 1881 1880
f 1882 1884 1883
f 1885 1887 1886
f 1888 1890 1889
f 1891 1893 1892
f 1894 1896 1895
f 1897 1899 1898
f 1900 1902 1901
f 1903 1905 1904
f 1906 1908 1907
f 1909 1911 1910
f 1912 1914 1913
f 1915 1917 1916
f 1918 1920 1919
f 1921 1923 1922
f 1924 1926 1925
f 1927 1929 1928
f 1930 1932 1931
f 1933 1935 1934
f 1936 1938 1937
f 1939 1941 1940
f 1942 1944 1943
f 1945 1947 1946
f 1948 1950 1949
f 1951 1953 1952
f 1954 1956 1955
f 1957 1959 1958
f 1960 1962 1961
f 1963 1965 1964
f 1966 1968 1967
f 1969 1971 1970
f 1972 1974 1973
f 1975 1977 1976
f 1978 1980 1979
f 1981 1983 1982
f 1984 1986 1985
f 1987 1989 1988
f 1990 1992 1991
f 1993 1995 1994
f 1996 1998 1997
f 1999 2001 2000
f 2002 2004 2003
f 2005 2007 2006
f 2008 2010 2009
f 2011 2013 2012
f 2014 2016 2015
f 2017 2019 2018
f 2020 2022 2021
f 2023 2025 2024
f 2026 2028 2027
f 2029 2031 2030
f 2032 2034 2033
f 2035 2037 2036
f 2038 2040 2039
f 2041 2043 2042
f 2044 2046 2045
f 2047 2049 2048
f 2050 2052 2051
f 2053 2055 2054
f 2056 2058 2057
f 2059 2061 2060
f 2062 2064 2063
f 2065 2067 2066
f 2068 2070 2069
f 2071 2073 2072
f 2074 2076 2075
f 2077 2079 2078
f 2080 2082 2081
f 2083 2085 2084
f 2086 2088 2087
f 2089 2091 2090
f 2092 2094 2093
f 2095 2097 2096
f 2098 2100 2099
f 2101 2103 2102
f 2104 2106 2105
f 2107 2109 2108
f 2110 2112 2111
f 2113 2115 2114
f 2116 2118 2117
f 2119 2121 2120
f 2122 2124 2123
f 2125 2127 2126
f 2128 2130 2129
f 2131 2133 2132
f 2134 2136 2135
f 2137 2139 2138
f 2140 2142 2141
f 2143 2145 2144
f 2146 2148 2147
f 2149 2151 2150
f 2152 2154 2153
f 2155 2157 2156
f 2158 2160 2159
f 2161 2163 2162
f 2164 2166 2165
f 2167 2169 2168
f 2170 2172 2171
f 2173 2175 2174
f 2176 2178 2177
f 2179 2181 2180
f 2182 2184 2183
f 2185 2187 2186
f 2188 2190 2189
f 2191 2193 2192
f 2194 2196 2195
f 2197 2199 2198
f 2200 2202 2201
f 2203 2205 2204
f 2206 2208 2207
f 2209 2211 2210
f 2212 2214 2213
f 2215 2217 2216
f 2218 2220 2219
f 2221 2223 2222
f 2224 2226 2225
f 2227 2229 2228
f 2230 2232 2231
f 2233 2235 2234
f 2236 2238 2237
f 2239 2241 2240
f 2242 2244 2243
f 2245 2247 2246
f 2248 2250 2249
f 2251 2253 2252
f 2254 2256 2255
f 2257 2259 2258
f 2260 2262 2261
f 2263 2265 2264
f 2266 2268 2267
f 2269 2271 2270
f 2272 2274 2273
f 2275 2277 2276
f 2278 2280 2279
f 2281 2283 2282
f 2284 2286 2285
f 2287 2289 2288
f 2290 2292 2291
f 2293 2295 2294
f 2296 2298 2297
f 2299 2301 2300
f 2302 2304 2303
f 2305 2307 2306
f 2308 2310 2309
f 2311 2313 2312
f 2314 2316 2315
f 2317 2319 2318
f 2320 2322 2321
f 2323 2325 2324
f 2326 2328 2327
f 2329 2331 2330
f 2332 2334 2333
f 2335 2337 2336
f 2338 2340 2339
f 2341 2343 2342
f 2344 2346 2345
f 2347 2349 2348
f 2350 2352 2351
f 2353 2355 2354
f 2356 2358 2357
f 2359 2361 2360
f 2362 2364 2363
f 2365 2367 2366
f 2368 2370 2369
f 2371 2373 2372
f 2374 2376 2375
f 2377 2379 2378
f 2380 2382 2381
f 2383 2385 2384
f 2386 2388 2387
f 2389 2391 2390
f 2392 2394 2393
f 2395 2397 2396
f 2398 2400 2399
f 2401 2403 2402
f 2404 2406 2405
f 2407 2409 2408
f 2410 2412 2411
f 2413 2415 2414
f 2416 2418 2417
f 2419 2421 2420
f 2422 2424 2423
f 2425 2427 2426
f 2428 2430 2429
f 2431 2433 2432
f 2434 2436 2435
f 2437 2439 2438
f 2440 2442 2441
f 2443 2445 2444
f 2446 2448 2447
f 2449 2451 2450
f 2452 2454 2453
f 2455 2457 2456
f 2458 2460 2459
f 2461 2463 2462
f 2464 2466 2465
f 2467 2469 2468
f 2470 2472 2471
f 2473 2475 2474
f 2476 2478 2477
f 2479 2481 2480
f 2482 2484 2483
f 2485 2487 2486
f 2488 2490 2489
f 2491 2493 2492
f 2494 2496 2495
f 2497 2499 2498
f 2500 2502 2501
f 2503 2505 2504
f 2506 2508 2507
f 2509 2511 2510
f 2512 2514 2513
f 2515 2517 2516
f 2518 2520 2519
f 2521 2523 2522
f 2524 2526 2525
f 2527 2529 2528
f 2530 2532 2531
f 2533 2535 2534
f 2536 2538 2537
f 2539 2541 2540
f 2542 2544 2543
f 2545 2547 2546
f 2548 2550 2549
f 2551 2553 2552
f 2554 2556 2555
f 2557 2559 2558
f 2560 2562 2561
f 2563 2565 2564
f 2566 2568 2567
f 2569 2571 2570
f 2572 2574 2573
f 2575 2577 2576
f 2578 2580 2579
f 2581 2583 2582
f 2584 2586 2585
f 2587 2589 2588
f 2590 2592 2591
f 2593 2595 2594
f 2596 2598 2597
f 2599 2601 2600
f 2602 2604 2603
f 2605 2607 2606
f 2608 2610 2609
f 2611 2613 2612
f 2614 2616 2615
f 2617 2619 2618
f 2620 2622 2621
f 2623 2625 2624
f 2626 2628 2627
f 2629 2631 2630
f 2632 2634 2633
f 2635 2637 2636
f 2638 2640 2639
f 2641 2643 2642
f 2644 2646 2645
f 2647 2649 2648
f 2650 2652 2651
f 2653 2655 2654
f 2656 2658 2657
f 2659 2661 2660
f 2662 2664 2663
f 2665 2667 2666
f 2668 2670 2669
f 2671 2673 2672
f 2674 2676 2675
f 2677 2679 2678
f 2680 2682 2681
f 2683 2685 2684
f 2686 2688 2687
f 2689 2691 2690
f 2692 2694 2693
f 2695 2697 2696
f 2698 2700 2699
f 2701 2703 2702
f 2704 2706 2705
f 2707 2709 2708
f 2710 2712 2711
f 2713 2715 2714
f 2716 2718 2717
f 2719 2721 2720
f 2722 2724 2723
f 2725 2727 2726
f 2728 2730 2729
f 2731 2733 2732
f 2734 2736 2735
f 2737 2739 2738
f 2740 2742 2741
f 2743 2745 2744
f 2746 2748 2747
f 2749 2751 2750
f 2752 2754 2753
f 2755 2757 2756
f 2758 2760 2759
f 2761 2763 2762
f 2764 2766 2765
f 2767 2769 2768
f 2770 2772 2771
f 2773 2775 2774
f 2776 2778 2777
f 2779 2781 2780
f 2782 2784 2783
f 2785 2787 2786
f 2788 2790 2789
f 2791 2793 2792
f 2794 2796 2795
f 2797 2799 2798
f 2800 2802 2801
f 2803 2805 2804
f 2806 2808 2807
f 2809 2811 2810
f 2812 2814 2813
f 2815 2817 2816
f 2818 2820 2819
f 2821 2823 2822
f 2824 2826 2825
f 2827 2829 2828
f 2830 2832 2831
f 2833 2835 2834
f 2836 2838 2837
f 2839 2841 2840
f 2842 2844 2843
f 2845 2847 2846
f 2848 2850 2849
f 2851 2853 2852
f 2854 2856 2855
f 2857 2859 2858
f 2860 2862 2861
f 2863 2865 2864
f 2866 2868 2867
f 2869 2871 2870
f 2872 2874 2873
f 2875 2877 2876
f 2878 2880 2879
f 2881 2883 2882
f 2884 2886 2885
f 2887 2889 2888
f 2890 2892 2891
f 2893 2895 2894
f 2896 2898 2897
f 2899 2901 2900
f 2902 2904 2903
f 2905 2907 2906
f 2908 2910 2909
f 2911 2913 2912
f 2914 2916 2915
f 2917 2919 2918
f 2920 2922 2921
f 2923 2925 2924
f 2926 2928 2927
f 2929 2931 2930
f 2932 2934 2933
f 2935 2937 2936
f 2938 2940 2939
f 2941 2943 2942
f 2944 2946 2945
f 2947 2949 2948
f 2950 2952 2951
f 2953 2955 2954
f 2956 2958 2957
f 2959 2961 2960
f 2962 2964 2963
f 2965 2967 2966
f 2968 2970 2969
f 2971 2973 2972
f 2974 2976 2975
f 2977 2979 2978
f 2980 2982 2981
f 2983 2985 2984
f 2986 2988 2987
f 2989 2991 2990
f 2992 2994 2993
f 2995 2997 2996
f 2998 3000 2999
f 3001 3003 3002
f 3004 3006 3005
f 3007 3009 3008
f 3010 3012 3011
f 3013 3015 3014
f 3016 3018 3017
f 3019 3021 3020
f 3022 3024 3023
f 3025 3027 3026
f 3028 3030 3029
f 3031 3033 3032
f 3034 3036 3035
f 3037 3039 3038
f 3040 3042 3041
f 3043 3045 3044
f 3046 3048 3047
f 3049 3051 3050
f 3052 3054 3053
f 3055 3057 3056
f 3058 3060 3059
f 3061 3063 3062
f 3064 3066 3065
f 3067 3069 3068
f 3070 3072 3071
f 3073 3075 3074
f 3076 3078 3077
f 3079 3081 3080
f 3082 3084 3083
f 3085 3087 3086
f 3088 3090 3089
f 3091 3093 3092
f 3094 3096 3095
f 3097 3099 3098
f 3100 3102 3101
f 3103 3105 3104
f 3106 3108 3107
f 3109 3111 3110
f 3112 3114 3113
f 3115 3117 3116
f 3118 3120 3119
f 3121 3123 3122
f 3124 3126 3125
f 3127 3129 3128
f 3130 3132 3131
f 3133 3135 3134
f 3136 3138 3137
f 3139 3141 3140
f 3142 3144 3143
f 3145 3147 3146
f 3148 3150 3149
f 3151 3153 3152
f 3154 3156 3155
f 3157 3159 3158
f 3160 3162 3161
f 3163 3165 3164
f 3166 3168 3167
f 3169 3171 3170
f 3172 3174 3173
f 3175 3177 3176
f 3178 3180 3179
f 3181 3183 3182
f 3184 3186 3185
f 3187 3189 3188
f 3190 3192 3191
f 3193 3195 3194
f 3196 3198 3197
f 3199 3201 3200
f 3202 3204 3203
f 3205 3207 3206
f 3208 3210 3209
f 3211 3213 3212
f 3214 3216 3215
f 3217 3219 3218
f 3220 3222 3221
f 3223 3225 3224
f 3226 3228 3227
f 3229 3231 3230
f 3232 3234 3233
f 3235 3237 3236
f 3238 3240 3239
f 3241 3243 3242
f 3244 3246 3245
f 3247 3249 3248
f 3250 3252 3251
f 3253 3255 3254
f 3256 3258 3257
f 3259 3261 3260
f 3262 3264 3263
f 3265 3267 3266
f 3268 3270 3269
f 3271 3273 3272
f 3274 3276 3275
f 3277 3279 3278
f 3280 3282 3281
f 3283 3285 3284
f 3286 3288 3287
f 3289 3291 3290
f 3292 3294 3293
f 3295 3297 3296
f 3298 3300 3299
f 3301 3303 3302
f 3304 3306 3305
f 3307 3309 3308
f 3310 3312 3311
f 3313 3315 3314
f 3316 3318 3317
f 3319 3321 3320
f 3322 3324 3323
f 3325 3327 3326
f 3328 3330 3329
f 3331 3333 3332
f 3334 3336 3335
f 3337 3339 3338
f 3340 3342 3341
f 3343 3345 3344
f 3346 3348 3347
f 3349 3351 3350
f 3352 3354 3353
f 3355 3357 3356
f 3358 3360 3359
f 3361 3363 3362
f 3364 3366 3365
f 3367 3369 3368
f 3370 3372 3371
f 3373 3375 3374
f 3376 3378 3377
f 3379 3381 3380
f 3382 3384 3383
f 3385 3387 3386
f 3388 3390 3389
f 3391 3393 3392
f 3394 3396 3395
f 3397 3399 3398
f 3400 3402 3401
f 3403 3405 3404
f 3406 3408 3407
f 3409 3411 3410
f 3412 3414 3413
f 3415 3417 3416
f 3418 3420 3419
f 3421 3423 3422
f 3424 3426 3425
f 3427 3429 3428
f 3430 3432 3431
f 3433 3435 3434
f 3436 3438 3437
f 3439 3441 3440
f 3442 3444 3443
f 3445 3447 3446
f 3448 3450 3449
f 3451 3453 3452
f 3454 3456 3455
f 3457 3459 3458
f 3460 3462 3461
f 3463 3465 3464
f 3466 3468 3467
f 3469 3471 3470
f 3472 3474 3473
f 3475 3477 3476
f 3478 3480 3479
f 3481 3483 3482
f 3484 3486 3485
f 3487 3489 3488
f 3490 3492 3491
f 3493 3495 3494
f 3496 3498 3497
f 3499 3501 3500
f 3502 3504 3503
f 3505 3507 3506
f 3508 3510 3509
f 3511 3513 3512
f 3514 3516 3515
f 3517 3519 3518
f 3520 3522 3521
f 3523 3525 3524
f 3526 3528 3527
f 3529 3531 3530
f 3532 3534 3533
f 3535 3537 3536
f 3538 3540 3539
f 3541 3543 3542
f 3544 3546 3545
f 3547 3549 3548
f 3550 3552 3551
f 3553 3555 3554
f 3556 3558 3557
f 3559 3561 3560
f 3562 3564 3563
f 3565 3567 3566
f 3568 3570 3569
f 3571 3573 3572
f 3574 3576 3575
f 3577 3579 3578
f 3580 3582 3581
f 3583 3585 3584
f 3586 3588 3587
f 3589 3591 3590
f 3592 3594 3593
f 3595 3597 3596
f 3598 3600 3599
f 3601 3603 3602
f 3604 3606 3605
f 3607 3609 3608
f 3610 3612 3611
f 3613 3615 3614
f 3616 3618 3617
f 3619 3621 3620
f 3622 3624 3623
f 3625 3627 3626
f 3628 3630 3629
f 3631 3633 3632
f 3634 3636 3635
f 3637 3639 3638
f 3640 3642 3641
f 3643 3645 3644
f 3646 3648 3647
f 3649 3651 3650
f 3652 3654 3653
f 3655 3657 3656
f 3658 3660 3659
f 3661 3663 3662
f 3664 3666 3665
f 3667 3669 3668
f 3670 3672 3671
f 3673 3675 3674
f 3676 3678 3677
f 3679 3681 3680
f 3682 3684 3683
f 3685 3687 3686
f 3688 3690 3689
f 3691 3693 3692
f 3694 3696 3695
f 3697 3699 3698
f 3700 3702 3701
f 3703 3705 3704
f 3706 3708 3707
f 3709 3711 3710
f 3712 3714 3713
f 3715 3717 3716
f 3718 3720 3719
f 3721 3723 3722
f 3724 3726 3725
f 3727 3729 3728
f 3730 3732 3731
f 3733 3735 3734
f 3736 3738 3737
f 3739 3741 3740
f 3742 3744 3743
f 3745 3747 3746
f 3748 3750 3749
f 3751 3753 3752
f 3754 3756 3755
f 3757 3759 3758
f 3760 3762 3761
f 3763 3765 3764
f 3766 3768 3767
f 3769 3771 3770
f 3772 3774 3773
f 3775 3777 3776
f 3778 3780 3779
f 3781 3783 3782
f 3784 3786 3785
f 3787 3789 3788
f 3790 3792 3791
f 3793 3795 3794
f 3796 3798 3797
f 3799 3801 3800
f 3802 3804 3803
f 3805 3807 3806
f 3808 3810 3809
f 3811 3813 3812
f 3814 3816 3815
f 3817 3819 3818
f 3820 3822 3821
f 3823 3825 3824
f 3826 3828 3827
f 3829 3831 3830
f 3832 3834 3833
f 3835 3837 3836
f 3838 3840 3839
f 3841 3843 3842
f 3844 3846 3845
f 3847 3849 3848
f 3850 3852 3851
f 3853 3855 3854
f 3856 3858 3857
f 3859 3861 3860
f 3862 3864 3863
f 3865 3867 3866
f 3868 3870 3869
f 3871 3873 3872
f 3874 3876 3875
f 3877 3879 3878
f 3880 3882 3881
f 3883 3885 3884
f 3886 3888 3887
f 3889 3891 3890
f 3892 3894 3893
f 3895 3897 3896
f 3898 3900 3899
f 3901 3903 3902
f 3904 3906 3905
f 3907 3909 3908
f 3910 3912 3911
f 3913 3915 3914
f 3916 3918 3917
f 3919 3921 3920
f 3922 3924 3923
f 3925 3927 3926
f 3928 3930 3929
f 3931 3933 3932
f 3934 3936 3935
f 3937 3939 3938
f 3940 3942 3941
f 3943 3945 3944
f 3946 3948 3947
f 3949 3951 3950
f 3952 3954 3953
f 3955 3957 3956
f 3958 3960 3959
f 3961 3963 3962
f 3964 3966 3965
f 3967 3969 3968
f 3970 3972 3971
f 3973 3975 3974
f 3976 3978 3977
f 3979 3981 3980
f 3982 3984 3983
f 3985 3987 3986
f 3988 3990 3989
f 3991 3993 3992
f 3994 3996 3995
f 3997 3999 3998
f 4000 4002 4001
f 4003 4005 4004
f 4006 4008 4007
f 4009 4011 4010
f 4012 4014 4013
f 4015 4017 4016
f 4018 4020 4019
f 4021 4023 4022
f 4024 4026 4025
f 4027 4029 4028
f 4030 4032 4031
f 4033 4035 4034
f 4036 4038 4037
f 4039 4041 4040
f 4042 4044 4043
f 4045 4047 4046
f 4048 4050 4049
f 4051 4053 4052
f 4054 4056 4055
f 4057 4059 4058
f 4060 4062 4061
f 4063 4065 4064
f 4066 4068 4067
f 4069 4071 4070
f 4072 4074 4073
f 4075 4077 4076
f 4078 4080 4079
f 4081 4083 4082
f 4084 4086 4085
f 4087 4089 4088
f 4090 4092 4091
f 4093 4095 4094
f 4096 4098 4097
f 4099 4101 4100
f 4102 4104 4103
f 4105 4107 4106
f 4108 4110 4109
f 4111 4113 4112
f 4114 4116 4115
f 4117 4119 4118
f 4120 4122 4121
f 4123 4125 4124
f 4126 4128 4127
f 4129 4131 4130
f 4132 4134 4133
f 4135 4137 4136
f 4138 4140 4139
f 4141 4143 4142
f 4144 4146 4145
f 4147 4149 4148
f 4150 4152 4151
f 4153 4155 4154
f 4156 4158 4157
f 4159 4161 4160
f 4162 4164 4163
f 4165 4167 4166
f 4168 4170 4169
f 4171 4173 4172
f 4174 4176 4175
f 4177 4179 4178
f 4180 4182 4181
f 4183 4185 4184
f 4186 4188 4187
f 4189 4191 4190
f 4192 4194 4193
f 4195 4197 4196
f 4198 4200 4199
f 4201 4203 4202
f 4204 4206 4205
f 4207 4209 4208
f 4210 4212 4211
f 4213 4215 4214
f 4216 4218 4217
f 4219 4221 4220
f 4222 4224 4223
f 4225 4227 4226
f 4228 4230 4229
f 4231 4233 4232
f 4234 4236 4235
f 4237 4239 4238
f 4240 4242 4241
f 4243 4245 4244
f 4246 4248 4247
f 4249 4251 4250
f 4252 4254 4253
f 4255 4257 4256
f 4258 4260 4259
f 4261 4263 4262
f 4264 4266 4265
f 4267 4269 4268
f 4270 4272 4271
f 4273 4275 4274
f 4276 4278 4277
f 4279 4281 4280
f 4282 4284 4283
f 4285 4287 4286
f 4288 4290 4289
f 4291 4293 4292
f 4294 4296 4295
f 4297 4299 4298
f 4300 4302 4301
f 4303 4305 4304
f 4306 4308 4307
f 4309 4311 4310
f 4312 4314 4313
f 4315 4317 4316
f 4318 4320 4319
f 4321 4323 4322
f 4324 4326 4325
f 4327 4329 4328
f 4330 4332 4331
f 4333 4335 4334
f 4336 4338 4337
f 4339 4341 4340
f 4342 4344 4343
f 4345 4347 4346
f 4348 4350 4349
f 4351 4353 4352
f 4354 4356 4355
f 4357 4359 4358
f 4360 4362 4361
f 4363 4365 4364
f 4366 4368 4367
f 4369 4371 4370
f 4372 4374 4373
f 4375 4377 4376
f 4378 4380 4379
f 4381 4383 4382
f 4384 4386 4385
f 4387 4389 4388
f 4390 4392 4391
f 4393 4395 4394
f 4396 4398 4397
f 4399 4401 4400
f 4402 4404 4403
f 4405 4407 4406
f 4408 4410 4409
f 4411 4413 4412
f 4414 4416 4415
f 4417 4419 4418
f 4420 4422 4421
f 4423 4425 4424
f 4426 4428 4427
f 4429 4431 4430
f 4432 4434 4433
f 4435 4437 4436
f 4438 4440 4439
f 4441 4443 4442
f 4444 4446 4445
f 4447 4449 4448
f 4450 4452 4451
f 4453 4455 4454
f 4456 4458 4457
f 4459 4461 4460
f 4462 4464 4463
f 4465 4467 4466
f 4468 4470 4469
f 4471 4473 4472
f 4474 4476 4475
f 4477 4479 4478
f 4480 4482 4481
f 4483 4485 4484
f 4486 4488 4487
f 4489 4491 4490
f 4492 4494 4493
f 4495 4497 4496
f 4498 4500 4499
f 4501 4503 4502
f 4504 4506 4505
f 4507 4509 4508
f 4510 4512 4511
f 4513 4515 4514
f 4516 4518 4517
f 4519 4521 4520
f 4522 4524 4523
f 4525 4527 4526
f 4528 4530 4529
f 4531 4533 4532
f 4534 4536 4535
f 4537 4539 4538
f 4540 4542 4541
f 4543 4545 4544
f 4546 4548 4547
f 4549 4551 4550
f 4552 4554 4553
f 4555 4557 4556
f 4558 4560 4559
f 4561 4563 4562
f 4564 4566 4565
f 4567 4569 4568
f 4570 4572 4571
f 4573 4575 4574
f 4576 4578 4577
f 4579 4581 4580
f 4582 4584 4583
f 4585 4587 4586
f 4588 4590 4589
f 4591 4593 4592
f 4594 4596 4595
f 4597 4599 4598
f 4600 4602 4601
f 4603 4605 4604
f 4606 4608 4607
f 4609 4611 4610
f 4612 4614 4613
f 4615 4617 4616
f 4618 4620 4619
f 4621 4623 4622
f 4624 4626 4625
f 4627 4629 4628
f 4630 4632 4631
f 4633 4635 4634
f 4636 4638 4637
f 4639 4641 4640
f 4642 4644 4643
f 4645 4647 4646
f 4648 4650 4649
f 4651 4653 4652
f 4654 4656 4655
f 4657 4659 4658
f 4660 4662 4661
f 4663 4665 4664
f 4666 4668 4667
f 4669 4671 4670
f 4672 4674 4673
f 4675 4677 4676
f 4678 4680 4679
f 4681 4683 4682
f 4684 4686 4685
f 4687 4689 4688
f 4690 4692 4691
f 4693 4695 4694
f 4696 4698 4697
f 4699 4701 4700
f 4702 4704 4703
f 4705 4707 4706
f 4708 4710 4709
f 4711 4713 4712
f 4714 4716 4715
f 4717 4719 4718
f 4720 4722 4721
f 4723 4725 4724
f 4726 4728 4727
f 4729 4731 4730
f 4732 4734 4733
f 4735 4737 4736
f 4738 4740 4739
f 4741 4743 4742
f 4744 4746 4745
f 4747 4749 4748
f 4750 4752 4751
f 4753 4755 4754
f 4756 4758 4757
f 4759 4761 4760
f 4762 4764 4763
f 4765 4767 4766
f 4768 4770 4769
f 4771 4773 4772
f 4774 4776 4775
f 4777 4779 4778
f 4780 4782 4781
f 4783 4785 4784
f 4786 4788 4787
f 4789 4791 4790
f 4792 4794 4793
f 4795 4797 4796
f 4798 4800 4799
f 4801 4803 4802
f 4804 4806 4805
f 4807 4809 4808
f 4810 4812 4811
f 4813 4815 4814
f 4816 4818 4817
f 4819 4821 4820
f 4822 4824 4823
f 4825 4827 4826
f 4828 4830 4829
f 4831 4833 4832
f 4834 4836 4835
f 4837 4839 4838
f 4840 4842 4841
f 4843 4845 4844
f 4846 4848 4847
f 4849 4851 4850
f 4852 4854 4853
f 4855 4857 4856
f 4858 4860 4859
f 4861 4863 4862
f 4864 4866 4865
f 4867 4869 4868
f 4870 4872 4871
f 4873 4875 4874
f 4876 4878 4877
f 4879 4881 4880
f 4882 4884 4883
f 4885 4887 4886
f 4888 4890 4889
f 4891 4893 4892
f 4894 4896 4895
f 4897 4899 4898
f 4900 4902 4901
f 4903 4905 4904
f 4906 4908 4907
f 4909 4911 4910
f 4912 4914 4913
f 4915 4917 4916
f 4918 4920 4919
f 4921 4923 4922
f 4924 4926 4925
f 4927 4929 4928
f 4930 4932 4931
f 4933 4935 4934
f 4936 4938 4937
f 4939 4941 4940
f 4942 4944 4943
f 4945 4947 4946
f 4948 4950 4949
f 4951 4953 4952
f 4954 4956 4955
f 4957 4959 4958
f 4960 4962 4961
f 4963 4965 4964
f 4966 4968 4967
f 4969 4971 4970
f 4972 4974 4973
f 4975 4977 4976
f 4978 4980 4979
f 4981 4983 4982
f 4984 4986 4985
f 4987 4989 4988
f 4990 4992 4991
f 4993 4995 4994
f 4996 4998 4997
f 4999 5001 5000
f 5002 5004 5003
f 5005 5007 5006
f 5008 5010 5009
f 5011 5013 5012
f 5014 5016 5015
f 5017 5019 5018
f 5020 5022 5021
f 5023 5025 5024
f 5026 5028 5027
f 5029 5031 5030
f 5032 5034 5033
f 5035 5037 5036
f 5038 5040 5039
f 5041 5043 5042
f 5044 5046 5045
f 5047 5049 5048
f 5050 5052 5051
f 5053 5055 5054
f 5056 5058 5057
f 5059 5061 5060
f 5062 5064 5063
f 5065 5067 5066
f 5068 5070 5069
f 5071 5073 5072
f 5074 5076 5075
f 5077 5079 5078
f 5080 5082 5081
f 5083 5085 5084
f 5086 5088 5087
f 5089 5091 5090
f 5092 5094 5093
f 5095 5097 5096
f 5098 5100 5099
f 5101 5103 5102
f 5104 5106 5105
f 5107 5109 5108
f 5110 5112 5111
f 5113 5115 5114
f 5116 5118 5117
f 5119 5121 5120
f 5122 5124 5123
f 5125 5127 5126
f 5128 5130 5129
f 5131 5133 5132
f 5134 5136 5135
f 5137 5139 5138
f 5140 5142 5141
f 5143 5145 5144
f 5146 5148 5147
f 5149 5151 5150
f 5152 5154 5153
f 5155 5157 5156
f 5158 5160 5159
f 5161 5163 5162
f 5164 5166 5165
f 5167 5169 5168
f 5170 5172 5171
f 5173 5175 5174
f 5176 5178 5177
f 5179 5181 5180
f 5182 5184 5183
f 5185 5187 5186
f 5188 5190 5189
f 5191 5193 5192
f 5194 5196 5195
f 5197 5199 5198
f 5200 5202 5201
f 5203 5205 5204
f 5206 5208 5207
f 5209 5211 5210
f 5212 5214 5213
f 5215 5217 5216
f 5218 5220 5219
f 5221 5223 5222
f 5224 5226 5225
f 5227 5229 5228
f 5230 5232 5231
f 5233 5235 5234
f 5236 5238 5237
f 5239 5241 5240
f 5242 5244 5243
f 5245 5247 5246
f 5248 5250 5249
f 5251 5253 5252
f 5254 5256 5255
f 5257 5259 5258
f 5260 5262 5261
f 5263 5265 5264
f 5266 5268 5267
f 5269 5271 5270
f 5272 5274 5273
f 5275 5277 5276
f 5278 5280 5279
f 5281 5283 5282
f 5284 5286 5285
f 5287 5289 5288
f 5290 5292 5291
f 5293 5295 5294
f 5296 5298 5297
f 5299 5301 5300
f 5302 5304 5303
f 5305 5307 5306
f 5308 5310 5309
f 5311 5313 5312
f 5314 5316 5315
f 5317 5319 5318
f 5320 5322 5321
f 5323 5325 5324
f 5326 5328 5327
f 5329 5331 5330
f 5332 5334 5333
f 5335 5337 5336
f 5338 5340 5339
f 5341 5343 5342
f 5344 5346 5345
f 5347 5349 5348
f 5350 5352 5351
f 5353 5355 5354
f 5356 5358 5357
f 5359 5361 5360
f 5362 5364 5363
f 5365 5367 5366
f 5368 5370 5369
f 5371 5373 5372
f 5374 5376 5375
f 5377 5379 5378
f 5380 5382 5381
f 5383 5385 5384
f 5386 5388 5387
f 5389 5391 5390
f 5392 5394 5393
f 5395 5397 5396
f 5398 5400 5399
f 5401 5403 5402
f 5404 5406 5405
f 5407 5409 5408
f 5410 5412 5411
f 5413 5415 5414
f 5416 5418 5417
f 5419 5421 5420
f 5422 5424 5423
f 5425 5427 5426
f 5428 5430 5429
f 5431 5433 5432
f 5434 5436 5435
f 5437 5439 5438
f 5440 5442 5441
f 5443 5445 5444
f 5446 5448 5447
f 5449 5451 5450
f 5452 5454 5453
f 5455 5457 5456
f 5458 5460 5459
f 5461 5463 5462
f 5464 5466 5465
f 5467 5469 5468
f 5470 5472 5471
f 5473 5475 5474
f 5476 5478 5477
f 5479 5481 5480
f 5482 5484 5483
f 5485 5487 5486
f 5488 5490 5489
f 5491 5493 5492
f 5494 5496 5495
f 5497 5499 5498
f 5500 5502 5501
f 5503 5505 5504
f 5506 5508 5507
f 5509 5511 5510
f 5512 5514 5513
f 5515 5517 5516
f 5518 5520 5519
f 5521 5523 5522
f 5524 5526 5525
f 5527 5529 5528
f 5530 5532 5531
f 5533 5535 5534
f 5536 5538 5537
f 5539 5541 5540
f 5542 5544 5543
f 5545 5547 5546
f 5548 5550 5549
f 5551 5553 5552
f 5554 5556 5555
f 5557 5559 5558
f 5560 5562 5561
f 5563 5565 5564
f 5566 5568 5567
f 5569 5571 5570
f 5572 5574 5573
f 5575 5577 5576
f 5578 5580 5579
f 5581 5583 5582
f 5584 5586 5585
f 5587 5589 5588
f 5590 5592 5591
f 5593 5595 5594
f 5596 5598 5597
f 5599 5601 5600
f 5602 5604 5603
f 5605 5607 5606
f 5608 5610 5609
f 5611 5613 5612
f 5614 5616 5615
f 5617 5619 5618
f 5620 5622 5621
f 5623 5625 5624
f 5626 5628 5627
f 5629 5631 5630
f 5632 5634 5633
f 5635 5637 5636
f 5638 5640 5639
f 5641 5643 5642
f 5644 5646 5645
f 5647 5649 5648
f 5650 5652 5651
f 5653 5655 5654
f 5656 5658 5657
f 5659 5661 5660
f 5662 5664 5663
f 5665 5667 5666
f 5668 5670 5669
f 5671 5673 5672
f 5674 5676 5675
f 5677 5679 5678
f 5680 5682 5681
f 5683 5685 5684
f 5686 5688 5687
f 5689 5691 5690
f 5692 5694 5693
f 5695 5697 5696
f 5698 5700 5699
f 5701 5703 5702
f 5704 5706 5705
f 5707 5709 5708
f 5710 5712 5711
f 5713 5715 5714
f 5716 5718 5717
f 5719 5721 5720
f 5722 5724 5723
f 5725 5727 5726
f 5728 5730 5729
f 5731 5733 5732
f 5734 5736 5735
f 5737 5739 5738
f 5740 5742 5741
f 5743 5745 5744
f 5746 5748 5747
f 5749 5751 5750
f 5752 5754 5753
f 5755 5757 5756
f 5758 5760 5759
f 5761 5763 5762
f 5764 5766 5765
f 5767 5769 5768
f 5770 5772 5771
f 5773 5775 5774
f 5776 5778 5777
f 5779 5781 5780
f 5782 5784 5783
f 5785 5787 5786
f 5788 5790 5789
f 5791 5793 5792
f 5794 5796 5795
f 5797 5799 5798
f 5800 5802 5801
f 5803 5805 5804
f 5806 5808 5807
f 5809 5811 5810
f 5812 5814 5813
f 5815 5817 5816
f 5818 5820 5819
f 5821 5823 5822
f 5824 5826 5825
f 5827 5829 5828
f 5830 5832 5831
f 5833 5835 5834
f 5836 5838 5837
f 5839 5841 5840
f 5842 5844 5843
f 5845 5847 5846
f 5848 5850 5849
f 5851 5853 5852
f 5854 5856 5855
f 5857 5859 5858
f 5860 5862 5861
f 5863 5865 5864
f 5866 5868 5867
f 5869 5871 5870
f 5872 5874 5873
f 5875 5877 5876
f 5878 5880 5879
f 5881 5883 5882
f 5884 5886 5885
f 5887 5889 5888
f 5890 5892 5891
f 5893 5895 5894
f 5896 5898 5897
f 5899 5901 5900
f 5902 5904 5903
f 5905 5907 5906
f 5908 5910 5909
f 5911 5913 5912
f 5914 5916 5915
f 5917 5919 5918
f 5920 5922 5921
f 5923 5925 5924
f 5926 5928 5927
f 5929 5931 5930
f 5932 5934 5933
f 5935 5937 5936
f 5938 5940 5939
f 5941 5943 5942
f 5944 5946 5945
f 5947 5949 5948
f 5950 5952 5951
f 5953 5955 5954
f 5956 5958 5957
f 5959 5961 5960
f 5962 5964 5963
f 5965 5967 5966
f 5968 5970 5969
f 5971 5973 5972
f 5974 5976 5975
f 5977 5979 5978
f 5980 5982 5981
f 5983 5985 5984
f 5986 5988 5987
f 5989 5991 5990
f 5992 5994 5993
f 5995 5997 5996
f 5998 6000 5999
f 6001 6003 6002
f 6004 6006 6005
f 6007 6009 6008
f 6010 6012 6011
f 6013 6015 6014
f 6016 6018 6017
f 6019 6021 6020
f 6022 6024 6023
f 6025 6027 6026
f 6028 6030 6029
f 6031 6033 6032
f 6034 6036 6035
f 6037 6039 6038
f 6040 6042 6041
f 6043 6045 6044
f 6046 6048 6047
f 6049 6051 6050
f 6052 6054 6053
f 6055 6057 6056
f 6058 6060 6059
f 6061 6063 6062
f 6064 6066 6065
f 6067 6069 6068
f 6070 6072 6071
f 6073 6075 6074
f 6076 6078 6077
f 6079 6081 6080
f 6082 6084 6083
f 6085 6087 6086
f 6088 6090 6089
f 6091 6093 6092
f 6094 6096 6095
f 6097 6099 6098
f 6100 6102 6101
f 6103 6105 6104
f 6106 6108 6107
f 6109 6111 6110
f 6112 6114 6113
f 6115 6117 6116
f 6118 6120 6119
f 6121 6123 6122
f 6124 6126 6125
f 6127 6129 6128
f 6130 6132 6131
f 6133 6135 6134
f 6136 6138 6137
f 6139 6141 6140
f 6142 6144 6143
f 6145 6147 6146
f 6148 6150 6149
f 6151 6153 6152
f 6154 6156 6155
f 6157 6159 6158
f 6160 6162 6161
f 6163 6165 6164
f 6166 6168 6167
f 6169 6171 6170
f 6172 6174 6173
f 6175 6177 6176
f 6178 6180 6179
f 6181 6183 6182
f 6184 6186 6185
f 6187 6189 6188
f 6190 6192 6191
f 6193 6195 6194
f 6196 6198 6197
f 6199 6201 6200
f 6202 6204 6203
f 6205 6207 6206
f 6208 6210 6209
f 6211 6213 6212
f 6214 6216 6215
f 6217 6219 6218
f 6220 6222 6221
f 6223 6225 6224
f 6226 6228 6227
f 6229 6231 6230
f 6232 6234 6233
f 6235 6237 6236
f 6238 6240 6239
f 6241 6243 6242
f 6244 6246 6245
f 6247 6249 6248
f 6250 6252 6251
f 6253 6255 6254
f 6256 6258 6257
f 6259 6261 6260
f 6262 6264 6263
f 6265 6267 6266
f 6268 6270 6269
f 6271 6273 6272
f 6274 6276 6275
f 6277 6279 6278
f 6280 6282 6281
f 6283 6285 6284
f 6286 6288 6287
f 6289 6291 6290
f 6292 6294 6293
f 6295 6297 6296
f 6298 6300 6299
f 6301 6303 6302
f 6304 6306 6305
f 6307 6309 6308
f 6310 6312 6311
f 6313 6315 6314
f 6316 6318 6317
f 6319 6321 6320
f 6322 6324 6323
f 6325 6327 6326
f 6328 6330 6329
f 6331 6333 6332
f 6334 6336 6335
f 6337 6339 6338
f 6340 6342 6341
f 6343 6345 6344
f 6346 6348 6347
f 6349 6351 6350
f 6352 6354 6353
f 6355 6357 6356
f 6358 6360 6359
f 6361 6363 6362
f 6364 6366 6365
f 6367 6369 6368
f 6370 6372 6371
f 6373 6375 6374
f 6376 6378 6377
f 6379 6381 6380
f 6382 6384 6383
f 6385 6387 6386
f 6388 6390 6389
f 6391 6393 6392
f 6394 6396 6395
f 6397 6399 6398
f 6400 6402 6401
f 6403 6405 6404
f 6406 6408 6407
f 6409 6411 6410
f 6412 6414 6413
f 6415 6417 6416
f 6418 6420 6419
f 6421 6423 6422
f 6424 6426 6425
f 6427 6429 6428
f 6430 6432 6431
f 6433 6435 6434
f 6436 6438 6437
f 6439 6441 6440
f 6442 6444 6443
f 6445 6447 6446
f 6448 6450 6449
f 6451 6453 6452
f 6454 6456 6455
f 6457 6459 6458
f 6460 6462 6461
f 6463 6465 6464
f 6466 6468 6467
f 6469 6471 6470
f 6472 6474 6473
f 6475 6477 6476
f 6478 6480 6479
f 6481 6483 6482
f 6484 6486 6485
f 6487 6489 6488
f 6490 6492 6491
f 6493 6495 6494
f 6496 6498 6497
f 6499 6501 6500
f 6502 6504 6503
f 6505 6507 6506
f 6508 6510 6509
f 6511 6513 6512
f 6514 6516 6515
f 6517 6519 6518
f 6520 6522 6521
f 6523 6525 6524
f 6526 6528 6527
f 6529 6531 6530
f 6532 6534 6533
f 6535 6537 6536
f 6538 6540 6539
f 6541 6543 6542
f 6544 6546 6545
f 6547 6549 6548
f 6550 6552 6551
f 6553 6555 6554
f 6556 6558 6557
f 6559 6561 6560
f 6562 6564 6563
f 6565 6567 6566
f 6568 6570 6569
f 6571 6573 6572
f 6574 6576 6575
f 6577 6579 6578
f 6580 6582 6581
f 6583 6585 6584
f 6586 6588 6587
f 6589 6591 6590
f 6592 6594 6593
f 6595 6597 6596
f 6598 6600 6599
f 6601 6603 6602
f 6604 6606 6605
f 6607 6609 6608
f 6610 6612 6611
f 6613 6615 6614
f 6616 6618 6617
f 6619 6621 6620
f 6622 6624 6623
f 6625 6627 6626
f 6628 6630 6629
f 6631 6633 6632
f 6634 6636 6635
f 6637 6639 6638
f 6640 6642 6641
f 6643 6645 6644
f 6646 6648 6647
f 6649 6651 6650
f 6652 6654 6653
f 6655 6657 6656
f 6658 6660 6659
f 6661 6663 6662
f 6664 6666 6665
f 6667 6669 6668
f 6670 6672 6671
f 6673 6675 6674
f 6676 6678 6677
f 6679 6681 6680
f 6682 6684 6683
f 6685 6687 6686
f 6688 6690 6689
f 6691 6693 6692
f 6694 6696 6695
f 6697 6699 6698
f 6700 6702 6701
f 6703 6705 6704
f 6706 6708 6707
f 6709 6711 6710
f 6712 6714 6713
f 6715 6717 6716
f 6718 6720 6719
f 6721 6723 6722
f 6724 6726 6725
f 6727 6729 6728
f 6730 6732 6731
f 6733 6735 6734
f 6736 6738 6737
f 6739 6741 6740
f 6742 6744 6743
f 6745 6747 6746
f 6748 6750 6749
f 6751 6753 6752
f 6754 6756 6755
f 6757 6759 6758
f 6760 6762 6761
f 6763 6765 6764
f 6766 6768 6767
f 6769 6771 6770
f 6772 6774 6773
f 6775 6777 6776
f 6778 6780 6779
f 6781 6783 6782
f 6784 6786 6785
f 6787 6789 6788
f 6790 6792 6791
f 6793 6795 6794
f 6796 6798 6797
f 6799 6801 6800
f 6802 6804 6803
f 6805 6807 6806
f 6808 6810 6809
f 6811 6813 6812
f 6814 6816 6815
f 6817 6819 6818
f 6820 6822 6821
f 6823 6825 6824
f 6826 6828 6827
f 6829 6831 6830
f 6832 6834 6833
f 6835 6837 6836
f 6838 6840 6839
f 6841 6843 6842
f 6844 6846 6845
f 6847 6849 6848
f 6850 6852 6851
f 6853 6855 6854
f 6856 6858 6857
f 6859 6861 6860
f 6862 6864 6863
f 6865 6867 6866
f 6868 6870 6869
f 6871 6873 6872
f 6874 6876 6875
f 6877 6879 6878
f 6880 6882 6881
f 6883 6885 6884
f 6886 6888 6887
f 6889 6891 6890
f 6892 6894 6893
f 6895 6897 6896
f 6898 6900 6899
f 6901 6903 6902
f 6904 6906 6905
f 6907 6909 6908
f 6910 6912 6911
f 6913 6915 6914
f 6916 6918 6917
f 6919 6921 6920
f 6922 6924 6923
f 6925 6927 6926
f 6928 6930 6929
f 6931 6933 6932
f 6934 6936 6935
f 6937 6939 6938
f 6940 6942 6941
f 6943 6945 6944
f 6946 6948 6947
f 6949 6951 6950
f 6952 6954 6953
f 6955 6957 6956
f 6958 6960 6959
f 6961 6963 6962
f 6964 6966 6965
f 6967 6969 6968
f 6970 6972 6971
f 6973 6975 6974
f 6976 6978 6977
f 6979 6981 6980
f 6982 6984 6983
f 6985 6987 6986
f 6988 6990 6989
f 6991 6993 6992
f 6994 6996 6995
f 6997 6999 6998
f 7000 7002 7001
f 7003 7005 7004
f 7006 7008 7007
f 7009 7011 7010
f 7012 7014 7013
f 7015 7017 7016
f 7018 7020 7019
f 7021 7023 7022
f 7024 7026 7025
f 7027 7029 7028
f 7030 7032 7031
f 7033 7035 7034
f 7036 7038 7037
f 7039 7041 7040
f 7042 7044 7043
f 7045 7047 7046
f 7048 7050 7049
f 7051 7053 7052
f 7054 7056 7055
f 7057 7059 7058
f 7060 7062 7061
f 7063 7065 7064
f 7066 7068 7067
f 7069 7071 7070
f 7072 7074 7073
f 7075 7077 7076
f 7078 7080 7079
f 7081 7083 7082
f 7084 7086 7085
f 7087 7089 7088
f 7090 7092 7091
f 7093 7095 7094
f 7096 7098 7097
f 7099 7101 7100
f 7102 7104 7103
f 7105 7107 7106
f 7108 7110 7109
f 7111 7113 7112
f 7114 7116 7115
f 7117 7119 7118
f 7120 7122 7121
f 7123 7125 7124
f 7126 7128 7127
f 7129 7131 7130
f 7132 7134 7133
f 7135 7137 7136
f 7138 7140 7139
f 7141 7143 7142
f 7144 7146 7145
f 7147 7149 7148
f 7150 7152 7151
f 7153 7155 7154
f 7156 7158 7157
f 7159 7161 7160
f 7162 7164 7163
f 7165 7167 7166
f 7168 7170 7169
f 7171 7173 7172
f 7174 7176 7175
f 7177 7179 7178
f 7180 7182 7181
f 7183 7185 7184
f 7186 7188 7187
f 7189 7191 7190
f 7192 7194 7193
f 7195 7197 7196
f 7198 7200 7199
f 7201 7203 7202
f 7204 7206 7205
f 7207 7209 7208
f 7210 7212 7211
f 7213 7215 7214
f 7216 7218 7217
f 7219 7221 7220
f 7222 7224 7223
f 7225 7227 7226
f 7228 7230 7229
f 7231 7233 7232
f 7234 7236 7235
f 7237 7239 7238
f 7240 7242 7241
f 7243 7245 7244
f 7246 7248 7247
f 7249 7251 7250
f 7252 7254 7253
f 7255 7257 7256
f 7258 7260 7259
f 7261 7263 7262
f 7264 7266 7265
f 7267 7269 7268
f 7270 7272 7271
f 7273 7275 7274
f 7276 7278 7277
f 7279 7281 7280
f 7282 7284 7283
f 7285 7287 7286
f 7288 7290 7289
f 7291 7293 7292
f 7294 7296 7295
f 7297 7299 7298
f 7300 7302 7301
f 7303 7305 7304
f 7306 7308 7307
f 7309 7311 7310
f 7312 7314 7313
f 7315 7317 7316
f 7318 7320 7319
f 7321 7323 7322
f 7324 7326 7325
f 7327 7329 7328
f 7330 7332 7331
f 7333 7335 7334
f 7336 7338 7337
f 7339 7341 7340
f 7342 7344 7343
f 7345 7347 7346
f 7348 7350 7349
f 7351 7353 7352
f 7354 7356 7355
f 7357 7359 7358
f 7360 7362 7361
f 7363 7365 7364
f 7366 7368 7367
f 7369 7371 7370
f 7372 7374 7373
f 7375 7377 7376
f 7378 7380 7379
f 7381 7383 7382
f 7384 7386 7385
f 7387 7389 7388
f 7390 7392 7391
f 7393 7395 7394
f 7396 7398 7397
f 7399 7401 7400
f 7402 7404 7403
f 7405 7407 7406
f 7408 7410 7409
f 7411 7413 7412
f 7414 7416 7415
f 7417 7419 7418
f 7420 7422 7421
f 7423 7425 7424
f 7426 7428 7427
f 7429 7431 7430
f 7432 7434 7433
f 7435 7437 7436
f 7438 7440 7439
f 7441 7443 7442
f 7444 7446 7445
f 7447 7449 7448
f 7450 7452 7451
f 7453 7455 7454
f 7456 7458 7457
f 7459 7461 7460
f 7462 7464 7463
f 7465 7467 7466
f 7468 7470 7469
f 7471 7473 7472
f 7474 7476 7475
f 7477 7479 7478
f 7480 7482 7481
f 7483 7485 7484
f 7486 7488 7487
f 7489 7491 7490
f 7492 7494 7493
f 7495 7497 7496
f 7498 7500 7499
f 7501 7503 7502
f 7504 7506 7505
f 7507 7509 7508
f 7510 7512 7511
f 7513 7515 7514
f 7516 7518 7517
f 7519 7521 7520
f 7522 7524 7523
f 7525 7527 7526
f 7528 7530 7529
f 7531 7533 7532
f 7534 7536 7535
f 7537 7539 7538
f 7540 7542 7541
f 7543 7545 7544
f 7546 7548 7547
f 7549 7551 7550
f 7552 7554 7553
f 7555 7557 7556
f 7558 7560 7559
f 7561 7563 7562
f 7564 7566 7565
f 7567 7569 7568
f 7570 7572 7571
f 7573 7575 7574
f 7576 7578 7577
f 7579 7581 7580
f 7582 7584 7583
f 7585 7587 7586
f 7588 7590 7589
f 7591 7593 7592
f 7594 7596 7595
f 7597 7599 7598
f 7600 7602 7601
f 7603 7605 7604
f 7606 7608 7607
f 7609 7611 7610
f 7612 7614 7613
f 7615 7617 7616
f 7618 7620 7619
f 7621 7623 7622
f 7624 7626 7625
f 7627 7629 7628
f 7630 7632 7631
f 7633 7635 7634
f 7636 7638 7637
f 7639 7641 7640
f 7642 7644 7643
f 7645 7647 7646
f 7648 7650 7649
f 7651 7653 7652
f 7654 7656 7655
f 7657 7659 7658
f 7660 7662 7661
f 7663 7665 7664
f 7666 7668 7667
f 7669 7671 7670
f 7672 7674 7673
f 7675 7677 7676
f 7678 7680 7679
f 7681 7683 7682
f 7684 7686 7685
f 7687 7689 7688
f 7690 7692 7691
f 7693 7695 7694
f 7696 7698 7697
f 7699 7701 7700
f 7702 7704 7703
f 7705 7707 7706
f 7708 7710 7709
f 7711 7713 7712
f 7714 7716 7715
f 7717 7719 7718
f 7720 7722 7721
f 7723 7725 7724
f 7726 7728 7727
f 7729 7731 7730
f 7732 7734 7733
f 7735 7737 7736
f 7738 7740 7739
f 7741 7743 7742
f 7744 7746 7745
f 7747 7749 7748
f 7750 7752 7751
f 7753 7755 7754
f 7756 7758 7757
f 7759 7761 7760
f 7762 7764 7763
f 7765 7767 7766
f 7768 7770 7769
f 7771 7773 7772
f 7774 7776 7775
f 7777 7779 7778
f 7780 7782 7781
f 7783 7785 7784
f 7786 7788 7787
f 7789 7791 7790
f 7792 7794 7793
f 7795 7797 7796
f 7798 7800 7799
f 7801 7803 7802
f 7804 7806 7805
f 7807 7809 7808
f 7810 7812 7811
f 7813 7815 7814
f 7816 7818 7817
f 7819 7821 7820
f 7822 7824 7823
f 7825 7827 7826
f 7828 7830 7829
f 7831 7833 7832
f 7834 7836 7835
f 7837 7839 7838
f 7840 7842 7841
f 7843 7845 7844
f 7846 7848 7847
f 7849 7851 7850
f 7852 7854 7853
f 7855 7857 7856
f 7858 7860 7859
f 7861 7863 7862
f 7864 7866 7865
f 7867 7869 7868
f 7870 7872 7871
f 7873 7875 7874
f 7876 7878 7877
f 7879 7881 7880
f 7882 7884 7883
f 7885 7887 7886
f 7888 7890 7889
f 7891 7893 7892
f 7894 7896 7895
f 7897 7899 7898
f 7900 7902 7901
f 7903 7905 7904
f 7906 7908 7907
f 7909 7911 7910
f 7912 7914 7913
f 7915 7917 7916
f 7918 7920 7919
f 7921 7923 7922
f 7924 7926 7925
f 7927 7929 7928
f 7930 7932 7931
f 7933 7935 7934
f 7936 7938 7937
f 7939 7941 7940
f 7942 7944 7943
f 7945 7947 7946
f 7948 7950 7949
f 7951 7953 7952
f 7954 7956 7955
f 7957 7959 7958
f 7960 7962 7961
f 7963 7965 7964
f 7966 7968 7967
f 7969 7971 7970
f 7972 7974 7973
f 7975 7977 7976
f 7978 7980 7979
f 7981 7983 7982
f 7984 7986 7985
f 7987 7989 7988
f 7990 7992 7991
f 7993 7995 7994
f 7996 7998 7997
f 7999 8001 8000
f 8002 8004 8003
f 8005 8007 8006
f 8008 8010 8009
f 8011 8013 8012
f 8014 8016 8015
f 8017 8019 8018
f 8020 8022 8021
f 8023 8025 8024
f 8026 8028 8027
f 8029 8031 8030
f 8032 8034 8033
f 8035 8037 8036
f 8038 8040 8039
f 8041 8043 8042
f 8044 8046 8045
f 8047 8049 8048
f 8050 8052 8051
f 8053 8055 8054
f 8056 8058 8057
f 8059 8061 8060
f 8062 8064 8063
f 8065 8067 8066
f 8068 8070 8069
f 8071 8073 8072
f 8074 8076 8075
f 8077 8079 8078
f 8080 8082 8081
f 8083 8085 8084
f 8086 8088 8087
f 8089 8091 8090
f 8092 8094 8093
f 8095 8097 8096
f 8098 8100 8099
f 8101 8103 8102
f 8104 8106 8105
f 8107 8109 8108
f 8110 8112 8111
f 8113 8115 8114
f 8116 8118 8117
f 8119 8121 8120
f 8122 8124 8123
f 8125 8127 8126
f 8128 8130 8129
f 8131 8133 8132
f 8134 8136 8135
f 8137 8139 8138
f 8140 8142 8141
f 8143 8145 8144
f 8146 8148 8147
f 8149 8151 8150
f 8152 8154 8153
f 8155 8157 8156
f 8158 8160 8159
f 8161 8163 8162
f 8164 8166 8165
f 8167 8169 8168
f 8170 8172 8171
f 8173 8175 8174
f 8176 8178 8177
f 8179 8181 8180
f 8182 8184 8183
f 8185 8187 8186
f 8188 8190 8189
f 8191 8193 8192
f 8194 8196 8195
f 8197 8199 8198
f 8200 8202 8201
f 8203 8205 8204
f 8206 8208 8207
f 8209 8211 8210
f 8212 8214 8213
f 8215 8217 8216
f 8218 8220 8219
f 8221 8223 8222
f 8224 8226 8225
f 8227 8229 8228
f 8230 8232 8231
f 8233 8235 8234
f 8236 8238 8237
f 8239 8241 8240
f 8242 8244 8243
f 8245 8247 8246
f 8248 8250 8249
f 8251 8253 8252
f 8254 8256 8255
f 8257 8259 8258
f 8260 8262 8261
f 8263 8265 8264
f 8266 8268 8267
f 8269 8271 8270
f 8272 8274 8273
f 8275 8277 8276
f 8278 8280 8279
f 8281 8283 8282
f 8284 8286 8285
f 8287 8289 8288
f 8290 8292 8291
f 8293 8295 8294
f 8296 8298 8297
f 8299 8301 8300
f 8302 8304 8303
f 8305 8307 8306
f 8308 8310 8309
f 8311 8313 8312
f 8314 8316 8315
f 8317 8319 8318
f 8320 8322 8321
f 8323 8325 8324
f 8326 8328 8327
f 8329 8331 8330
f 8332 8334 8333
f 8335 8337 8336
f 8338 8340 8339
f 8341 8343 8342
f 8344 8346 8345
f 8347 8349 8348
f 8350 8352 8351
f 8353 8355 8354
f 8356 8358 8357
f 8359 8361 8360
f 8362 8364 8363
f 8365 8367 8366
f 8368 8370 8369
f 8371 8373 8372
f 8374 8376 8375
f 8377 8379 8378
f 8380 8382 8381
f 8383 8385 8384
f 8386 8388 8387
f 8389 8391 8390
f 8392 8394 8393
f 8395 8397 8396
f 8398 8400 8399
f 8401 8403 8402
f 8404 8406 8405
f 8407 8409 8408
f 8410 8412 8411
f 8413 8415 8414
f 8416 8418 8417
f 8419 8421 8420
f 8422 8424 8423
f 8425 8427 8426
f 8428 8430 8429
f 8431 8433 8432
f 8434 8436 8435
f 8437 8439 8438
f 8440 8442 8441
f 8443 8445 8444
f 8446 8448 8447
f 8449 8451 8450
f 8452 8454 8453
f 8455 8457 8456
f 8458 8460 8459
f 8461 8463 8462
f 8464 8466 8465
f 8467 8469 8468
f 8470 8472 8471
f 8473 8475 8474
f 8476 8478 8477
f 8479 8481 8480
f 8482 8484 8483
f 8485 8487 8486
f 8488 8490 8489
f 8491 8493 8492
f 8494 8496 8495
f 8497 8499 8498
f 8500 8502 8501
f 8503 8505 8504
f 8506 8508 8507
f 8509 8511 8510
f 8512 8514 8513
f 8515 8517 8516
f 8518 8520 8519
f 8521 8523 8522
f 8524 8526 8525
f 8527 8529 8528
f 8530 8532 8531
f 8533 8535 8534
f 8536 8538 8537
f 8539 8541 8540
f 8542 8544 8543
f 8545 8547 8546
f 8548 8550 8549
f 8551 8553 8552
f 8554 8556 8555
f 8557 8559 8558
f 8560 8562 8561
f 8563 8565 8564
f 8566 8568 8567
f 8569 8571 8570
f 8572 8574 8573
f 8575 8577 8576
f 8578 8580 8579
f 8581 8583 8582
f 8584 8586 8585
f 8587 8589 8588
f 8590 8592 8591
f 8593 8595 8594
f 8596 8598 8597
f 8599 8601 8600
f 8602 8604 8603
f 8605 8607 8606
f 8608 8610 8609
f 8611 8613 8612
f 8614 8616 8615
f 8617 8619 8618
f 8620 8622 8621
f 8623 8625 8624
f 8626 8628 8627
f 8629 8631 8630
f 8632 8634 8633
f 8635 8637 8636
f 8638 8640 8639
f 8641 8643 8642
f 8644 8646 8645
f 8647 8649 8648
f 8650 8652 8651
f 8653 8655 8654
f 8656 8658 8657
f 8659 8661 8660
f 8662 8664 8663
f 8665 8667 8666
f 8668 8670 8669
f 8671 8673 8672
f 8674 8676 8675
f 8677 8679 8678
f 8680 8682 8681
f 8683 8685 8684
f 8686 8688 8687
f 8689 8691 8690
f 8692 8694 8693
f 8695 8697 8696
f 8698 8700 8699
f 8701 8703 8702
f 8704 8706 8705
f 8707 8709 8708
f 8710 8712 8711
f 8713 8715 8714
f 8716 8718 8717
f 8719 8721 8720
f 8722 8724 8723
f 8725 8727 8726
f 8728 8730 8729
f 8731 8733 8732
f 8734 8736 8735
f 8737 8739 8738
f 8740 8742 8741
f 8743 8745 8744
f 8746 8748 8747
f 8749 8751 8750
f 8752 8754 8753
f 8755 8757 8756
f 8758 8760 8759
f 8761 8763 8762
f 8764 8766 8765
f 8767 8769 8768
f 8770 8772 8771
f 8773 8775 8774
f 8776 8778 8777
f 8779 8781 8780
f 8782 8784 8783
f 8785 8787 8786
f 8788 8790 8789
f 8791 8793 8792
f 8794 8796 8795
f 8797 8799 8798
f 8800 8802 8801
f 8803 8805 8804
f 8806 8808 8807
f 8809 8811 8810
f 8812 8814 8813
f 8815 8817 8816
f 8818 8820 8819
f 8821 8823 8822
f 8824 8826 8825
f 8827 8829 8828
f 8830 8832 8831
f 8833 8835 8834
f 8836 8838 8837
f 8839 8841 8840
f 8842 8844 8843
f 8845 8847 8846
f 8848 8850 8849
f 8851 8853 8852
f 8854 8856 8855
f 8857 8859 8858
f 8860 8862 8861
f 8863 8865 8864
f 8866 8868 8867
f 8869 8871 8870
f 8872 8874 8873
f 8875 8877 8876
f 8878 8880 8879
f 8881 8883 8882
f 8884 8886 8885
f 8887 8889 8888
f 8890 8892 8891
f 8893 8895 8894
f 8896 8898 8897
f 8899 8901 8900
f 8902 8904 8903
f 8905 8907 8906
f 8908 8910 8909
f 8911 8913 8912
f 8914 8916 8915
f 8917 8919 8918
f 8920 8922 8921
f 8923 8925 8924
f 8926 8928 8927
f 8929 8931 8930
f 8932 8934 8933
f 8935 8937 8936
f 8938 8940 8939
f 8941 8943 8942
f 8944 8946 8945
f 8947 8949 8948
f 8950 8952 8951
f 8953 8955 8954
f 8956 8958 8957
f 8959 8961 8960
f 8962 8964 8963
f 8965 8967 8966
f 8968 8970 8969
f 8971 8973 8972
f 8974 8976 8975
f 8977 8979 8978
f 8980 8982 8981
f 8983 8985 8984
f 8986 8988 8987
f 8989 8991 8990
f 8992 8994 8993
f 8995 8997 8996
f 8998 9000 8999
f 9001 9003 9002
f 9004 9006 9005
f 9007 9009 9008
f 9010 9012 9011
f 9013 9015 9014
f 9016 9018 9017
f 9019 9021 9020
f 9022 9024 9023
f 9025 9027 9026
f 9028 9030 9029
f 9031 9033 9032
f 9034 9036 9035
f 9037 9039 9038
f 9040 9042 9041
f 9043 9045 9044
f 9046 9048 9047
f 9049 9051 9050
f 9052 9054 9053
f 9055 9057 9056
f 9058 9060 9059
f 9061 9063 9062
f 9064 9066 9065
f 9067 9069 9068
f 9070 9072 9071
f 9073 9075 9074
f 9076 9078 9077
f 9079 9081 9080
f 9082 9084 9083
f 9085 9087 9086
f 9088 9090 9089
f 9091 9093 9092
f 9094 9096 9095
f 9097 9099 9098
f 9100 9102 9101
f 9103 9105 9104
f 9106 9108 9107
f 9109 9111 9110
f 9112 9114 9113
f 9115 9117 9116
f 9118 9120 9119
f 9121 9123 9122
f 9124 9126 9125
f 9127 9129 9128
f 9130 9132 9131
f 9133 9135 9134
f 9136 9138 9137
f 9139 9141 9140
f 9142 9144 9143
f 9145 9147 9146
f 9148 9150 9149
f 9151 9153 9152
f 9154 9156 9155
f 9157 9159 9158
f 9160 9162 9161
f 9163 9165 9164
f 9166 9168 9167
f 9169 9171 9170
f 9172 9174 9173
f 9175 9177 9176
f 9178 9180 9179
f 9181 9183 9182
f 9184 9186 9185
f 9187 9189 9188
f 9190 9192 9191
f 9193 9195 9194
f 9196 9198 9197
f 9199 9201 9200
f 9202 9204 9203
f 9205 9207 9206
f 9208 9210 9209
f 9211 9213 9212
f 9214 9216 9215
f 9217 9219 9218
f 9220 9222 9221
f 9223 9225 9224
f 9226 9228 9227
f 9229 9231 9230
f 9232 9234 9233
f 9235 9237 9236
f 9238 9240 9239
f 9241 9243 9242
f 9244 9246 9245
f 9247 9249 9248
f 9250 9252 9251
f 9253 9255 9254
f 9256 9258 9257
f 9259 9261 9260
f 9262 9264 9263
f 9265 9267 9266
f 9268 9270 9269
f 9271 9273 9272
f 9274 9276 9275
f 9277 9279 9278
f 9280 9282 9281
f 9283 9285 9284
f 9286 9288 9287
f 9289 9291 9290
f 9292 9294 9293
f 9295 9297 9296
f 9298 9300 9299
f 9301 9303 9302
f 9304 9306 9305
f 9307 9309 9308
f 9310 9312 9311
f 9313 9315 9314
f 9316 9318 9317
f 9319 9321 9320
f 9322 9324 9323
f 9325 9327 9326
f 9328 9330 9329
f 9331 9333 9332
f 9334 9336 9335
f 9337 9339 9338
f 9340 9342 9341
f 9343 9345 9344
f 9346 9348 9347
f 9349 9351 9350
f 9352 9354 9353
f 9355 9357 9356
f 9358 9360 9359
f 9361 9363 9362
f 9364 9366 9365
f 9367 9369 9368
f 9370 9372 9371
f 9373 9375 9374
f 9376 9378 9377
f 9379 9381 9380
f 9382 9384 9383
f 9385 9387 9386
f 9388 9390 9389
f 9391 9393 9392
f 9394 9396 9395
f 9397 9399 9398
f 9400 9402 9401
f 9403 9405 9404
f 9406 9408 9407
f 9409 9411 9410
f 9412 9414 9413
f 9415 9417 9416
f 9418 9420 9419
f 9421 9423 9422
f 9424 9426 9425
f 9427 9429 9428
f 9430 9432 9431
f 9433 9435 9434
f 9436 9438 9437
f 9439 9441 9440
f 9442 9444 9443
f 9445 9447 9446
f 9448 9450 9449
f 9451 9453 9452
f 9454 9456 9455
f 9457 9459 9458
f 9460 9462 9461
f 9463 9465 9464
f 9466 9468 9467
f 9469 9471 9470
f 9472 9474 9473
f 9475 9477 9476
f 9478 9480 9479
f 9481 9483 9482
f 9484 9486 9485
f 9487 9489 9488
f 9490 9492 9491
f 9493 9495 9494
f 9496 9498 9497
f 9499 9501 9500
f 9502 9504 9503
f 9505 9507 9506
f 9508 9510 9509
f 9511 9513 9512
f 9514 9516 9515
f 9517 9519 9518
f 9520 9522 9521
f 9523 9525 9524
f 9526 9528 9527
f 9529 9531 9530
f 9532 9534 9533
f 9535 9537 9536
f 9538 9540 9539
f 9541 9543 9542
f 9544 9546 9545
f 9547 9549 9548
f 9550 9552 9551
f 9553 9555 9554
f 9556 9558 9557
f 9559 9561 9560
f 9562 9564 9563
f 9565 9567 9566
f 9568 9570 9569
f 9571 9573 9572
f 9574 9576 9575
f 9577 9579 9578
f 9580 9582 9581
f 9583 9585 9584
f 9586 9588 9587
f 9589 9591 9590
f 9592 9594 9593
f 9595 9597 9596
f 9598 9600 9599
f 9601 9603 9602
f 9604 9606 9605
f 9607 9609 9608
f 9610 9612 9611
f 9613 9615 9614
f 9616 9618 9617
f 9619 9621 9620
f 9622 9624 9623
f 9625 9627 9626
f 9628 9630 9629
f 9631 9633 9632
f 9634 9636 9635
f 9637 9639 9638
f 9640 9642 9641
f 9643 9645 9644
f 9646 9648 9647
f 9649 9651 9650
f 9652 9654 9653
f 9655 9657 9656
f 9658 9660 9659
f 9661 9663 9662
f 9664 9666 9665
f 9667 9669 9668
f 9670 9672 9671
f 9673 9675 9674
f 9676 9678 9677
f 9679 9681 9680
f 9682 9684 9683
f 9685 9687 9686
f 9688 9690 9689
f 9691 9693 9692
f 9694 9696 9695
f 9697 9699 9698
f 9700 9702 9701
f 9703 9705 9704
f 9706 9708 9707
f 9709 9711 9710
f 9712 9714 9713
f 9715 9717 9716
f 9718 9720 9719
f 9721 9723 9722
f 9724 9726 9725
f 9727 9729 9728
f 9730 9732 9731
f 9733 9735 9734
f 9736 9738 9737
f 9739 9741 9740
f 9742 9744 9743
f 9745 9747 9746
f 9748 9750 9749
f 9751 9753 9752
f 9754 9756 9755
f 9757 9759 9758
f 9760 9762 9761
f 9763 9765 9764
f 9766 9768 9767
f 9769 9771 9770
f 9772 9774 9773
f 9775 9777 9776
f 9778 9780 9779
f 9781 9783 9782
f 9784 9786 9785
f 9787 9789 9788
f 9790 9792 9791
f 9793 9795 9794
f 9796 9798 9797
f 9799 9801 9800
f 9802 9804 9803
f 9805 9807 9806
f 9808 9810 9809
f 9811 9813 9812
f 9814 9816 9815
f 9817 9819 9818
f 9820 9822 9821
f 9823 9825 9824
f 9826 9828 9827
f 9829 9831 9830
f 9832 9834 9833
f 9835 9837 9836
f 9838 9840 9839
f 9841 9843 9842
f 9844 9846 9845
f 9847 9849 9848
f 9850 9852 9851
f 9853 9855 9854
f 9856 9858 9857
f 9859 9861 9860
f 9862 9864 9863
f 9865 9867 9866
f 9868 9870 9869
f 9871 9873 9872
f 9874 9876 9875
f 9877 9879 9878
f 9880 9882 9881
f 9883 9885 9884
f 9886 9888 9887
f 9889 9891 9890
f 9892 9894 9893
f 9895 9897 9896
f 9898 9900 9899
f 9901 9903 9902
f 9904 9906 9905
f 9907 9909 9908
f 9910 9912 9911
f 9913 9915 9914
f 9916 9918 9917
f 9919 9921 9920
f 9922 9924 9923
f 9925 9927 9926
f 9928 9930 9929
f 9931 9933 9932
f 9934 9936 9935
f 9937 9939 9938
f 9940 9942 9941
f 9943 9945 9944
f 9946 9948 9947
f 9949 9951 9950
f 9952 9954 9953
f 9955 9957 9956
f 9958 9960 9959
f 9961 9963 9962
f 9964 9966 9965
f 9967 9969 9968
f 9970 9972 9971
f 9973 9975 9974
f 9976 9978 9977
f 9979 9981 9980
f 9982 9984 9983
f 9985 9987 9986
f 9988 9990 9989
f 9991 9993 9992
f 9994 9996 9995
f 9997 9999 9998
f 10000 10002 10001
f 10003 10005 10004
f 10006 10008 10007
f 10009 10011 10010
f 10012 10014 10013
f 10015 10017 10016
f 10018 10020 10019
f 10021 10023 10022
f 10024 10026 10025
f 10027 10029 10028
f 10030 10032 10031
f 10033 10035 10034
f 10036 10038 10037
f 10039 10041 10040
f 10042 10044 10043
f 10045 10047 10046
f 10048 10050 10049
f 10051 10053 10052
f 10054 10056 10055
f 10057 10059 10058
f 10060 10062 10061
f 10063 10065 10064
f 10066 10068 10067
f 10069 10071 10070
f 10072 10074 10073
f 10075 10077 10076
f 10078 10080 10079
f 10081 10083 10082
f 10084 10086 10085
f 10087 10089 10088
f 10090 10092 10091
f 10093 10095 10094
f 10096 10098 10097
f 10099 10101 10100
f 10102 10104 10103
f 10105 10107 10106
f 10108 10110 10109
f 10111 10113 10112
f 10114 10116 10115
f 10117 10119 10118
f 10120 10122 10121
f 10123 10125 10124
f 10126 10128 10127
f 10129 10131 10130
f 10132 10134 10133
f 10135 10137 10136
f 10138 10140 10139
f 10141 10143 10142
f 10144 10146 10145
f 10147 10149 10148
f 10150 10152 10151
f 10153 10155 10154
f 10156 10158 10157
f 10159 10161 10160
f 10162 10164 10163
f 10165 10167 10166
f 10168 10170 10169
f 10171 10173 10172
f 10174 10176 10175
f 10177 10179 10178
f 10180 10182 10181
f 10183 10185 10184
f 10186 10188 10187
f 10189 10191 10190
f 10192 10194 10193
f 10195 10197 10196
f 10198 10200 10199
f 10201 10203 10202
f 10204 10206 10205
f 10207 10209 10208
f 10210 10212 10211
f 10213 10215 10214
f 10216 10218 10217
f 10219 10221 10220
f 10222 10224 10223
f 10225 10227 10226
f 10228 10230 10229
f 10231 10233 10232
f 10234 10236 10235
f 10237 10239 10238
f 10240 10242 10241
f 10243 10245 10244
f 10246 10248 10247
f 10249 10251 10250
f 10252 10254 10253
f 10255 10257 10256
f 10258 10260 10259
f 10261 10263 10262
f 10264 10266 10265
f 10267 10269 10268
f 10270 10272 10271
f 10273 10275 10274
f 10276 10278 10277
f 10279 10281 10280
f 10282 10284 10283
f 10285 10287 10286
f 10288 10290 10289
f 10291 10293 10292
f 10294 10296 10295
f 10297 10299 10298
f 10300 10302 10301
f 10303 10305 10304
f 10306 10308 10307
f 10309 10311 10310
f 10312 10314 10313
f 10315 10317 10316
f 10318 10320 10319
f 10321 10323 10322
f 10324 10326 10325
f 10327 10329 10328
f 10330 10332 10331
f 10333 10335 10334
f 10336 10338 10337
f 10339 10341 10340
f 10342 10344 10343
f 10345 10347 10346
f 10348 10350 10349
f 10351 10353 10352
f 10354 10356 10355
f 10357 10359 10358
f 10360 10362 10361
f 10363 10365 10364
f 10366 10368 10367
f 10369 10371 10370
f 10372 10374 10373
f 10375 10377 10376
f 10378 10380 10379
f 10381 10383 10382
f 10384 10386 10385
f 10387 10389 10388
f 10390 10392 10391
f 10393 10395 10394
f 10396 10398 10397
f 10399 10401 10400
f 10402 10404 10403
f 10405 10407 10406
f 10408 10410 10409
f 10411 10413 10412
f 10414 10416 10415
f 10417 10419 10418
f 10420 10422 10421
f 10423 10425 10424
f 10426 10428 10427
f 10429 10431 10430
f 10432 10434 10433
f 10435 10437 10436
f 10438 10440 10439
f 10441 10443 10442
f 10444 10446 10445
f 10447 10449 10448
f 10450 10452 10451
f 10453 10455 10454
f 10456 10458 10457
f 10459 10461 10460
f 10462 10464 10463
f 10465 10467 10466
f 10468 10470 10469
f 10471 10473 10472
f 10474 10476 10475
f 10477 10479 10478
f 10480 10482 10481
f 10483 10485 10484
f 10486 10488 10487
f 10489 10491 10490
f 10492 10494 10493
f 10495 10497 10496
f 10498 10500 10499
f 10501 10503 10502
f 10504 10506 10505
f 10507 10509 10508
f 10510 10512 10511
f 10513 10515 10514
f 10516 10518 10517
f 10519 10521 10520
f 10522 10524 10523
f 10525 10527 10526
f 10528 10530 10529
f 10531 10533 10532
f 10534 10536 10535
f 10537 10539 10538
f 10540 10542 10541
f 10543 10545 10544
f 10546 10548 10547
f 10549 10551 10550
f 10552 10554 10553
f 10555 10557 10556
f 10558 10560 10559
f 10561 10563 10562
f 10564 10566 10565
f 10567 10569 10568
f 10570 10572 10571
f 10573 10575 10574
f 10576 10578 10577
f 10579 10581 10580
f 10582 10584 10583
f 10585 10587 10586
f 10588 10590 10589
f 10591 10593 10592
f 10594 10596 10595
f 10597 10599 10598
f 10600 10602 10601
# 10602 vertices
# 0 texture params
# 0 normals
# 3534 facets

# 1 groups
